{
    "virtual_best": 9889.64,
    "single_best": 118952.98,
    "passive_learning": 330140.26,
    "active_learning": [
        293853.51,
        294471.4,
        293914.89,
        330066.45,
        366084.82,
        367010.64,
        366897.54,
        366279.39999999997,
        365939.0,
        365834.17,
        365993.83,
        294179.38,
        294181.62,
        258181.78,
        258182.25,
        294088.23,
        293810.7,
        257894.41999999998,
        257811.50999999998,
        261363.31,
        260767.35,
        260767.35,
        221888.96,
        221900.96,
        224518.75,
        224361.44999999998,
        224500.59,
        225340.56,
        260891.6,
        260889.22999999998,
        260889.22999999998,
        260893.27,
        260893.27,
        260893.27,
        260893.27,
        260893.27,
        260893.27,
        260893.27,
        260893.27,
        260893.27,
        260893.27,
        260893.27,
        260893.27,
        260893.27,
        260893.27,
        260889.22999999998,
        260889.22999999998,
        260889.22999999998,
        260889.22999999998,
        260889.22999999998,
        260889.22999999998,
        260889.22999999998,
        294269.57,
        294261.0,
        294173.65,
        330152.46,
        294160.32,
        330144.83,
        330144.3,
        330144.83,
        330144.3
    ]
}