{
    "virtual_best": 10095.14,
    "single_best": 154520.4,
    "passive_learning": 113932.79000000001,
    "active_learning": [
        323252.04,
        359227.14,
        323165.63,
        396414.79,
        360710.58,
        360449.08999999997,
        325274.64999999997,
        324196.3,
        253352.63999999998,
        253352.63999999998,
        253281.35,
        253295.6,
        218881.65,
        186175.84,
        186175.02,
        186225.16999999998,
        186240.1,
        186155.74,
        186170.66999999998,
        186155.74,
        186155.74,
        150227.93,
        115239.45999999999,
        115239.45999999999,
        115309.70999999999,
        115309.70999999999,
        114240.67000000001,
        114190.51000000001,
        114008.66,
        114006.98999999999,
        114006.98999999999,
        114006.98999999999,
        114006.98999999999,
        114006.98999999999,
        114006.98999999999,
        114006.98999999999,
        114006.98999999999,
        114006.98999999999,
        114006.98999999999,
        114006.98999999999,
        114006.98999999999,
        114006.98999999999,
        113956.82999999999,
        113956.82999999999,
        114006.98999999999,
        114006.98999999999,
        114006.98999999999,
        114006.98999999999,
        113956.82999999999,
        113956.82999999999,
        113956.82999999999,
        113956.82999999999,
        113933.14000000001,
        113982.31,
        113890.66,
        113982.95000000001,
        148324.82,
        113892.62,
        113981.95000000001,
        113981.95000000001,
        113981.95000000001
    ]
}