{
    "virtual_best": 7864.02,
    "single_best": 8611.46,
    "passive_learning": 8870.01,
    "active_learning": [
        226300.29,
        297847.0,
        300000.74,
        298020.62,
        444171.67,
        516679.69,
        297816.20999999996,
        297816.20999999996,
        443969.6,
        297841.5,
        297813.87,
        370497.83999999997,
        227508.45,
        266084.50999999995,
        47198.45,
        227541.43,
        44543.71,
        8777.69,
        8867.67,
        8867.67,
        8867.69,
        227731.17,
        227731.17,
        227851.36000000002,
        8867.67,
        227731.22,
        8867.67,
        8890.27,
        8890.27,
        8870.01,
        8892.59,
        8892.59
    ]
}