{
    "virtual_best": 2004.66,
    "single_best": 185295.02,
    "passive_learning": 38043.43,
    "active_learning": [
        75817.15000000001,
        38320.92,
        73269.48000000001,
        73415.03,
        38668.11,
        73507.49,
        37911.59,
        37911.939999999995,
        37911.95,
        37889.7,
        2418.21,
        37889.78,
        37902.6,
        37902.6,
        37900.83,
        37900.83,
        37952.88,
        38082.76,
        38043.35,
        38043.369999999995,
        38043.35,
        38043.369999999995,
        38043.38,
        2549.65,
        38043.43,
        38043.43,
        38043.42,
        38043.42,
        38043.42,
        38043.43,
        38043.45,
        38043.45
    ]
}