{
    "virtual_best": 2595.73,
    "single_best": 294572.73,
    "passive_learning": 111860.75,
    "active_learning": [
        221313.88,
        184683.87,
        113861.31,
        76921.4,
        148557.39,
        40555.450000000004,
        112100.06999999999,
        112145.56,
        40622.32,
        148083.86000000002,
        76339.29,
        76182.45,
        112075.56,
        148060.09,
        112051.93999999999,
        112185.93,
        148081.87,
        147801.11000000002,
        111925.28,
        111941.9,
        111988.68999999999,
        112114.59999999999,
        111991.04999999999,
        111840.73999999999,
        147819.65000000002,
        147895.32,
        147978.89,
        147935.93000000002,
        147822.98,
        147821.89,
        147821.89,
        147821.89,
        147821.89,
        147821.89,
        147821.89,
        147821.89,
        147821.89,
        147821.89,
        147821.89,
        147821.89,
        147821.89,
        147821.89,
        147821.89,
        147821.89,
        147821.89,
        147821.89,
        147821.89,
        147821.89,
        147821.89,
        147821.89,
        147821.89,
        147821.89,
        112331.59999999999,
        111846.0,
        147945.49000000002,
        111930.73999999999,
        147883.81
    ]
}