{
    "virtual_best": 2741.42,
    "single_best": 222900.42,
    "passive_learning": 330044.23,
    "active_learning": [
        296258.34,
        257563.42,
        43755.15,
        222972.71000000002,
        365629.67,
        149311.57,
        258183.22,
        220974.66,
        150016.93000000002,
        364801.99,
        331327.69,
        402773.67,
        438199.26,
        402496.0,
        330172.78,
        366515.66000000003,
        366462.08,
        366110.68,
        403058.25,
        330449.52,
        365994.31,
        330237.27,
        366118.61,
        330175.63,
        366416.27,
        402258.71,
        402394.76,
        401858.46,
        438512.66000000003,
        401837.69,
        401837.69,
        401837.69,
        401837.69,
        401837.69,
        401837.69,
        401837.69,
        401837.69,
        401837.69,
        401837.69,
        401837.69,
        401837.69,
        401837.69,
        401837.69,
        401837.69,
        401837.69,
        401837.69,
        401837.69,
        401837.69,
        401837.69,
        401837.69,
        401837.69,
        401837.69,
        402253.78,
        329983.16000000003,
        402971.49,
        402699.23,
        366714.77
    ]
}