{
    "virtual_best": 9788.61,
    "single_best": 149910.62,
    "passive_learning": 325567.96,
    "active_learning": [
        225636.97,
        326494.88,
        253900.99,
        290654.38,
        218961.5,
        362915.47000000003,
        362650.67000000004,
        363148.9,
        326920.64,
        326596.41000000003,
        398293.72000000003,
        398292.84,
        398327.26,
        322277.9,
        359037.78,
        326554.12,
        362537.97000000003,
        395356.65,
        362759.01,
        362485.7,
        290791.32,
        290826.91000000003,
        327124.94,
        326791.16000000003,
        327107.02,
        326197.05000000005,
        326197.05000000005,
        327051.95,
        327051.95,
        290830.83,
        290823.86,
        326820.63,
        326790.48000000004,
        326837.44,
        291051.08,
        291100.36,
        290875.46,
        290875.46,
        324140.33,
        324140.33,
        324034.02,
        324034.02,
        324025.64,
        324382.76,
        323667.62,
        323667.62,
        323363.31,
        323363.31,
        323363.31,
        323363.31,
        323363.31,
        323363.31,
        323363.31,
        323298.08,
        323299.92000000004,
        326431.15,
        326466.73000000004,
        325752.18,
        325752.18,
        325752.18,
        325752.18,
        326028.63,
        362140.65,
        326640.59,
        325606.93,
        292560.71,
        292569.10000000003
    ]
}