{
    "virtual_best": 6115.33,
    "single_best": 78592.09,
    "passive_learning": 69747.58,
    "active_learning": [
        68821.45999999999,
        68752.32,
        68897.47,
        68843.64,
        69185.15,
        69116.54999999999,
        69164.42,
        69163.54000000001,
        105213.13,
        104978.70999999999,
        32778.88,
        104776.91,
        104776.91,
        68779.97,
        104776.98999999999,
        176587.53,
        104691.57999999999,
        104691.57999999999,
        140692.65,
        140683.37,
        140692.65,
        68785.26000000001,
        104691.13999999998,
        68684.33,
        68782.54000000001,
        68782.54000000001,
        68782.54000000001,
        69634.43,
        69634.43,
        68782.54000000001,
        69731.67,
        105731.34,
        68777.51999999999,
        68772.51000000001,
        69733.66,
        68785.26000000001,
        104781.76000000001,
        104781.76000000001,
        68965.48999999999,
        68965.48999999999,
        68965.48999999999,
        68965.48999999999,
        104781.48000000001,
        104781.48000000001,
        104757.29000000001,
        104757.29000000001,
        104781.63999999998,
        104781.63999999998,
        104781.63999999998,
        104781.63999999998,
        104781.63999999998,
        104781.63999999998,
        104781.63999999998,
        104757.29000000001,
        104757.29000000001,
        105120.12,
        104845.23999999999,
        104750.28,
        104750.28,
        68741.85,
        68741.85,
        140769.53,
        104699.29999999999,
        104718.4,
        104766.48999999999,
        104875.69,
        104876.82
    ]
}