{
    "virtual_best": 2974.4,
    "single_best": 223818.31,
    "passive_learning": 402458.12000000005,
    "active_learning": [
        691996.0299999999,
        618333.1799999999,
        619734.9199999999,
        690410.46,
        691340.95,
        546315.47,
        439425.45,
        403167.65,
        367499.64,
        437686.66000000003,
        401879.39,
        437699.9,
        474348.94,
        437152.42000000004,
        437932.92000000004,
        437436.80000000005,
        401106.64,
        401686.74000000005,
        366459.89,
        330180.97000000003,
        330329.76,
        401534.88,
        365875.09,
        365897.26,
        330209.82,
        330371.35000000003,
        330649.03,
        330810.56,
        330702.95,
        330702.95,
        330824.77,
        366731.78,
        330454.58,
        330454.58,
        437955.27,
        437955.27,
        437955.27,
        437955.27,
        437955.27,
        437955.27,
        437955.27,
        437955.27,
        437955.27,
        437955.27,
        437955.27,
        437955.27,
        437955.27,
        437955.27,
        437955.27,
        437955.27,
        437934.58,
        437973.09,
        402022.32,
        365986.15,
        366608.69
    ]
}