{
    "virtual_best": 1896.5,
    "single_best": 185042.53,
    "passive_learning": 148932.41,
    "active_learning": [
        293088.25,
        400650.54000000004,
        329351.22000000003,
        257914.94999999998,
        293412.98000000004,
        257007.16999999998,
        220822.37,
        221032.81,
        112888.87999999999,
        184365.13999999998,
        148403.47,
        220163.52,
        184102.76,
        220152.58,
        184344.48,
        184331.8,
        148447.57,
        184322.19,
        148855.87,
        184592.91,
        112865.62,
        148783.28,
        112912.51,
        184789.59,
        112786.53,
        112654.26,
        112768.87999999999,
        112768.11,
        112778.59999999999,
        112687.98,
        112779.36,
        112779.36,
        148574.53,
        148574.53,
        148428.81,
        148428.81,
        148428.81,
        148428.81,
        148428.81,
        148428.81,
        148428.81,
        148428.81,
        148428.81,
        148428.81,
        148428.81,
        148428.81,
        148428.81,
        148428.81,
        148428.81,
        148428.81,
        148428.81,
        148428.81,
        148480.3,
        113060.29,
        112592.89
    ]
}