{
    "virtual_best": 3016.7,
    "single_best": 232159.22,
    "passive_learning": 259205.88999999998,
    "active_learning": [
        762508.49,
        474904.95,
        226989.52,
        153227.31,
        44228.89,
        43040.29,
        43835.770000000004,
        79992.01999999999,
        79653.2,
        114966.95999999999,
        116450.28,
        187909.86,
        258988.94,
        187710.68,
        367997.61,
        330473.93,
        223059.63999999998,
        331534.56,
        437361.68,
        223279.84,
        223343.05
    ]
}