{
    "virtual_best": 5007.99,
    "single_best": 437313.02,
    "passive_learning": 293958.51,
    "active_learning": [
        473036.04,
        437518.87,
        295430.0,
        258080.05,
        258406.22999999998,
        222903.4,
        221978.03,
        150972.47,
        186455.04,
        185831.04,
        222058.58,
        221585.81,
        293457.5,
        258019.97,
        221438.58,
        293057.55,
        257548.94999999998,
        293457.37,
        293454.56,
        293425.27999999997,
        293671.69
    ]
}