{
    "virtual_best": 2559.1,
    "single_best": 328781.18,
    "passive_learning": 76108.06999999999,
    "active_learning": [
        329055.45999999996,
        327508.94999999995,
        292060.13999999996,
        291660.43,
        220694.49000000002,
        183594.17,
        112208.23999999999,
        111857.62,
        147939.11000000002,
        76087.72,
        40350.600000000006,
        76603.0,
        112373.79,
        111681.09999999999,
        76500.73999999999,
        76223.54,
        76103.4,
        76366.97,
        76010.40999999999,
        76178.62,
        75990.84,
        76535.98,
        76513.45,
        76513.73,
        76513.62,
        76172.06999999999,
        76172.06999999999,
        76161.40999999999,
        76290.19,
        76290.31,
        76290.19,
        76352.22,
        76352.22,
        76352.22,
        76352.22,
        76352.34,
        76352.22,
        76352.22,
        76352.22,
        76352.22,
        76352.17,
        76352.22,
        112145.93,
        112145.93,
        112145.93,
        112146.05,
        112146.05,
        112145.93,
        112145.93,
        112145.87999999999,
        112145.87999999999,
        76352.22,
        76352.34,
        76352.17,
        76352.17,
        76352.22,
        76352.22,
        76352.22,
        76352.22,
        76352.22,
        76352.22,
        76352.22,
        76352.22,
        76352.17,
        76352.34
    ]
}