{
    "virtual_best": 3120.67,
    "single_best": 223286.53,
    "passive_learning": 329963.47,
    "active_learning": [
        187666.81,
        80025.65,
        152418.61000000002,
        189346.69,
        188438.59,
        116365.06999999999,
        151644.07,
        8830.37,
        152012.78,
        330095.35,
        401042.66,
        473516.17,
        473235.5,
        437488.07999999996,
        473272.3,
        473045.95999999996,
        438643.1,
        474885.08999999997,
        437347.89999999997,
        437273.63,
        437961.61,
        474220.56,
        617531.9199999999,
        474005.57999999996,
        509328.94999999995,
        474220.83999999997,
        473938.17,
        474081.87,
        366022.88,
        365785.82,
        365981.36,
        508653.49,
        508653.49,
        508653.49,
        508653.49,
        508653.49,
        508653.49,
        508653.49,
        472671.26999999996,
        508849.01999999996,
        508653.49,
        508675.88999999996,
        508843.0,
        508865.07999999996,
        508843.0,
        508843.0,
        508843.0,
        473096.02999999997,
        508882.69999999995,
        508843.0,
        473096.02999999997,
        472900.49,
        472866.81,
        472693.68,
        472866.81,
        508613.77999999997,
        508653.49,
        508613.77999999997,
        472866.81,
        472671.26999999996,
        472866.81,
        508613.77999999997,
        472671.26999999996,
        508613.77999999997,
        508613.77999999997
    ]
}