{
    "virtual_best": 3145.28,
    "single_best": 259918.25,
    "passive_learning": 474904.29,
    "active_learning": [
        260634.24,
        188937.73,
        367596.39999999997,
        79411.68000000001,
        187144.47,
        295180.14999999997,
        187851.62,
        258247.54,
        295388.76999999996,
        294942.39999999997,
        473564.31,
        402558.1,
        510009.22,
        473942.44999999995,
        509630.38999999996,
        509718.01999999996,
        367027.49,
        438412.55,
        366110.51999999996,
        510046.73
    ]
}