{
    "virtual_best": 2099.23,
    "single_best": 327435.65,
    "passive_learning": 147889.83000000002,
    "active_learning": [
        256134.62,
        183725.01,
        183595.83000000002,
        148037.13,
        112287.67,
        40642.73,
        41079.22,
        41043.4,
        111929.8,
        183940.86000000002,
        148226.56,
        111436.84,
        183605.84,
        183141.1,
        183332.57,
        112018.14,
        183758.38,
        147369.30000000002,
        147789.51,
        183482.86000000002
    ]
}