{
    "virtual_best": 7598.93,
    "single_best": 149946.41,
    "passive_learning": 181463.88,
    "active_learning": [
        215081.32,
        214919.86,
        215954.22999999998,
        214952.77000000002,
        214907.72999999998,
        250896.77999999997,
        179965.57,
        180069.69,
        179167.84000000003,
        178512.81,
        178512.81,
        178495.96000000002,
        178572.27000000002,
        142582.08000000002,
        178670.26,
        142680.05,
        178434.27000000002,
        179301.34999999998,
        215298.15000000002,
        142457.86,
        251277.64,
        179270.25,
        215240.11,
        215065.26,
        215342.99,
        215321.34999999998,
        251432.06,
        251459.66999999998,
        251459.66999999998
    ]
}