{
    "virtual_best": 8636.23,
    "single_best": 77948.0,
    "passive_learning": 257875.55,
    "active_learning": [
        185258.0,
        185269.64,
        185456.52000000002,
        185474.26,
        221199.36,
        293038.05,
        221090.41999999998,
        185131.37,
        185176.02000000002,
        183648.46000000002,
        148419.28,
        183712.34000000003,
        184313.49,
        184829.69,
        183709.89,
        183712.97999999998,
        219959.39,
        255944.08000000002,
        256346.24,
        256336.87,
        256128.78999999998,
        255971.96999999997,
        255431.21999999997,
        255802.18,
        255792.95,
        258196.5,
        222262.99,
        254774.46000000002,
        254806.0
    ]
}