{
    "virtual_best": 10259.15,
    "single_best": 223452.67,
    "passive_learning": 257063.84000000003,
    "active_learning": [
        295704.37,
        291898.88,
        294789.84,
        294839.91,
        328836.41,
        294703.27999999997,
        327302.98,
        327224.2,
        292833.05,
        294861.75,
        258303.72999999998,
        221175.76,
        185134.44,
        221352.02999999997,
        255171.39,
        222332.7,
        222278.65000000002,
        224157.55,
        257075.03999999998,
        221116.39,
        257074.09999999998,
        255195.34999999998,
        221106.38,
        221105.19,
        255184.94,
        221105.19,
        221105.19,
        221105.59000000003,
        221105.59000000003
    ]
}