{
    "virtual_best": 10374.91,
    "single_best": 149977.94,
    "passive_learning": 329501.63,
    "active_learning": [
        185163.95,
        185255.40000000002,
        254222.57,
        292267.37,
        256714.43,
        256710.06,
        220748.32,
        188225.46999999997,
        256148.36,
        295267.39,
        219967.01,
        328627.6,
        224258.77999999997,
        260322.57,
        151603.53,
        295765.44,
        260097.89,
        260102.77000000002,
        296651.02999999997,
        296273.49,
        260380.8,
        263336.29,
        292950.41,
        329501.52999999997,
        293665.64,
        329482.66,
        292947.05,
        293615.81,
        329431.86
    ]
}