{
    "virtual_best": 7899.44,
    "single_best": 115833.75,
    "passive_learning": 215784.84,
    "active_learning": [
        143645.23,
        143714.73,
        143658.01,
        143905.82,
        179536.04,
        213454.19,
        179568.86000000002,
        179287.91,
        179371.69,
        215217.67,
        143524.04,
        179770.66,
        179728.27000000002,
        143737.83,
        179399.05000000002,
        179394.53,
        146854.75,
        183227.87,
        215792.96000000002,
        215800.89,
        215797.16,
        183242.25,
        183242.39,
        183247.04,
        215802.45,
        183254.99000000002,
        183247.04,
        183247.04,
        183247.04
    ]
}