{
    "virtual_best": 9112.95,
    "single_best": 146206.42,
    "passive_learning": 288709.77,
    "active_learning": [
        216602.79,
        216586.31,
        252789.55000000002,
        251572.66,
        218528.39,
        219352.43,
        218422.75,
        290362.62,
        218394.63,
        323164.32,
        286147.06,
        217403.25,
        323712.78,
        216034.24000000002,
        216074.48,
        289000.58,
        253208.05000000002,
        253074.39,
        289071.41,
        289065.05,
        255663.11000000002,
        289019.1,
        288707.93,
        255699.14,
        288709.77,
        288695.5,
        289019.45,
        289019.45,
        288696.08
    ]
}