{
    "virtual_best": 2292.96,
    "single_best": 401966.04,
    "passive_learning": 112193.84999999999,
    "active_learning": [
        435397.06,
        255113.32,
        255294.97999999998,
        291046.03,
        183687.15,
        147668.84,
        112014.45,
        147657.82,
        147604.8,
        147579.12,
        111490.84,
        147650.09,
        112633.23,
        112509.62,
        111791.73,
        111906.70999999999,
        147876.27,
        76312.22,
        112007.43,
        76400.01,
        76497.42
    ]
}