{
    "virtual_best": 2652.88,
    "single_best": 223430.75,
    "passive_learning": 258347.03,
    "active_learning": [
        448338.08,
        440604.7,
        329394.27,
        511001.12,
        403576.39,
        365913.60000000003,
        186802.46,
        366293.62,
        366107.16000000003,
        293800.75,
        258527.74,
        258605.96,
        293630.35000000003,
        294102.30000000005,
        258331.93,
        365749.14,
        258770.94,
        366520.79000000004,
        257759.16999999998,
        329396.0,
        330200.25
    ]
}