{
    "virtual_best": 6390.46,
    "single_best": 109447.34,
    "passive_learning": 249334.31999999998,
    "active_learning": [
        214421.31,
        214290.09999999998,
        214064.06,
        178113.28,
        142067.4,
        178027.94,
        178126.03,
        178223.78999999998,
        178260.12,
        177883.91,
        177913.59999999998,
        177850.31999999998,
        177816.81999999998,
        142174.76,
        177850.31999999998,
        177771.25,
        177800.94999999998,
        177801.59999999998,
        177800.94999999998,
        177766.3,
        177766.3,
        177854.83,
        213555.5,
        213554.97,
        214031.52,
        213481.08,
        213391.94,
        213391.41,
        213391.41
    ]
}