{
    "virtual_best": 9839.27,
    "single_best": 149404.69,
    "passive_learning": 326961.42,
    "active_learning": [
        184737.21,
        149688.11,
        113572.93000000001,
        147464.08,
        187765.13,
        220743.81999999998,
        149797.34,
        184226.53999999998,
        184231.53999999998,
        184316.08,
        184095.71,
        148175.27,
        148009.19,
        184141.44,
        148155.91999999998,
        184138.78999999998,
        216713.33,
        216702.94999999998,
        219834.21,
        288370.83,
        289118.3,
        254227.22,
        324533.76,
        324534.11,
        323824.83,
        291015.74,
        290301.95,
        291023.19,
        293694.6
    ]
}