{
    "virtual_best": 2894.76,
    "single_best": 294907.65,
    "passive_learning": 330167.67,
    "active_learning": [
        437571.51,
        402013.35,
        439008.86,
        405657.77999999997,
        367524.32,
        439381.14999999997,
        80530.70999999999,
        115780.28,
        80398.76,
        151990.37,
        151825.41999999998,
        151532.55,
        222064.78,
        223411.84,
        186939.13999999998,
        475125.83999999997,
        330104.64,
        401599.96,
        401729.43,
        365679.22
    ]
}