{
    "virtual_best": 3160.67,
    "single_best": 435887.33,
    "passive_learning": 256401.22,
    "active_learning": [
        329413.49,
        365300.81,
        258446.34,
        329979.73,
        222375.84,
        258210.50999999998,
        185856.56,
        185826.63999999998,
        149989.19,
        150080.78,
        221509.53,
        42350.78,
        185480.43,
        184916.00999999998,
        149508.25999999998,
        184838.69999999998,
        256662.85,
        184830.61,
        184699.44999999998,
        220486.05
    ]
}