{
    "virtual_best": 9919.19,
    "single_best": 113514.93,
    "passive_learning": 325992.72,
    "active_learning": [
        221967.46000000002,
        221955.3,
        150037.76,
        185799.96000000002,
        185750.13,
        185762.11,
        257480.76,
        222028.75,
        222046.93,
        255457.86,
        257957.51,
        255544.44,
        288084.61,
        288097.74,
        288599.13,
        252354.15999999997,
        252357.76,
        324717.54,
        324630.92,
        324763.13,
        288660.73,
        288665.68,
        252214.11,
        288667.38,
        288006.71,
        287861.2,
        251903.22999999998,
        288616.95,
        288167.92,
        288201.82,
        324615.04,
        324619.6,
        324615.56,
        324615.56,
        324621.23,
        324621.23,
        324577.32999999996,
        287863.23,
        288571.58,
        288572.07,
        288571.01,
        288572.07,
        323900.68,
        324570.94,
        324570.94,
        324570.94,
        288570.62,
        288571.73,
        288571.73,
        288571.15,
        288571.15,
        288293.38,
        288570.62,
        288570.62,
        288576.29,
        288571.56,
        324577.01999999996,
        287857.02999999997,
        323822.1,
        291310.5,
        288544.45,
        323580.41,
        325973.43,
        294214.42,
        327081.13,
        327093.44
    ]
}