{
    "virtual_best": 6337.86,
    "single_best": 221904.04,
    "passive_learning": 180399.40000000002,
    "active_learning": [
        360350.87,
        360327.3,
        395310.57999999996,
        360121.62,
        325068.3,
        324232.48,
        291677.19,
        292010.85,
        292012.94,
        290986.59,
        291032.94,
        180713.93,
        144715.34999999998,
        144626.47,
        144682.55,
        144678.74,
        144908.55,
        108752.59,
        108730.03,
        108730.03,
        108730.03,
        108728.16,
        74392.23999999999,
        74392.23999999999,
        144670.83000000002,
        108728.16,
        144676.74,
        108728.16,
        108728.16,
        144670.83000000002,
        108728.16,
        108728.16,
        108728.16,
        108728.16,
        108728.16,
        108728.16,
        108728.16,
        144670.83000000002,
        144670.83000000002,
        144670.83000000002,
        144670.83000000002,
        144670.83000000002,
        144670.83000000002,
        144670.83000000002,
        144670.83000000002,
        144670.83000000002,
        144670.83000000002,
        144670.83000000002,
        144670.83000000002,
        144670.83000000002,
        144670.83000000002,
        144670.83000000002,
        144670.83000000002,
        144670.83000000002,
        180716.7,
        180665.99,
        180626.83000000002,
        180626.83000000002,
        144734.88,
        180677.53999999998,
        144734.88,
        180627.52000000002,
        216239.62,
        216289.8,
        180347.14,
        180446.75
    ]
}