{
    "virtual_best": 6963.0,
    "single_best": 7649.32,
    "passive_learning": 7689.37,
    "active_learning": [
        659897.8099999999,
        406157.18,
        406102.93,
        7680.91,
        7710.91,
        151064.71,
        151064.74,
        223104.52,
        223104.45,
        7710.839999999999,
        261441.35,
        10889.92,
        7710.839999999999,
        7710.839999999999,
        8002.16,
        43748.740000000005,
        7710.839999999999,
        7710.839999999999,
        7711.5,
        7710.839999999999,
        7710.839999999999,
        7710.839999999999,
        7689.37,
        43569.03,
        190604.94,
        79900.2,
        190646.81,
        154767.15,
        190658.9,
        190647.26,
        190647.26,
        190647.26
    ]
}