{
    "virtual_best": 4671.37,
    "single_best": 365187.1,
    "passive_learning": 5484.32,
    "active_learning": [
        149682.33000000002,
        78357.19,
        78514.13,
        6133.219999999999,
        6128.91,
        40895.18,
        6081.23,
        41832.71,
        41835.05,
        6107.46,
        41774.22,
        41776.29,
        6399.57,
        6401.219999999999,
        6353.969999999999,
        6353.969999999999,
        6401.32,
        6401.32,
        6105.54,
        5503.969999999999,
        5501.629999999999,
        5466.19,
        5384.219999999999,
        5384.219999999999,
        41317.65,
        41290.26,
        41290.26,
        76686.79000000001,
        76689.13,
        41314.73,
        41230.020000000004,
        41230.020000000004
    ]
}