{
    "virtual_best": 2128.61,
    "single_best": 255779.84,
    "passive_learning": 219542.13999999998,
    "active_learning": [
        581516.5,
        508340.47,
        364093.14999999997,
        327695.39,
        290624.13,
        291459.51,
        327883.58,
        291601.95999999996,
        363266.06,
        327478.14999999997,
        255551.75999999998,
        291133.48,
        327497.39999999997,
        255360.06999999998,
        255522.03999999998,
        291605.99,
        255178.47999999998,
        255441.03999999998,
        255239.28999999998,
        291173.23,
        255227.94999999998,
        255171.36,
        255060.06999999998,
        255060.06999999998,
        255060.59,
        255060.59,
        255472.72999999998,
        255127.53,
        255553.88,
        291022.8,
        291022.2,
        255183.93,
        255183.93,
        219132.06999999998,
        219132.06999999998,
        291053.67,
        291051.58,
        291051.58,
        326694.51,
        326694.51,
        326694.51,
        326694.51,
        326694.51,
        326694.51,
        290934.88,
        219389.91999999998,
        255048.81,
        255048.81,
        255048.81,
        255048.81,
        255048.81,
        255048.81,
        255048.81,
        255048.81,
        255048.81,
        255048.81,
        255048.81,
        255048.81,
        255048.81,
        255048.81
    ]
}