{
    "virtual_best": 2836.39,
    "single_best": 223471.02,
    "passive_learning": 330980.73,
    "active_learning": [
        1349486.65,
        881115.75,
        730127.12,
        726765.87,
        725580.3,
        618483.52,
        656366.21,
        440579.94,
        475761.63,
        294953.52999999997,
        366509.38,
        259027.94,
        294556.58,
        366629.22,
        331243.04,
        259077.5,
        259100.36,
        295076.5,
        330695.83999999997,
        330788.32,
        223591.25,
        223944.16,
        294466.2,
        330256.22,
        295189.6,
        295236.08999999997,
        331247.62,
        295562.57,
        331290.7,
        294330.06,
        330183.73,
        295384.58,
        295384.58,
        259179.88,
        259239.03999999998,
        330438.27,
        294441.73,
        294441.73,
        294831.68,
        295076.88,
        295054.48,
        295054.48,
        259356.4,
        259134.47999999998,
        222743.71,
        222496.55,
        186550.86,
        222536.0,
        222536.0,
        222536.0,
        222536.0,
        222536.0,
        222536.0,
        222536.0,
        222536.0,
        222536.0,
        222536.0,
        222536.0,
        222536.0,
        222536.0
    ]
}