{
    "virtual_best": 9754.78,
    "single_best": 146559.61,
    "passive_learning": 291075.44,
    "active_learning": [
        252637.82,
        255139.58,
        216528.52,
        216502.49,
        150540.64,
        183150.13,
        219419.81,
        219451.63,
        183132.01,
        218659.42,
        182596.75,
        218403.99,
        183063.55,
        183520.48,
        147101.7,
        182262.17,
        182246.09,
        182246.89,
        182187.34,
        182546.9,
        182603.26,
        291054.83999999997,
        291802.31,
        291083.72,
        291079.48,
        291036.02,
        291028.47,
        291023.58999999997,
        291023.58999999997
    ]
}