{
    "virtual_best": 5568.36,
    "single_best": 146590.48,
    "passive_learning": 145886.58000000002,
    "active_learning": [
        181039.38,
        181117.81,
        213555.55,
        181038.77,
        213594.11000000002,
        213582.14,
        179001.14,
        179049.03,
        178415.11000000002,
        145852.1,
        178407.02,
        145851.61,
        146077.78,
        146067.31,
        178620.85,
        178573.13,
        178611.59,
        178385.52,
        178345.12,
        109847.14,
        109847.24,
        145886.58000000002,
        145886.58000000002,
        145904.97,
        145886.58000000002,
        145886.58000000002,
        145886.58000000002,
        145886.58000000002,
        145886.58000000002
    ]
}