{
    "virtual_best": 1872.66,
    "single_best": 328507.43,
    "passive_learning": 183645.50999999998,
    "active_learning": [
        293371.16,
        364381.66,
        256799.03,
        221361.63999999998,
        184757.22,
        113011.34,
        183993.06,
        183769.44999999998,
        183615.81,
        147331.31999999998,
        184064.97,
        111752.01000000001,
        183667.84999999998,
        183520.8,
        219486.27,
        219688.69999999998,
        183654.09999999998,
        183632.71,
        255278.38999999998,
        255297.38999999998,
        255527.21,
        183617.97,
        219636.49,
        219624.96,
        219696.03999999998,
        291354.55,
        291354.61,
        255495.3,
        255493.34,
        255313.83,
        255313.83,
        255313.83,
        255313.83,
        255319.15,
        255390.50999999998,
        255324.94,
        255441.47,
        255441.47,
        255441.47,
        255441.47,
        255441.47,
        255441.47,
        255441.47,
        255441.47,
        255441.47,
        255441.47,
        255441.47,
        255441.47,
        255441.47,
        255441.47
    ]
}