{
    "virtual_best": 3117.08,
    "single_best": 259733.49,
    "passive_learning": 474246.26999999996,
    "active_learning": [
        117902.96,
        227999.65,
        298523.68,
        300961.72,
        260194.02,
        115874.1,
        116503.79000000001,
        223508.13999999998,
        116581.65000000001,
        152229.43,
        81630.84,
        116354.13,
        116053.46,
        188086.53999999998,
        117107.07,
        260012.47999999998,
        403112.0,
        438518.02999999997,
        438279.01,
        402062.73,
        402505.6,
        402965.45999999996,
        402985.44,
        402669.76,
        403096.8,
        474413.19,
        474413.19,
        438104.01999999996,
        438238.6,
        438377.95999999996,
        438377.95999999996,
        438407.02999999997,
        438329.69,
        402399.55,
        402178.48,
        438592.38,
        510575.32,
        510575.32,
        510575.32,
        510575.32,
        510575.32,
        510575.32,
        510575.32,
        510575.32,
        510575.32,
        510575.32,
        510575.32,
        510575.32,
        510575.32,
        510575.32
    ]
}