{
    "virtual_best": 1788.07,
    "single_best": 291681.4,
    "passive_learning": 2091.65,
    "active_learning": [
        2569.79,
        109945.12,
        2635.17,
        74504.95999999999,
        2420.61,
        2629.2200000000003,
        2629.92,
        2624.2200000000003,
        2619.06,
        2623.44,
        2623.32,
        2623.31,
        2623.31,
        2444.4,
        2444.4,
        2414.71,
        2414.46,
        2093.9700000000003,
        2094.2200000000003,
        2093.98,
        2093.35,
        2093.33,
        2093.33,
        2093.33,
        2109.39,
        2091.64,
        2091.39,
        2149.27,
        2091.39,
        2091.39,
        2091.39
    ]
}