{
    "virtual_best": 2004.66,
    "single_best": 185295.02,
    "passive_learning": 38043.43,
    "active_learning": [
        111220.97,
        39808.14,
        38494.46,
        38175.409999999996,
        73091.20000000001,
        73202.8,
        73202.69,
        73202.43000000001,
        73202.31000000001,
        73202.81000000001,
        73202.31000000001,
        73202.24,
        73202.24,
        73202.22,
        73202.24,
        73202.22,
        73202.22,
        73202.22,
        73202.22,
        73202.22,
        37924.39,
        37924.39,
        37924.479999999996,
        37924.39,
        37924.38,
        37924.38,
        37924.51,
        37915.17,
        37915.17,
        37915.17,
        37915.17,
        37915.17,
        37915.17,
        37915.049999999996,
        37915.049999999996,
        37915.049999999996,
        37915.049999999996,
        37915.049999999996,
        37915.049999999996,
        37915.049999999996,
        37915.049999999996,
        37915.049999999996,
        37915.049999999996,
        37915.049999999996,
        37915.02,
        2421.31,
        2421.2999999999997,
        2407.0899999999997,
        37900.82,
        37900.82,
        37900.81,
        2550.96,
        3135.0899999999997,
        38043.439999999995,
        38043.439999999995,
        38043.439999999995,
        38043.439999999995,
        38043.439999999995,
        38043.439999999995,
        38043.42,
        38043.439999999995
    ]
}