{
    "virtual_best": 7864.02,
    "single_best": 8611.46,
    "passive_learning": 8870.01,
    "active_learning": [
        264491.64999999997,
        516728.61,
        516728.61,
        516728.61,
        516728.61,
        297813.87,
        297816.66,
        297816.20999999996,
        297816.20999999996,
        297813.87,
        297813.87,
        297813.87,
        297813.87,
        297816.20999999996,
        297816.20999999996,
        297813.87,
        297816.20999999996,
        297816.20999999996,
        297816.20999999996,
        297816.20999999996,
        297816.20999999996,
        297816.20999999996,
        297816.20999999996,
        297816.20999999996,
        297816.20999999996,
        297816.20999999996,
        297813.87,
        8644.970000000001,
        8644.970000000001,
        8644.970000000001,
        8644.99,
        8644.970000000001,
        8644.99,
        8644.99,
        8644.99,
        8644.99,
        8644.99,
        8644.99,
        8644.99,
        8644.99,
        8644.99,
        8644.99,
        8644.99,
        8644.99,
        8644.99,
        8645.06,
        8644.99,
        8644.970000000001,
        8644.970000000001,
        8644.99,
        8644.68,
        8867.67,
        8867.67,
        118542.01000000001,
        8867.67,
        8870.01,
        8870.01,
        8867.67,
        8870.01,
        8868.12,
        8868.12
    ]
}