{
    "virtual_best": 7685.13,
    "single_best": 8485.23,
    "passive_learning": 8689.27,
    "active_learning": [
        259861.54,
        8520.039999999999,
        8520.039999999999,
        8520.039999999999,
        152743.88999999998,
        8520.16,
        9827.47,
        9827.42,
        295755.59,
        295755.59,
        259863.88,
        259863.88,
        8522.38,
        8522.38,
        8520.039999999999,
        8520.039999999999,
        43894.44,
        8522.38,
        8520.109999999999,
        8522.38,
        8522.83,
        8520.039999999999,
        8520.039999999999,
        8520.039999999999,
        8687.19,
        44975.68,
        8686.93,
        8689.27,
        8689.27,
        8689.27,
        8738.42,
        8738.42,
        8738.42
    ]
}