{
    "virtual_best": 1096.49,
    "single_best": 150698.58,
    "passive_learning": 1472.76,
    "active_learning": [
        75395.95,
        73470.68999999999,
        75328.26,
        37501.8,
        39439.89,
        37505.78,
        39389.41,
        3378.14,
        39443.14,
        39456.0,
        3464.35,
        39462.14,
        1529.1000000000001,
        1346.43,
        1268.68,
        1247.17,
        1247.14,
        1270.26,
        1248.5800000000002,
        1270.3400000000001,
        1296.89,
        1261.2900000000002,
        1268.69,
        1261.46,
        1477.69,
        1520.23,
        1471.15,
        1493.21,
        1378.74,
        1415.27,
        1393.14,
        1394.8700000000001,
        1394.75
    ]
}