{
    "virtual_best": 4583.8,
    "single_best": 259860.46,
    "passive_learning": 40990.46,
    "active_learning": [
        111655.12,
        110978.03,
        75021.72,
        75021.54,
        111306.83,
        111027.62,
        74967.90999999999,
        74968.2,
        110628.12,
        110628.09999999999,
        75011.68999999999,
        40946.86,
        40933.82,
        40933.020000000004,
        40933.03,
        5014.610000000001,
        5014.68,
        5014.59,
        5014.59,
        5014.68,
        40957.21,
        5014.58,
        5014.570000000001,
        5014.570000000001,
        5014.58,
        40956.880000000005,
        40956.880000000005,
        40956.880000000005,
        40956.880000000005,
        40956.880000000005,
        40956.880000000005,
        40956.880000000005,
        40956.880000000005,
        40956.880000000005,
        40956.880000000005,
        40956.880000000005,
        40956.880000000005,
        40956.880000000005,
        40956.880000000005,
        40956.880000000005,
        40956.880000000005,
        4987.99,
        40952.090000000004,
        4988.150000000001,
        5009.71,
        5004.75,
        4929.4800000000005,
        4983.18,
        4983.35,
        4983.59,
        40970.450000000004,
        40996.83,
        5004.77,
        40974.39,
        40973.990000000005
    ]
}