{
    "virtual_best": 4342.88,
    "single_best": 615142.82,
    "passive_learning": 292687.3,
    "active_learning": [
        294733.15,
        329176.57,
        364961.18,
        329590.73000000004,
        258371.58,
        292731.8,
        221590.34,
        257291.3,
        292537.99,
        256735.96,
        292634.60000000003,
        292939.4,
        221472.03,
        185315.58,
        220944.96,
        256939.22999999998,
        221012.19999999998,
        221384.5,
        257002.18,
        185316.72999999998,
        292912.66000000003,
        292926.0,
        292654.75,
        292748.57,
        256846.63999999998,
        256839.11,
        293038.27,
        257110.46,
        328861.85000000003,
        328861.85000000003,
        328861.85000000003,
        328861.85000000003,
        328861.85000000003,
        328861.85000000003,
        328861.85000000003,
        364638.82,
        364638.82,
        329058.96,
        329058.96,
        329058.96,
        329058.96,
        329058.96,
        329058.96,
        329058.96,
        329058.96,
        329058.96,
        329058.96,
        329058.96,
        329058.96,
        329058.96,
        329058.96,
        329058.96,
        329058.96,
        329058.96,
        329058.96
    ]
}