{
    "virtual_best": 2733.98,
    "single_best": 222690.49,
    "passive_learning": 437385.94,
    "active_learning": [
        293124.96,
        330979.16000000003,
        473622.44,
        329188.09,
        294138.73000000004,
        293228.96,
        221992.18,
        257965.16999999998,
        258048.55,
        329773.93,
        292907.64,
        329527.26,
        258669.88999999998,
        187514.34999999998,
        223329.21,
        257740.55,
        293650.36000000004,
        331008.69,
        293987.86000000004,
        329743.95,
        400989.88,
        400723.01,
        329482.86000000004,
        329721.29000000004,
        366956.45,
        366673.63,
        330811.23000000004,
        401637.13,
        401382.09,
        401382.09,
        365448.16000000003,
        401382.09,
        401382.09,
        365448.16000000003,
        401382.09,
        365543.67000000004,
        365543.67000000004,
        437526.25,
        437526.25,
        401531.17000000004,
        437526.25,
        437526.25,
        365537.76,
        437526.25,
        437526.25,
        437526.25,
        437526.25,
        437526.25,
        437526.25,
        437526.25,
        437526.25,
        437526.25,
        437526.25,
        437526.25,
        437526.25
    ]
}