{
    "virtual_best": 9679.09,
    "single_best": 148672.21,
    "passive_learning": 104365.2,
    "active_learning": [
        143190.8,
        179224.83000000002,
        143488.16999999998,
        143522.89,
        143533.04,
        143488.64,
        143496.8,
        143488.64,
        143488.64,
        143389.03,
        143482.66999999998,
        107403.1,
        143482.04,
        107482.18000000001,
        107495.95,
        142234.3,
        107393.5,
        142167.56,
        142197.56,
        180576.7,
        108711.47,
        142346.6,
        142220.44,
        142345.84,
        106439.35,
        106198.92,
        106388.53,
        106389.0,
        106389.0,
        106175.31,
        106091.73000000001,
        106033.61,
        141997.15000000002,
        142018.06,
        142042.66999999998,
        142018.3,
        142018.3,
        142018.3,
        142018.3,
        142018.3,
        142018.3,
        142018.3,
        142018.3,
        142018.3,
        142018.3,
        141957.86,
        141957.86,
        141957.86,
        142028.59,
        141993.69,
        141993.69,
        141993.69,
        141993.69,
        141993.69,
        141993.69,
        141993.69,
        141993.69,
        141993.69,
        141964.83000000002,
        68364.88,
        68364.64000000001,
        68364.64000000001,
        104358.32,
        104358.2,
        104357.07,
        104358.2,
        104358.2
    ]
}