{
    "virtual_best": 9203.41,
    "single_best": 113820.96,
    "passive_learning": 291314.33999999997,
    "active_learning": [
        221144.72,
        221144.72,
        179272.62,
        180988.03,
        218634.65,
        221232.85,
        221744.74,
        215574.81,
        288301.32,
        252300.49,
        252302.62,
        290881.18,
        288261.86,
        252348.93,
        216382.47,
        252405.64,
        254840.44,
        254850.86000000002,
        252339.5,
        219214.91,
        186459.25,
        185465.37,
        291324.77,
        255343.09,
        218027.76,
        218027.99,
        217840.17,
        251034.29,
        217904.67,
        149772.93,
        215311.05000000002,
        254254.63,
        221246.23,
        221245.32,
        258340.49,
        221245.32,
        185545.17,
        185545.17,
        185545.17,
        185545.17,
        185545.17,
        185545.17,
        185545.17,
        185545.17,
        185545.17,
        185545.17,
        149561.72,
        185545.7,
        185567.97,
        185566.86000000002,
        185614.75,
        185614.75,
        185614.75,
        185614.75,
        185614.75,
        185614.75,
        185614.75,
        185614.75,
        258267.24,
        222381.58000000002,
        326827.47,
        258310.94,
        290813.07,
        222296.31,
        290836.33999999997,
        291266.45,
        291266.97
    ]
}