{
    "virtual_best": 3054.04,
    "single_best": 295169.23,
    "passive_learning": 295520.61,
    "active_learning": [
        619400.5,
        332087.42,
        474095.49,
        44785.729999999996,
        224281.84,
        366673.9,
        402973.23,
        223448.57,
        404903.47000000003,
        403739.27,
        259676.19,
        440352.99,
        440056.56,
        439698.98,
        439392.98,
        403737.16000000003,
        475489.66000000003,
        440529.33,
        440048.88,
        439467.27
    ]
}