{
    "virtual_best": 1722.71,
    "single_best": 77119.55,
    "passive_learning": 75511.02,
    "active_learning": [
        256320.4,
        147887.1,
        183814.21,
        75045.07,
        183190.98,
        147283.13,
        147046.30000000002,
        111294.44,
        111962.20000000001,
        111148.88,
        75553.04000000001,
        75263.64,
        111270.39,
        75457.85,
        39507.549999999996,
        39333.53,
        39852.77,
        39732.159999999996,
        75262.59000000001,
        75516.41
    ]
}