{
    "virtual_best": 5420.28,
    "single_best": 220470.78,
    "passive_learning": 5760.3,
    "active_learning": [
        75419.75,
        75484.16,
        74978.51000000001,
        74889.89,
        110868.73000000001,
        74889.67,
        39705.329999999994,
        39701.59,
        39701.34,
        39701.59,
        39701.59,
        39701.549999999996,
        39701.549999999996,
        39701.59,
        39701.59,
        39690.229999999996,
        39692.439999999995,
        5731.87,
        5751.35,
        5731.62,
        5731.62,
        5731.62,
        5731.62,
        5731.62,
        5731.62,
        5731.62,
        5731.62,
        5731.62,
        5731.62,
        5731.62,
        5731.62,
        5731.62,
        5731.62,
        5731.62,
        5731.62,
        5731.62,
        5731.62,
        5731.62,
        5731.62,
        5731.62,
        5731.62,
        5731.62,
        5731.62,
        5731.62,
        5731.62,
        5731.62,
        5751.1,
        5729.6,
        5729.54,
        5729.150000000001,
        39717.35,
        5762.150000000001,
        5771.49,
        39721.439999999995,
        5762.03,
        5725.3,
        5724.91,
        5760.87,
        5760.3,
        5760.3
    ]
}