{
    "virtual_best": 7330.3,
    "single_best": 8027.59,
    "passive_learning": 226877.9,
    "active_learning": [
        8137.96,
        8059.42,
        8059.42,
        8071.06,
        8121.45,
        8138.62,
        46612.88,
        44741.18,
        8059.42,
        8059.49,
        8059.49,
        8059.42,
        8059.42,
        8059.42,
        8059.42,
        8059.42,
        8059.42,
        8059.400000000001,
        8059.42,
        8059.42,
        8059.42,
        8059.42,
        8059.42,
        8059.42,
        8059.42,
        8059.42,
        8059.42,
        8059.42,
        8059.42,
        8059.42,
        8059.42,
        8059.42,
        8059.42,
        8059.42,
        8059.42,
        8059.42,
        8059.42,
        8059.42,
        8059.42,
        8059.42,
        8059.42,
        8059.42,
        8059.49,
        8059.5,
        8059.42,
        8059.42,
        8093.64,
        8059.42,
        8059.11,
        8101.06,
        8156.25,
        8027.31,
        153579.4,
        189494.21,
        8024.97,
        151381.19,
        79811.48000000001,
        7981.04,
        8027.31,
        8027.31
    ]
}