{
    "virtual_best": 10236.71,
    "single_best": 149878.53,
    "passive_learning": 222780.12,
    "active_learning": [
        293593.96,
        293659.86,
        258592.66999999998,
        259025.65000000002,
        259122.55,
        259227.65000000002,
        259489.52000000002,
        259369.61,
        222961.68,
        255396.52000000002,
        258718.26,
        258769.91999999998,
        258709.39,
        185989.15999999997,
        150069.8,
        222739.55,
        222741.05,
        258374.32,
        258381.05,
        258381.05,
        258373.68,
        258373.3,
        258360.90000000002,
        258360.90000000002,
        258360.90000000002,
        258362.74,
        258360.90000000002,
        258360.90000000002,
        258360.90000000002,
        258360.90000000002,
        258373.3,
        258373.3,
        258360.90000000002,
        258360.90000000002,
        221336.44,
        221344.19,
        222393.81,
        258547.53000000003,
        258367.7,
        258368.66999999998,
        258368.66999999998,
        258368.66999999998,
        258368.66999999998,
        258368.66999999998,
        258368.66999999998,
        258368.66999999998,
        258368.66999999998,
        258368.66999999998,
        258368.66999999998,
        258368.66999999998,
        258360.91999999998,
        258448.09999999998,
        258440.41999999998,
        260938.24,
        260861.57,
        260861.57,
        260862.2,
        260862.72999999998,
        294632.41,
        294632.41,
        294632.41,
        258737.37,
        294698.72000000003,
        294701.7,
        291318.63,
        294716.84
    ]
}