{
    "virtual_best": 4804.25,
    "single_best": 73429.65,
    "passive_learning": 106944.35,
    "active_learning": [
        108806.03,
        108559.39,
        72114.88,
        108655.68000000001,
        108946.7,
        107775.26,
        108243.48,
        108217.45,
        107697.90000000001,
        143330.44,
        107660.88,
        107634.56,
        107896.15000000001,
        107809.56,
        107810.29000000001,
        107817.29000000001,
        107818.6,
        107879.83,
        107828.89,
        107877.55,
        107871.61,
        107978.99,
        107978.51,
        107977.71,
        108031.37,
        108033.42,
        108033.42,
        108033.42,
        108033.42,
        108033.42,
        108033.42,
        108030.52,
        108071.06,
        108077.02,
        108081.29000000001,
        108082.03,
        108082.09,
        108097.28,
        108081.14,
        108078.25,
        108078.25,
        108081.14,
        108081.14,
        108081.14,
        108081.14,
        108081.14,
        108081.14,
        108081.14,
        108081.14,
        108081.14,
        108081.72,
        72068.33,
        36225.33,
        36208.3,
        36197.380000000005,
        36197.380000000005,
        71868.8,
        71860.0,
        106924.34,
        106768.88,
        106768.88,
        106765.98,
        106934.03,
        106935.09,
        106929.98,
        106775.43000000001
    ]
}