{
    "virtual_best": 4285.31,
    "single_best": 185863.09,
    "passive_learning": 4787.68,
    "active_learning": [
        110668.87999999999,
        147066.49000000002,
        146624.80000000002,
        110391.59999999999,
        110389.76,
        110642.04999999999,
        75666.51999999999,
        75429.15,
        75623.81,
        75774.68999999999,
        75536.95999999999,
        75466.43,
        75511.9,
        75463.9,
        75463.9,
        40679.68,
        40836.48,
        40850.560000000005,
        40893.22,
        40532.170000000006,
        40532.170000000006,
        4794.91,
        4700.25,
        4677.1900000000005,
        4677.1900000000005,
        4692.93,
        4779.81,
        4791.2300000000005,
        4791.2300000000005,
        4785.3,
        4785.3,
        4792.41,
        4792.41,
        4785.3,
        4785.3,
        4739.2300000000005,
        4739.2300000000005,
        4739.2300000000005,
        4739.2300000000005,
        4739.2300000000005,
        4739.2300000000005,
        4739.2300000000005,
        4739.2300000000005,
        4739.2300000000005,
        4739.2300000000005,
        4739.2300000000005,
        4739.25,
        4739.25,
        4739.25,
        4739.25,
        4685.96,
        4695.1900000000005,
        4704.93,
        4686.99,
        4778.5,
        4799.6900000000005,
        4708.12,
        4730.93,
        4709.74,
        4679.88,
        4705.84,
        4715.27,
        4661.34,
        4661.35
    ]
}