{
    "virtual_best": 7538.94,
    "single_best": 8267.14,
    "passive_learning": 442287.47000000003,
    "active_learning": [
        442474.38,
        731672.39,
        480574.01,
        261710.53,
        261710.53,
        731672.39,
        731671.52,
        731671.52,
        769464.4,
        731671.52,
        623880.33,
        261709.66,
        512720.57,
        261541.11000000002,
        261541.11000000002,
        261695.13,
        261695.13,
        261689.28,
        261695.13,
        261535.26,
        261535.26,
        8220.13,
        8242.69,
        8222.449999999999,
        8222.449999999999,
        8222.47,
        8222.47,
        8176.21,
        8176.21,
        8175.780000000001,
        8175.780000000001,
        8175.780000000001,
        8175.780000000001,
        8175.780000000001,
        8175.780000000001,
        8175.780000000001,
        8175.780000000001,
        8175.780000000001,
        8175.780000000001,
        8175.780000000001,
        8175.780000000001,
        8175.780000000001,
        8175.780000000001,
        8175.780000000001,
        8175.780000000001,
        8175.780000000001,
        8222.47,
        8222.47,
        8222.47,
        8222.47,
        8938.79,
        227083.61000000002,
        478181.99,
        227083.61000000002,
        227085.95,
        227036.03,
        406760.91000000003,
        8258.210000000001,
        187296.45,
        478204.12,
        296721.84,
        117443.95,
        227354.21000000002,
        227354.21000000002
    ]
}