{
    "virtual_best": 5818.73,
    "single_best": 43164.42,
    "passive_learning": 72458.59,
    "active_learning": [
        107490.31,
        107769.77,
        143775.91999999998,
        143288.5,
        107041.3,
        107104.09000000001,
        142995.91999999998,
        142959.82,
        143422.14,
        142957.26,
        106984.97,
        107010.38,
        106984.45,
        142982.73,
        142965.01,
        106967.91,
        106986.0,
        72637.70000000001,
        106975.32,
        106972.25,
        106968.55,
        106970.8,
        106985.52,
        106847.65000000001,
        106845.41,
        72466.8,
        106805.61,
        72466.45000000001,
        106800.53,
        106799.40000000001
    ]
}