{
    "virtual_best": 9246.87,
    "single_best": 113842.19,
    "passive_learning": 295632.99,
    "active_learning": [
        223107.94,
        223089.97999999998,
        223166.36,
        258645.90000000002,
        222989.28000000003,
        256233.61,
        187175.62,
        187057.58000000002,
        189498.25,
        223618.40000000002,
        187581.33000000002,
        187909.24,
        257140.41000000003,
        187914.89,
        221015.77000000002,
        223544.81,
        259528.0,
        259766.33000000002,
        187532.24,
        223516.16000000003,
        260084.65000000002,
        260134.12,
        295055.26,
        295101.82,
        294781.61,
        258811.97000000003,
        295073.95,
        295656.03,
        295380.62,
        295380.62
    ]
}