{
    "virtual_best": 3008.77,
    "single_best": 295418.23,
    "passive_learning": 295685.61,
    "active_learning": [
        871476.28,
        804473.23,
        406339.20999999996,
        189343.07,
        260330.33,
        225471.7,
        222912.82,
        223717.31,
        332292.57999999996,
        260118.49,
        188060.93,
        296006.49,
        367848.87999999995,
        294934.45999999996,
        366910.43,
        367460.75,
        366493.35,
        402857.57999999996,
        366292.36,
        366275.1,
        438150.22,
        402324.88999999996,
        366325.67,
        402074.07999999996,
        438907.67,
        402865.08999999997,
        402228.00999999995,
        402536.61,
        402433.17,
        402433.17,
        402562.55,
        402562.55,
        402562.55,
        402562.55,
        402562.55,
        402562.55,
        402562.55,
        402562.55,
        402562.55,
        402562.55,
        402562.55,
        402562.55,
        402562.55,
        402562.55,
        402562.55,
        402562.55,
        402562.55,
        402562.55,
        402562.55,
        402562.55,
        402562.55,
        402562.55,
        402562.55,
        366804.22,
        474743.51999999996,
        294996.89999999997,
        331074.70999999996,
        367191.73
    ]
}