{
    "virtual_best": 2334.95,
    "single_best": 327562.6,
    "passive_learning": 112109.59,
    "active_learning": [
        400096.43999999994,
        328842.1,
        256837.67,
        112575.69,
        219541.0,
        147941.6,
        183675.47,
        147841.61000000002,
        184068.42,
        112480.41,
        184343.37,
        112581.12,
        112542.59,
        112457.16,
        147925.93,
        76316.99,
        148033.42,
        76518.87,
        148188.5,
        147654.15,
        147886.68,
        148063.18,
        76379.28,
        112055.2,
        111959.07,
        147854.36000000002,
        147896.42,
        147844.18,
        147852.95,
        147852.95,
        147852.67,
        147852.67,
        147852.67,
        147852.67,
        147852.67,
        147852.67,
        147852.67,
        147852.67,
        147852.67,
        147852.67,
        147852.67,
        147852.67,
        147852.67,
        147852.67,
        147852.67,
        147852.67,
        147852.67,
        147852.67,
        147852.67,
        147852.67,
        147852.67,
        147852.67,
        147852.67,
        148069.82,
        148021.47,
        112076.49,
        112146.86,
        147694.46
    ]
}