{
    "virtual_best": 6303.28,
    "single_best": 74734.52,
    "passive_learning": 179051.86000000002,
    "active_learning": [
        179447.99000000002,
        179373.76,
        143376.06,
        179358.48,
        142497.25,
        106509.16,
        106371.09,
        106324.67000000001,
        106325.01000000001,
        179308.06,
        142473.23,
        106481.70000000001,
        142969.28,
        105955.63,
        106467.6,
        106384.10999999999,
        142419.36,
        106121.13999999998,
        106958.38999999998,
        142459.13,
        106951.28,
        106567.85999999999,
        106511.79999999999,
        107373.70999999999,
        143056.35,
        106206.57999999999,
        107064.12,
        71067.17
    ]
}