{
    "virtual_best": 8926.26,
    "single_best": 149234.86,
    "passive_learning": 293699.87,
    "active_learning": [
        286949.61,
        286270.16,
        254188.31,
        254088.16,
        326900.89999999997,
        254962.04,
        252418.85,
        219092.45,
        219249.33000000002,
        323777.14999999997,
        255552.87,
        291774.56,
        291229.66,
        293534.33,
        255192.69,
        327108.74,
        327184.16,
        327192.70999999996,
        327148.13,
        254510.92,
        291258.85,
        291282.7,
        291281.73,
        254552.13,
        293669.08,
        296649.70999999996,
        329651.91,
        293667.93
    ]
}