{
    "virtual_best": 3220.34,
    "single_best": 363305.52,
    "passive_learning": 40543.52,
    "active_learning": [
        543168.4,
        293167.7,
        329072.38,
        292985.34,
        255874.38,
        220022.27000000002,
        184773.5,
        77694.49,
        41721.9,
        41239.47,
        41139.81,
        41154.83,
        77227.69,
        41278.31,
        41446.76,
        76755.48,
        40653.909999999996,
        40777.21,
        40946.63,
        40824.909999999996
    ]
}