{
    "virtual_best": 2917.37,
    "single_best": 294940.0,
    "passive_learning": 437937.23000000004,
    "active_learning": [
        582226.84,
        545090.01,
        581624.71,
        547284.71,
        401385.12,
        329758.82,
        366439.60000000003,
        438406.66000000003,
        332017.21,
        329770.38,
        258888.66,
        365762.61,
        330044.67000000004,
        330183.87,
        366126.92000000004,
        366361.31,
        366239.3,
        330183.24,
        365884.87,
        402181.42000000004
    ]
}