{
    "virtual_best": 2722.12,
    "single_best": 291946.8,
    "passive_learning": 220593.97999999998,
    "active_learning": [
        400693.07,
        293048.27999999997,
        364511.51,
        329496.49,
        292649.1,
        256519.6,
        255911.88,
        257006.22,
        220876.43,
        184235.22999999998,
        291912.72,
        292355.08999999997,
        291510.43,
        291719.94,
        255925.8,
        255802.28999999998,
        256086.8,
        220420.3,
        255979.09,
        220146.36,
        220157.62,
        255971.91,
        256030.37,
        256428.65,
        256428.59,
        256315.3,
        256082.6,
        291862.2,
        256068.61,
        256100.24,
        256100.24,
        256100.24,
        256100.24,
        256100.24,
        256100.24,
        256100.24,
        256100.24,
        256100.24,
        256100.24,
        256100.24,
        256100.24,
        256100.24,
        256100.24,
        256100.24,
        256100.24,
        256100.24,
        256059.06,
        256100.24,
        256100.24,
        256100.24,
        256100.24,
        256100.24,
        256100.24,
        256100.24,
        256100.24,
        256100.24,
        256100.24,
        256100.24,
        256100.24,
        256100.24
    ]
}