{
    "virtual_best": 3022.94,
    "single_best": 232867.96,
    "passive_learning": 438992.18,
    "active_learning": [
        261236.59,
        152332.41,
        152748.72999999998,
        154354.69,
        80744.06,
        116425.90999999999,
        259403.21,
        366900.37,
        223390.91999999998,
        402235.55,
        438093.13,
        436918.17,
        401420.66,
        473515.55,
        366393.88,
        401178.36,
        438535.44,
        437730.23,
        438217.21,
        401749.08,
        438113.14999999997,
        402556.36,
        438035.37,
        438870.02999999997,
        438464.55,
        438013.93,
        402349.91,
        401737.7,
        437283.52,
        437526.25,
        437578.14,
        437526.25,
        437526.25,
        437526.25,
        437600.87,
        437578.14,
        437526.25,
        437526.25,
        437526.25,
        437526.25,
        437526.25,
        401751.32,
        437540.19,
        437526.25,
        437540.19,
        437526.25,
        437558.01,
        437526.25,
        437540.19,
        437526.25,
        437540.19,
        437526.25,
        437526.25,
        437526.25,
        437526.25,
        437526.25,
        437540.19,
        437526.25,
        437540.19,
        437526.25
    ]
}