{
    "virtual_best": 7897.44,
    "single_best": 78606.68,
    "passive_learning": 111468.78,
    "active_learning": [
        183240.98,
        182660.65,
        183242.94,
        183242.77,
        180663.63,
        182645.69,
        181723.31,
        181733.97,
        181733.74,
        182101.49,
        145737.24,
        146104.68,
        146104.98,
        182047.41,
        143716.22,
        179873.81,
        182510.36000000002,
        218505.80000000002,
        181173.44,
        146123.5,
        145999.51,
        146000.09,
        251135.49,
        215859.7,
        181779.72,
        217777.2,
        251857.80000000002,
        251857.80000000002,
        251857.80000000002,
        181777.77,
        181777.77,
        181781.01,
        181781.01,
        181781.01,
        181781.01,
        217773.91,
        251846.2,
        251846.2,
        251845.72,
        251845.72,
        250896.59,
        216817.63,
        216817.63,
        216817.63,
        216817.63,
        217766.76,
        217766.76,
        217766.76,
        217766.76,
        217766.76,
        217766.76,
        217766.76,
        181769.81,
        181769.81,
        217766.76,
        217766.76,
        217766.76,
        217804.7,
        148462.91999999998,
        111448.79000000001,
        112397.44,
        111448.31
    ]
}