{
    "virtual_best": 8862.24,
    "single_best": 149463.02,
    "passive_learning": 364095.24,
    "active_learning": [
        290704.65,
        254606.38,
        254671.11000000002,
        254237.82,
        254148.51,
        254365.18,
        222180.11000000002,
        254013.72,
        253956.7,
        221403.79,
        254259.97,
        253958.62,
        220438.05000000002,
        256375.09,
        222189.26,
        256508.26,
        292756.77,
        292484.9,
        292471.1,
        327974.81000000006,
        294301.04000000004,
        294307.24,
        292381.32,
        292377.17000000004,
        292169.56,
        328172.81999999995,
        364588.01,
        364262.55000000005,
        364262.55000000005,
        364264.82999999996,
        364264.82999999996,
        364267.44999999995,
        364267.44999999995,
        364266.58999999997,
        328323.92000000004,
        364299.83999999997,
        328456.83999999997,
        328456.83999999997,
        364447.12,
        364447.12,
        364447.12,
        364447.12,
        364447.12,
        364447.12,
        364447.12,
        364447.12,
        364447.12,
        364447.12,
        364447.12,
        364447.12,
        328486.24,
        328486.24,
        328486.24,
        328486.24,
        328527.56000000006,
        328527.56000000006,
        328527.56000000006,
        364176.22,
        328632.69999999995,
        295157.72,
        328095.89,
        328095.89
    ]
}