{
    "virtual_best": 8288.39,
    "single_best": 113878.76,
    "passive_learning": 289862.59,
    "active_learning": [
        221371.41,
        224062.65,
        221465.53,
        217815.12,
        220453.21,
        185035.03,
        187793.37,
        217665.37,
        289573.60000000003,
        218435.22,
        291118.66000000003,
        254069.96,
        250651.50999999998,
        290771.12,
        288190.51,
        324150.62,
        252576.06,
        252302.41,
        252293.38999999998,
        324293.79,
        324240.46,
        324240.46,
        324290.69,
        324290.69,
        324252.89,
        324293.79,
        324287.31,
        324251.88,
        324252.37,
        291028.55,
        323583.96,
        324298.51,
        324298.51,
        324298.51,
        324304.18,
        324304.18,
        324304.18,
        324304.18,
        324304.18,
        324304.18,
        324304.18,
        324304.52,
        324304.52,
        324304.52,
        324304.52,
        324304.52,
        324296.21,
        324313.2,
        288302.59,
        287592.60000000003,
        288300.99,
        290978.88,
        290978.88,
        255031.03,
        255031.03,
        323534.82,
        323435.04,
        325769.46,
        289898.46,
        289876.63,
        289876.63
    ]
}