{
    "virtual_best": 6964.88,
    "single_best": 76994.88,
    "passive_learning": 70574.48000000001,
    "active_learning": [
        143150.41,
        143396.45,
        108681.32,
        143423.86,
        142331.51,
        108348.48999999999,
        108338.66,
        143020.85,
        143417.59,
        143831.05,
        71838.18,
        70615.81,
        106668.0,
        70667.03,
        70116.68,
        106653.75,
        70667.36,
        70108.84,
        70027.44,
        70583.79000000001,
        70584.07,
        70586.12,
        70773.78,
        70584.07,
        70584.07,
        70584.07,
        70584.75,
        70584.07,
        70584.06,
        70584.07,
        70584.06,
        70586.1,
        70588.23000000001,
        70588.23000000001,
        70584.07,
        70584.07,
        70584.07,
        70584.07,
        70584.07,
        70584.07,
        70584.07,
        70584.07,
        70584.07,
        70584.07,
        70584.07,
        70584.07,
        70584.07,
        70584.07,
        70584.20999999999,
        70584.20999999999,
        70583.91,
        70582.59,
        70586.76000000001,
        70586.76000000001,
        70586.76000000001,
        70587.05,
        70587.3,
        70574.95,
        70669.43,
        70577.41,
        70577.41
    ]
}