{
    "virtual_best": 3016.7,
    "single_best": 232159.22,
    "passive_learning": 259205.88999999998,
    "active_learning": [
        269131.22,
        196677.26,
        232554.63999999998,
        339982.41,
        121706.81999999999,
        82417.34999999999,
        80155.43,
        116969.95999999999,
        152036.88999999998,
        115376.72,
        44134.26,
        186846.46,
        223929.32,
        367370.97,
        294964.95,
        401613.95,
        294980.23,
        295691.41,
        331422.93,
        365961.7,
        294948.38,
        293499.86,
        294630.38,
        295372.23,
        330484.45,
        258969.15,
        258382.29,
        259634.09,
        331238.38,
        330926.43,
        330883.77,
        295151.37,
        224095.32,
        224057.66,
        224057.66,
        224365.16,
        224057.66,
        224057.66,
        224365.16,
        224365.16,
        224365.16,
        224365.16,
        224365.16,
        224365.16,
        224365.16,
        224365.16,
        224365.16,
        224057.66,
        224057.66,
        224365.16,
        224057.66,
        224095.32,
        224365.16,
        224365.16,
        224365.16,
        224365.16,
        224365.16
    ]
}