{
    "virtual_best": 5007.99,
    "single_best": 437313.02,
    "passive_learning": 293958.51,
    "active_learning": [
        440102.55,
        546649.82,
        403141.22,
        403113.67,
        259939.15,
        223412.21,
        257227.66999999998,
        186101.32,
        150278.18,
        150423.85,
        150460.65,
        150546.32,
        186351.56,
        222118.91999999998,
        257538.38999999998,
        257384.26,
        257359.13999999998,
        257465.0,
        293210.65,
        293233.19,
        257541.69,
        257194.4,
        329361.33,
        293493.25,
        293390.38,
        293173.21,
        293173.21,
        221647.74,
        257256.22,
        257256.22,
        257256.22,
        257385.3,
        257296.03,
        257296.03,
        257296.03,
        257296.03,
        257296.03,
        257296.03,
        257296.03,
        257296.03,
        257296.03,
        257296.03,
        257296.03,
        257296.03,
        257296.03,
        257296.03,
        257296.03,
        257296.03,
        257296.03,
        257296.03,
        257296.03,
        257296.03,
        257296.03,
        257296.03,
        257296.03,
        257296.03,
        257296.03
    ]
}