{
    "virtual_best": 8987.47,
    "single_best": 149862.48,
    "passive_learning": 225216.95,
    "active_learning": [
        251763.06,
        251361.08,
        215817.61,
        179863.05,
        180078.56,
        215605.34,
        288361.57999999996,
        215636.7,
        215701.61,
        215711.35,
        215576.55,
        252555.57,
        288273.36,
        288104.52,
        183363.82,
        219416.6,
        219281.48,
        221699.7,
        221629.3,
        221697.32,
        221751.31,
        221681.12,
        257713.0,
        294253.8,
        294205.91000000003,
        294207.23,
        294219.66000000003,
        258234.99
    ]
}