{
    "virtual_best": 6491.01,
    "single_best": 40365.96,
    "passive_learning": 71610.04999999999,
    "active_learning": [
        182785.66999999998,
        217354.73,
        182598.33,
        182788.47,
        181726.94,
        181917.09,
        182211.35,
        146542.91,
        110535.20999999999,
        110561.81,
        109965.02,
        73964.29999999999,
        73965.0,
        36110.78,
        36206.5,
        36412.619999999995,
        72320.63,
        72318.5,
        35435.24,
        35130.259999999995,
        36392.729999999996,
        36398.56,
        36088.68,
        72091.57999999999,
        71605.84,
        71641.61,
        71635.84,
        71605.57999999999
    ]
}