{
    "virtual_best": 1041.82,
    "single_best": 221095.88,
    "passive_learning": 39219.92,
    "active_learning": [
        75403.95,
        75329.56,
        145237.32,
        145412.99,
        147223.41,
        75297.37999999999,
        75512.37999999999,
        73562.15,
        145550.66999999998,
        73424.81999999999,
        37299.03,
        37299.15,
        37299.770000000004,
        1307.19,
        37303.57,
        37303.880000000005,
        37303.880000000005,
        37305.37,
        37305.380000000005,
        37305.39,
        37305.37,
        37318.03,
        37318.03,
        37318.03,
        37318.310000000005,
        37320.090000000004,
        37319.82,
        37319.82,
        37319.82,
        37319.82,
        37319.82,
        37319.82,
        37319.82,
        37319.840000000004,
        37319.79,
        37319.79,
        37319.79,
        37319.79,
        37319.79,
        37319.79,
        37319.79,
        37319.79,
        37319.79,
        37319.79,
        37319.79,
        37319.79,
        37319.79,
        37319.79,
        37319.79,
        37317.71,
        37317.76,
        37317.14,
        37307.55,
        37305.48,
        37304.950000000004,
        37305.020000000004,
        37305.03,
        37306.86,
        37307.12,
        37304.82,
        37304.82,
        37269.32,
        37269.590000000004,
        37269.340000000004,
        37305.060000000005,
        37305.060000000005
    ]
}