{
    "virtual_best": 8017.21,
    "single_best": 8807.68,
    "passive_learning": 80750.37999999999,
    "active_learning": [
        766214.4600000001,
        477029.59,
        190731.83,
        226676.50999999998,
        225986.44,
        225985.41,
        443589.47000000003,
        262350.69,
        9072.449999999999,
        9018.789999999999,
        9024.58,
        9024.6,
        12252.15,
        9053.92,
        9061.449999999999,
        9073.09,
        9073.07,
        9073.09,
        10380.47,
        9013.64,
        47626.57,
        47614.93,
        47614.93,
        47614.93,
        47614.93,
        298241.99000000005,
        298241.99000000005,
        298241.99000000005,
        298241.99000000005,
        298241.99000000005,
        298241.99000000005,
        298241.99000000005,
        298241.99000000005,
        83497.9,
        83497.9,
        83497.9,
        83497.9,
        83497.9,
        83497.9,
        83497.9,
        83497.9,
        83497.9,
        83497.9,
        83497.9,
        83497.9,
        83497.9,
        83497.9,
        83497.9,
        83497.9,
        9024.56,
        9073.07,
        9119.27,
        8901.38,
        8876.09,
        8952.67,
        8851.69,
        8905.5,
        8854.029999999999,
        8905.5,
        8846.109999999999,
        8851.71,
        8851.69,
        8960.59,
        8962.93,
        8977.91,
        8977.91
    ]
}