{
    "virtual_best": 2977.31,
    "single_best": 219741.02,
    "passive_learning": 3486.2400000000002,
    "active_learning": [
        39767.92,
        39233.77,
        75501.68,
        3504.82,
        3506.26,
        3506.23,
        3486.2400000000002,
        3503.02,
        3476.1800000000003,
        3485.36,
        3474.7200000000003,
        3474.6200000000003,
        3483.9300000000003,
        3475.8,
        3484.1800000000003,
        3484.1800000000003,
        3485.34,
        3475.78,
        39425.69,
        3533.3,
        39395.33,
        3490.4700000000003,
        3532.1200000000003,
        3532.53,
        3450.1800000000003,
        39438.57,
        39395.33,
        39415.85,
        39405.64,
        39447.7,
        3541.6600000000003,
        3532.53,
        3550.07
    ]
}