{
    "virtual_best": 6708.77,
    "single_best": 7452.06,
    "passive_learning": 7558.349999999999,
    "active_learning": [
        7487.07,
        7524.219999999999,
        7487.0199999999995,
        7535.429999999999,
        7517.71,
        7487.0199999999995,
        7487.07,
        7487.0,
        7489.34,
        7487.0,
        7489.34,
        7487.0,
        7489.34,
        7489.34,
        7487.0,
        7509.13,
        7489.32,
        7486.98,
        190321.15,
        7554.849999999999,
        190512.29,
        7554.87,
        7554.87,
        7554.87,
        7554.87,
        190512.76,
        190509.95,
        190579.59,
        190512.31,
        190534.87,
        7552.96,
        7589.07,
        7589.07
    ]
}