{
    "virtual_best": 4361.14,
    "single_best": 6565.1,
    "passive_learning": 109948.68000000001,
    "active_learning": [
        145654.64,
        108862.59,
        108952.99,
        144603.87,
        107600.31,
        108578.34,
        72895.70999999999,
        108565.79000000001,
        108581.82,
        108581.02,
        72888.49,
        72983.84,
        72853.89,
        71887.95000000001,
        71863.91,
        71771.82,
        71891.72,
        71998.06,
        71997.87,
        71885.42,
        71775.34,
        71885.65,
        71775.97,
        36045.58,
        107530.17,
        107519.99,
        109843.24,
        74021.48000000001,
        74112.70999999999,
        109934.46
    ]
}