{
    "virtual_best": 9758.6,
    "single_best": 149361.72,
    "passive_learning": 328327.06,
    "active_learning": [
        363235.81,
        330560.42000000004,
        330593.23000000004,
        400807.52,
        401039.06,
        400783.93,
        364799.86000000004,
        400744.63,
        400836.67000000004,
        400853.92000000004,
        332015.59,
        259757.71000000002,
        290390.75,
        292687.38,
        292641.12,
        292638.07,
        256676.81,
        292925.51,
        328364.69,
        292372.66,
        328329.13,
        328532.18,
        292346.97000000003,
        328322.74,
        328322.04000000004,
        328389.33,
        328397.95,
        328313.42000000004,
        328380.84,
        328380.84
    ]
}