{
    "virtual_best": 2004.66,
    "single_best": 185295.02,
    "passive_learning": 38043.43,
    "active_learning": [
        37592.869999999995,
        37698.21,
        39055.85,
        73194.45000000001,
        73943.56000000001,
        73075.36,
        37594.26,
        37594.14,
        37476.06,
        37474.75,
        37592.95,
        37591.18,
        37591.18,
        73192.37000000001,
        73073.63,
        73191.82,
        73192.35,
        73195.69,
        73195.69,
        73191.79000000001,
        73191.79000000001,
        37913.96,
        2420.21,
        2420.23,
        2420.23,
        2420.21,
        2420.21,
        37913.96,
        37913.96,
        37913.96,
        37913.96,
        2420.23,
        2420.23,
        2420.23,
        2420.23,
        2420.23,
        2420.23,
        2420.23,
        2420.23,
        2420.23,
        2420.23,
        37913.96,
        2420.23,
        37899.58,
        37899.63,
        37899.729999999996,
        38043.549999999996,
        38043.43,
        38043.549999999996,
        38043.43,
        38043.42,
        38043.43,
        38043.43,
        38043.43,
        38043.43,
        38043.43
    ]
}