{
    "virtual_best": 7864.02,
    "single_best": 8611.46,
    "passive_learning": 8870.01,
    "active_learning": [
        8645.06,
        8645.04,
        8645.04,
        8645.04,
        8645.04,
        8645.06,
        8645.06,
        8645.06,
        8645.06,
        8644.99,
        8644.99,
        8644.99,
        8644.99,
        8645.06,
        8645.06,
        8644.99,
        8645.06,
        8644.99,
        8644.99,
        8644.99,
        8644.99,
        8644.99,
        8644.99,
        8644.99,
        8644.99,
        8644.99,
        8647.33,
        8647.33,
        8647.33,
        8647.33,
        8647.33,
        8647.33,
        8647.33,
        8647.33,
        8647.33,
        8647.33,
        8647.33,
        8647.33,
        8647.33,
        8647.33,
        8647.33,
        8647.33,
        8647.33,
        8644.99,
        8644.99,
        8647.33,
        8867.69,
        8867.69,
        8868.140000000001,
        8890.29,
        8867.710000000001,
        8867.710000000001,
        8867.710000000001,
        8890.25,
        8901.890000000001,
        8901.890000000001
    ]
}