{
    "virtual_best": 2486.51,
    "single_best": 147590.98,
    "passive_learning": 2616.79,
    "active_learning": [
        147291.99,
        146939.25999999998,
        146231.97999999998,
        74661.78,
        146773.15999999997,
        39450.25,
        111371.81,
        39231.1,
        39250.01,
        147088.61,
        39547.85,
        39230.73,
        39232.840000000004,
        3487.8,
        74997.84,
        39091.97,
        2610.78,
        38874.38,
        74445.89,
        2582.4,
        38564.48,
        2582.42,
        2582.42,
        2975.09,
        2624.4500000000003,
        2584.28,
        2584.28,
        2584.46,
        2584.4300000000003,
        2584.27
    ]
}