{
    "virtual_best": 7473.9,
    "single_best": 8338.82,
    "passive_learning": 44420.36,
    "active_learning": [
        659726.57,
        659692.4299999999,
        408885.33999999997,
        261896.25999999998,
        659718.2,
        261848.12,
        623727.46,
        261765.16999999998,
        261853.99,
        408929.51,
        512707.74,
        405254.68,
        8401.900000000001,
        259324.12999999998,
        155536.78999999998,
        259337.21,
        262188.11,
        151603.91999999998,
        155523.18999999997,
        8504.810000000001,
        118464.99,
        44773.86,
        8504.810000000001,
        116250.07,
        8502.470000000001,
        8502.470000000001,
        8447.58,
        8447.58,
        8502.470000000001,
        8523.630000000001
    ]
}