{
    "virtual_best": 1312.63,
    "single_best": 255241.89,
    "passive_learning": 2106.21,
    "active_learning": [
        182278.42,
        181984.75,
        74193.67,
        110121.47,
        110115.18000000001,
        110103.43000000001,
        109531.20000000001,
        145441.55000000002,
        73587.37000000001,
        73587.70000000001,
        1647.7600000000002,
        1648.06,
        1593.83,
        1589.85,
        1635.79,
        1576.23,
        1573.02,
        1573.77,
        1576.23,
        1576.23,
        1576.23,
        1630.46,
        1576.23,
        1630.46,
        1576.23,
        1576.23,
        1576.2199999999998,
        1576.2199999999998,
        1576.2199999999998,
        1576.2199999999998,
        1576.23,
        1576.23,
        1576.23,
        1576.23,
        1630.1599999999999,
        1630.1599999999999,
        1576.2199999999998,
        1576.2199999999998,
        1576.2199999999998,
        1630.46,
        1630.46,
        1630.46,
        1630.46,
        1630.46,
        1630.46,
        1630.46,
        1630.46,
        1630.46,
        1630.46,
        1630.46,
        1630.46,
        2213.05,
        1812.02,
        2388.85,
        2132.88,
        2371.63,
        1543.4,
        2173.86,
        1543.4,
        1533.44,
        1534.2399999999998,
        1534.2399999999998,
        1534.2399999999998,
        1591.69,
        1534.2399999999998,
        1591.69,
        1534.19,
        1534.2399999999998
    ]
}