{
    "virtual_best": 7406.49,
    "single_best": 8212.73,
    "passive_learning": 477844.82,
    "active_learning": [
        659441.32,
        659404.81,
        477948.75,
        477913.87,
        477846.43,
        477870.4,
        227344.30000000002,
        331424.83,
        8480.74,
        227344.22,
        8403.339999999998,
        8403.339999999998,
        8426.189999999999,
        8389.8,
        8534.509999999998,
        8533.759999999998,
        8539.609999999999,
        8539.609999999999,
        8539.609999999999,
        8539.16,
        8539.16,
        8533.31,
        8555.89,
        227402.64,
        8539.16,
        8539.16,
        8539.16,
        8539.16,
        8539.16,
        8539.16,
        8533.31,
        8539.16,
        8539.16,
        8539.16,
        8536.82,
        8539.16,
        8539.16,
        8539.16,
        8539.16,
        8539.16,
        8539.16,
        8539.16,
        8539.16,
        8539.16,
        8539.16,
        8539.16,
        8539.16,
        8539.16,
        8539.16,
        8539.16,
        8539.16,
        476754.5,
        8472.92,
        477862.82,
        404576.12,
        368637.63,
        8472.92,
        259046.79,
        151780.11000000002,
        8472.92,
        370674.62,
        8454.9,
        8457.24,
        8454.9,
        8500.23,
        8457.24,
        8457.24,
        8398.509999999998
    ]
}