{
    "virtual_best": 2836.39,
    "single_best": 223471.02,
    "passive_learning": 330980.73,
    "active_learning": [
        1127961.13,
        802750.73,
        655603.87,
        618097.73,
        368575.85,
        407381.27,
        263359.33999999997,
        297902.77999999997,
        332781.92,
        227130.22,
        189759.94,
        188634.69999999998,
        294504.95999999996,
        223336.34999999998,
        294999.70999999996,
        294930.06,
        260012.00999999998,
        367029.92,
        294842.74,
        186429.99
    ]
}