{
    "virtual_best": 2128.61,
    "single_best": 255779.84,
    "passive_learning": 219542.13999999998,
    "active_learning": [
        580838.55,
        364280.74,
        327153.79,
        290829.44,
        291132.55,
        255488.56999999998,
        255470.50999999998,
        255126.21,
        218994.13,
        255281.31,
        219378.0,
        291174.64,
        290544.99,
        255146.55,
        219131.53999999998,
        291427.89,
        255060.06,
        255227.88,
        219419.06999999998,
        255063.33
    ]
}