{
    "virtual_best": 2332.5,
    "single_best": 258364.41,
    "passive_learning": 38699.14,
    "active_learning": [
        75824.1,
        38910.19,
        74611.55,
        75545.12,
        111205.26,
        39338.23,
        75197.04000000001,
        111148.16,
        75149.52,
        75149.17,
        75149.45,
        75112.35,
        39611.03,
        39610.75,
        75286.02,
        39425.01,
        74514.58,
        74500.01,
        38653.58,
        74514.58,
        74556.47,
        38695.07,
        38695.42,
        74556.40000000001,
        38695.380000000005,
        74556.40000000001,
        74555.3,
        38695.4,
        74561.2,
        74514.51,
        74514.51
    ]
}