{
    "virtual_best": 7511.28,
    "single_best": 8192.82,
    "passive_learning": 8215.78,
    "active_learning": [
        8316.06,
        8316.06,
        8278.98,
        191275.61,
        191283.69999999998,
        8301.53,
        191315.62999999998,
        8279.31,
        8358.41,
        8316.48,
        8315.73,
        8182.29,
        9489.6,
        8118.23,
        442331.51,
        334055.06,
        262940.12,
        442269.54000000004,
        259534.08,
        442170.26,
        298478.66000000003,
        8123.39,
        8215.710000000001,
        82344.61,
        8215.69,
        191090.43,
        82258.86,
        8483.84,
        191125.87,
        262975.38,
        262975.38
    ]
}