{
    "virtual_best": 6999.64,
    "single_best": 7775.78,
    "passive_learning": 7823.16,
    "active_learning": [
        7812.52,
        7810.29,
        79098.9,
        257934.82,
        7810.27,
        7810.27,
        7810.27,
        7810.29,
        7810.24,
        153718.53,
        7810.27,
        7810.22,
        7810.22,
        7810.24,
        7810.320000000001,
        7810.320000000001,
        7810.24,
        7810.22,
        226397.80000000002,
        7860.37,
        7820.84,
        7820.84,
        7841.9800000000005,
        7841.9800000000005,
        8593.04,
        7865.96,
        7865.96,
        79911.61,
        79911.61,
        223342.11000000002,
        223342.11000000002,
        223342.11000000002,
        223342.11000000002,
        223342.11000000002,
        223342.11000000002,
        7833.66,
        7833.66,
        7839.5,
        226336.44,
        226336.44,
        226336.44,
        226336.44,
        226336.44,
        226336.44,
        226336.44,
        226336.44,
        226336.44,
        226336.44,
        187885.17,
        226258.40000000002,
        43176.14,
        43195.22,
        222821.12,
        7801.74,
        43729.44,
        79103.81999999999,
        7801.74,
        189287.18000000002,
        81577.12999999999,
        81577.12999999999
    ]
}