{
    "virtual_best": 4243.28,
    "single_best": 295425.55,
    "passive_learning": 4483.570000000001,
    "active_learning": [
        44617.170000000006,
        8682.93,
        83722.56999999999,
        81695.76999999999,
        42118.810000000005,
        6203.16,
        6180.72,
        6182.280000000001,
        6181.63,
        6633.8,
        6181.58,
        6181.59,
        6210.860000000001,
        6089.71,
        6184.68,
        6211.29,
        6210.030000000001,
        6210.58,
        6612.1,
        6234.76,
        6207.85,
        4500.900000000001,
        4500.91,
        4500.91,
        4534.9400000000005,
        4523.37,
        4522.7300000000005,
        75965.7,
        75965.7,
        75981.67,
        75981.67,
        75981.67,
        75982.31,
        75982.31,
        75981.67,
        4509.41,
        4509.41,
        4509.2300000000005,
        4923.12,
        4923.16,
        4923.16,
        4923.16,
        4923.16,
        4923.16,
        4923.16,
        4923.16,
        4923.16,
        4923.16,
        75932.78,
        4892.66,
        4459.29,
        5764.25,
        77218.09,
        4486.35,
        4486.35,
        4489.650000000001,
        4486.360000000001,
        4892.54,
        4486.360000000001,
        4486.360000000001
    ]
}