{
    "virtual_best": 2522.6,
    "single_best": 329002.72,
    "passive_learning": 75516.06999999999,
    "active_learning": [
        183894.57,
        183284.72999999998,
        76145.48,
        76449.19,
        148000.91,
        76065.53,
        75819.95999999999,
        75333.56,
        75171.34999999999,
        75179.61,
        75817.23,
        75301.93,
        111081.64,
        111390.06999999999,
        75254.5,
        75280.4,
        75456.72,
        75483.89,
        75247.45999999999,
        75222.44,
        75219.93,
        75246.97
    ]
}