{
    "virtual_best": 6348.17,
    "single_best": 112944.06,
    "passive_learning": 180882.04,
    "active_learning": [
        144860.03,
        144859.47,
        144862.36,
        178940.51,
        216825.64,
        216954.82,
        144842.58,
        178908.80000000002,
        181309.73,
        181309.32,
        181380.11000000002,
        144972.31,
        180929.37,
        216954.28,
        142566.74,
        142546.43,
        143596.34,
        142533.41,
        142533.41,
        108966.54000000001,
        144949.46,
        108966.54000000001,
        144949.46,
        144948.93,
        144958.26,
        180949.81,
        180886.03,
        144898.18,
        144898.18
    ]
}