{
    "virtual_best": 9812.93,
    "single_best": 149483.23,
    "passive_learning": 258802.22,
    "active_learning": [
        180228.37,
        182871.16,
        182969.82,
        182968.30000000002,
        182752.05000000002,
        215554.37,
        182628.7,
        215561.48,
        255479.55000000002,
        291614.83999999997,
        182448.39,
        256139.64,
        218566.64,
        185639.1,
        149909.44,
        215968.27000000002,
        183085.69,
        288790.95,
        292107.98,
        255959.44,
        255961.27000000002,
        256317.52000000002,
        255960.41,
        222248.71000000002,
        291809.14,
        292790.57,
        292513.0,
        292515.21,
        292513.37
    ]
}