{
    "virtual_best": 8932.94,
    "single_best": 81730.37,
    "passive_learning": 114377.95,
    "active_learning": [
        182105.76,
        182653.66,
        179998.06,
        179683.3,
        182123.91,
        146015.7,
        218585.84,
        253305.47,
        181361.41,
        217359.3,
        184791.3,
        148792.03999999998,
        148794.81,
        148795.40999999997,
        112799.36,
        114337.98999999999,
        114333.83,
        114348.9,
        114364.94,
        112850.42,
        112816.39,
        112854.58,
        112817.12,
        112816.51,
        112818.45,
        112779.37999999999,
        112824.87999999999,
        112827.01,
        112827.73999999999,
        112827.73999999999
    ]
}