{
    "virtual_best": 10236.71,
    "single_best": 149878.53,
    "passive_learning": 222780.12,
    "active_learning": [
        219302.62,
        219395.65000000002,
        219210.55,
        219284.01,
        183030.76,
        183310.07,
        290918.78,
        255704.91999999998,
        255695.77000000002,
        219721.28999999998,
        219721.28999999998,
        219720.74,
        219790.72999999998,
        148106.6,
        182995.03000000003,
        183256.61,
        146995.38,
        147020.49,
        147249.84,
        146972.72999999998,
        255677.8,
        222112.33000000002,
        255279.24,
        291812.41,
        256228.90999999997,
        256228.90999999997,
        258638.77000000002,
        294633.1,
        294640.5,
        294639.97000000003,
        294639.97000000003,
        294633.39,
        294632.37,
        294633.24,
        258653.03999999998,
        294637.03,
        259399.69,
        259022.15999999997,
        294637.84,
        259471.93,
        294637.01,
        294700.88,
        258686.59999999998,
        258693.33000000002,
        258693.31,
        258693.31,
        258693.31,
        258693.31,
        258693.31,
        258693.33000000002,
        258693.31,
        258693.31,
        258689.68,
        258689.68,
        258685.34000000003,
        258685.34000000003,
        222708.08000000002,
        222708.08000000002,
        223129.41999999998,
        223129.41999999998,
        223129.41999999998,
        294985.19,
        258759.8,
        258761.74,
        258714.21000000002,
        258765.84000000003,
        258764.62,
        258766.07
    ]
}