{
    "virtual_best": 4804.25,
    "single_best": 73429.65,
    "passive_learning": 106944.35,
    "active_learning": [
        145409.91999999998,
        142801.22999999998,
        142869.49,
        142857.16,
        143265.38,
        143265.86,
        142874.91999999998,
        107266.29000000001,
        107299.64,
        109802.62,
        71214.31,
        71146.47,
        71145.73000000001,
        71216.93,
        71048.0,
        70998.87,
        70998.87,
        70998.44,
        70997.65,
        70999.75,
        70999.20000000001,
        71048.59,
        71052.86,
        107043.2,
        71051.20000000001,
        71051.20000000001,
        71115.65,
        107039.8,
        107036.93000000001,
        107036.93000000001,
        107036.93000000001,
        71165.85,
        71165.85,
        71165.85,
        71162.23000000001,
        71162.23000000001,
        71163.54000000001,
        71162.95999999999,
        71180.95999999999,
        71179.79000000001,
        71346.95000000001,
        71344.06,
        71346.93,
        71346.93,
        71346.93,
        71346.93,
        71346.93,
        71349.82,
        71349.82,
        71349.82,
        71349.82,
        71349.82,
        71350.55,
        71350.55,
        71349.72,
        71349.72,
        71351.85,
        71351.85,
        71346.70000000001,
        71346.70000000001,
        71346.70000000001,
        107010.69,
        107011.22,
        107014.1,
        107006.11,
        107003.25,
        106817.87,
        106816.56
    ]
}