{
    "virtual_best": 2025.29,
    "single_best": 290621.71,
    "passive_learning": 38298.53,
    "active_learning": [
        110118.02,
        109871.86,
        145855.76,
        145853.51,
        145393.55000000002,
        109868.37,
        109868.34999999999,
        109868.31999999999,
        109668.47,
        74168.41,
        74168.37999999999,
        74168.34,
        74168.31,
        38511.7,
        38518.1,
        38518.75,
        2652.37,
        38308.969999999994,
        3872.87,
        39567.39,
        39597.75,
        39567.39,
        39597.079999999994,
        39567.39,
        39567.39,
        39567.39,
        39567.39,
        39567.39,
        39567.39,
        39567.39,
        39567.39,
        39567.39,
        39567.39,
        39567.39,
        39567.39,
        39567.39,
        39567.39,
        39567.39,
        39567.39,
        39567.39,
        39567.39,
        39567.39,
        39567.39,
        39567.39,
        39567.39,
        39567.39,
        39567.35,
        39569.549999999996,
        39598.78,
        38339.42,
        39531.119999999995,
        38294.88,
        39518.659999999996,
        74564.15,
        110125.61,
        75784.84,
        74565.02,
        39908.31,
        74564.68,
        38259.7,
        111240.87,
        73753.55,
        38259.82,
        73753.55
    ]
}