{
    "virtual_best": 7863.53,
    "single_best": 8613.29,
    "passive_learning": 8564.92,
    "active_learning": [
        8896.730000000001,
        8896.44,
        8896.44,
        8877.27,
        8724.980000000001,
        8804.1,
        8782.630000000001,
        8785.050000000001,
        8804.12,
        8817.710000000001,
        8880.2,
        8880.2,
        8880.2,
        8896.42,
        8896.490000000002,
        8749.800000000001,
        8727.67,
        8763.1,
        8741.630000000001,
        8749.800000000001,
        8804.1,
        8896.44,
        8804.1,
        8743.95,
        8743.95,
        8847.91,
        8847.91,
        8847.91,
        8847.91,
        8847.91,
        8847.91,
        8847.91,
        8847.91,
        8847.91,
        8847.91,
        8847.91,
        8847.91,
        8847.91,
        8847.91,
        8847.91,
        8847.91,
        8847.91,
        8847.91,
        8847.91,
        8847.91,
        8847.91,
        8721.820000000002,
        8743.95,
        8726.69,
        8810.85,
        8870.210000000001,
        8838.27,
        8648.980000000001,
        442402.42,
        442392.43,
        263074.58,
        406585.19,
        8564.94,
        334469.14,
        118445.54,
        334469.14,
        82475.26,
        82321.23999999999,
        82321.23999999999
    ]
}