{
    "virtual_best": 2633.53,
    "single_best": 182306.27,
    "passive_learning": 3063.57,
    "active_learning": [
        145798.7,
        145801.9,
        145626.7,
        145677.29,
        145688.9,
        75356.38,
        75327.88,
        75233.61,
        75143.47,
        75143.6,
        75143.49,
        74697.61,
        74697.61,
        38830.61,
        38813.38,
        3059.9700000000003,
        3063.82,
        3073.4700000000003,
        38817.22,
        38704.79,
        3059.48,
        38822.18,
        3073.48,
        3058.92,
        38830.24,
        3067.9100000000003,
        38767.33,
        3072.8500000000004,
        3081.8100000000004,
        3064.55,
        3081.8100000000004,
        3081.69,
        3081.67
    ]
}