{
    "virtual_best": 7868.13,
    "single_best": 8634.38,
    "passive_learning": 8554.7,
    "active_learning": [
        227584.78,
        227583.6,
        8702.220000000001,
        118356.06999999999,
        118279.85,
        8656.16,
        8703.61,
        259679.76,
        295555.32,
        8623.41,
        8616.25,
        8513.560000000001,
        8496.820000000002,
        8535.62,
        116126.15,
        298057.65,
        8513.04,
        8510.7,
        259611.42,
        259611.42,
        8804.36,
        80055.15,
        8513.04,
        8513.04,
        8871.150000000001,
        189712.48,
        478472.56000000006,
        259611.42,
        259655.77,
        151565.34,
        8510.7,
        8510.7,
        8510.7
    ]
}