{
    "virtual_best": 3780.16,
    "single_best": 79725.81,
    "passive_learning": 70675.62,
    "active_learning": [
        182235.03,
        179255.84,
        179258.13,
        179255.50999999998,
        179257.91,
        179251.6,
        179253.83,
        179253.68,
        179188.22999999998,
        179188.38999999998,
        179188.25,
        179190.32,
        143222.91999999998,
        179178.86,
        179184.87,
        143236.01,
        107272.07999999999,
        143242.03999999998,
        143263.45,
        70956.95999999999,
        34946.399999999994,
        70960.59,
        107018.09,
        35002.48999999999,
        35000.399999999994,
        106926.5,
        70956.41999999998,
        70956.41999999998,
        70527.56999999999,
        70525.73999999999,
        70544.13999999998,
        70819.91,
        70834.70999999999,
        70817.23999999999,
        70819.03,
        70817.07999999999,
        70819.91,
        70819.91,
        70820.04,
        70820.04,
        70820.04,
        70820.04,
        70820.04,
        70820.04,
        70754.97,
        70754.97,
        70754.97,
        70754.97,
        70754.97,
        70754.97,
        70754.97,
        70754.97,
        70754.97,
        70754.97,
        70754.97,
        70837.01999999999,
        70837.01999999999,
        70837.01999999999,
        70789.20999999999,
        70675.62,
        70692.59999999999,
        70793.43,
        71164.84999999999,
        71164.84999999999
    ]
}