{
    "virtual_best": 10285.93,
    "single_best": 149803.98,
    "passive_learning": 363242.12,
    "active_learning": [
        219070.75,
        251551.16,
        251684.18,
        215729.53,
        215970.53999999998,
        215893.16,
        215890.53999999998,
        179921.41999999998,
        147299.59,
        147423.97999999998,
        147450.34,
        183426.31,
        183054.53999999998,
        182982.86,
        183070.28,
        183052.84,
        219665.46,
        256229.19999999998,
        255711.13999999998,
        222148.59,
        189372.85,
        189344.65,
        225486.13999999998,
        258745.99,
        225737.19999999998,
        258837.21,
        225828.41999999998,
        225828.41999999998,
        225828.09,
        225827.91,
        225827.91,
        225669.32,
        225665.28,
        225702.77,
        225669.32,
        225669.32,
        225774.16999999998,
        225774.16999999998,
        225865.4,
        225865.4,
        225865.4,
        225865.4,
        225702.77,
        225702.77,
        225702.77,
        225702.77,
        225865.4,
        225865.4,
        225865.4,
        225865.4,
        225865.4,
        225865.4,
        225865.4,
        225702.77,
        225702.77,
        225702.77,
        225702.77,
        225702.77,
        189718.78999999998,
        327376.98,
        363214.33999999997,
        291286.33999999997,
        291286.33999999997,
        291286.33999999997
    ]
}