{
    "virtual_best": 2403.89,
    "single_best": 291366.14,
    "passive_learning": 184019.85,
    "active_learning": [
        255993.23,
        220299.92,
        183562.67,
        220374.99000000002,
        220031.04,
        291482.93,
        220107.22,
        219589.44,
        256239.83000000002,
        112155.44,
        183672.31000000003,
        219449.12000000002,
        183511.54,
        148912.19,
        148744.86000000002,
        220511.97,
        184531.07,
        148735.49000000002,
        148425.1,
        148418.12000000002
    ]
}