{
    "virtual_best": 2857.62,
    "single_best": 258967.02,
    "passive_learning": 330651.02999999997,
    "active_learning": [
        262206.88,
        260167.53,
        258315.30000000002,
        222744.42,
        186712.56000000003,
        152855.83000000002,
        151683.89,
        257945.12000000002,
        473334.76,
        367136.58999999997,
        474012.89999999997,
        330583.77999999997,
        366414.29,
        330275.07,
        401887.02999999997,
        367485.07,
        331268.87,
        330152.83999999997,
        294307.18,
        294181.86
    ]
}