{
    "virtual_best": 2579.05,
    "single_best": 255780.04,
    "passive_learning": 2780.15,
    "active_learning": [
        183445.05,
        148498.03,
        146477.41999999998,
        218141.58,
        182164.61,
        182164.59,
        182551.79,
        182531.68,
        182531.11,
        182516.9,
        110615.44,
        182259.69,
        110277.47,
        110277.48999999999,
        146275.28,
        112228.03,
        148315.51,
        2781.94,
        38869.409999999996,
        38869.46,
        2870.57,
        38868.28999999999,
        2780.76,
        74534.84,
        4731.75,
        2780.1000000000004,
        2780.76,
        2780.76,
        40486.92999999999,
        4721.12,
        4721.12
    ]
}