{
    "virtual_best": 7244.1,
    "single_best": 8030.24,
    "passive_learning": 43558.06,
    "active_learning": [
        189743.15,
        46619.56,
        46681.21,
        189845.37,
        189745.44,
        189743.1,
        189745.48,
        189745.44,
        189743.1,
        189743.15,
        118399.06,
        189745.44,
        189745.44,
        189745.44,
        189739.59,
        406658.45,
        406658.45,
        43438.21,
        8063.76,
        8063.76,
        8063.76,
        8063.74,
        8071.87,
        223376.57,
        80255.26999999999,
        8333.630000000001,
        8183.66,
        8183.66,
        331521.10000000003,
        152050.44,
        152050.44
    ]
}