{
    "virtual_best": 3391.25,
    "single_best": 305713.19,
    "passive_learning": 224427.59,
    "active_learning": [
        547309.6,
        584585.5,
        440567.23000000004,
        509698.07,
        473794.17000000004,
        259709.59,
        474196.30000000005,
        81096.77,
        154203.33,
        81282.19,
        117266.32,
        115825.33,
        332054.26,
        225105.06999999998,
        297279.66000000003,
        332752.87,
        475938.38,
        405074.30000000005,
        475930.73000000004,
        368524.60000000003,
        331531.16000000003,
        368352.23000000004,
        331791.01,
        295424.81,
        261346.69,
        295628.94,
        295427.83,
        295427.83,
        259534.59,
        331422.69,
        331531.36000000004,
        331531.36000000004,
        295547.32,
        331565.60000000003,
        295547.32,
        259468.46,
        259636.02,
        295336.56,
        259345.11,
        295044.76,
        259345.11,
        295101.67000000004,
        295355.83,
        223505.06999999998,
        295336.56,
        295336.56,
        259242.36,
        295336.56,
        295336.56,
        223388.36,
        295331.24000000005,
        259134.8,
        295094.11000000004,
        295728.93,
        259345.11,
        259364.38,
        295336.56,
        223322.75999999998,
        259364.38,
        295355.83,
        259282.06,
        295141.37,
        259345.11,
        295323.68,
        295336.56
    ]
}