{
    "virtual_best": 2390.83,
    "single_best": 254764.79,
    "passive_learning": 111092.85,
    "active_learning": [
        183076.36,
        219580.77,
        111748.65000000001,
        147404.03999999998,
        183280.47,
        147615.91999999998,
        147950.62,
        75998.17000000001,
        39850.409999999996,
        75498.62000000001,
        75407.34000000001,
        75541.01000000001,
        111238.75,
        111023.02,
        111109.63,
        111107.35,
        111950.11,
        75665.74,
        75642.75,
        147269.49,
        147241.61,
        110879.27,
        75954.95000000001,
        111434.47,
        111253.97,
        111176.37000000001,
        111365.05,
        111365.05,
        111365.05,
        111356.18000000001,
        111205.45000000001,
        111205.45000000001,
        111205.45000000001,
        146901.50999999998,
        111205.45000000001,
        111205.45000000001,
        111185.32,
        111185.32,
        111185.32,
        146872.9,
        111185.32,
        146840.91999999998,
        111185.32,
        111185.32,
        111184.54000000001,
        111185.32,
        146872.9,
        111185.32,
        111185.32,
        146840.91999999998,
        111185.32,
        111185.32,
        146872.9,
        111185.32,
        111185.32,
        111185.32,
        111185.32,
        146840.91999999998,
        146804.19,
        111185.32,
        146772.21,
        111084.63,
        111185.32,
        146872.9,
        111185.32
    ]
}