{
    "virtual_best": 8254.0,
    "single_best": 9137.89,
    "passive_learning": 9315.6,
    "active_learning": [
        298390.97000000003,
        12346.460000000001,
        262471.01,
        9167.39,
        9167.39,
        9167.41,
        9167.4,
        9167.4,
        9169.74,
        9167.42,
        9169.74,
        9167.4,
        9167.4,
        9167.4,
        9169.74,
        9169.74,
        9169.74,
        9203.960000000001,
        9203.960000000001,
        9169.74,
        9167.4,
        44544.29,
        81032.68,
        442596.42,
        442631.86,
        442576.74,
        442526.02,
        191443.11000000002,
        442572.44,
        45159.82,
        191533.48,
        191533.48
    ]
}