{
    "virtual_best": 2260.66,
    "single_best": 222324.66,
    "passive_learning": 2584.0600000000004,
    "active_learning": [
        181462.45,
        74418.64,
        73534.34999999999,
        73443.36,
        73044.75,
        38492.01,
        38492.39,
        38500.07,
        38500.37,
        73045.4,
        73054.54999999999,
        73044.76999999999,
        73044.79,
        73044.79,
        72886.93,
        73010.9,
        37118.880000000005,
        37154.55,
        37055.97,
        2600.32,
        2501.7400000000002,
        2574.7400000000002,
        2593.03,
        39238.65,
        39274.58,
        39238.65,
        39383.130000000005,
        39274.560000000005,
        39238.89,
        2593.2700000000004,
        39238.91,
        39238.91
    ]
}