{
    "virtual_best": 10340.85,
    "single_best": 149956.17,
    "passive_learning": 366143.48,
    "active_learning": [
        221362.43,
        188227.6,
        225564.88,
        221337.68,
        188174.8,
        187851.84,
        182638.75999999998,
        185533.53999999998,
        254931.91,
        254778.85,
        291740.52,
        255389.46,
        291624.35000000003,
        291669.49,
        291669.49,
        291668.64,
        291647.19,
        291665.71,
        291643.24,
        291719.39,
        291696.59,
        291727.72000000003,
        291714.54,
        363698.26,
        363676.5,
        363676.5,
        363671.88,
        363676.01,
        363676.01,
        363676.01,
        363672.37,
        363672.37,
        363681.29,
        363681.29,
        363681.33,
        363681.33,
        363681.33,
        363681.33,
        363681.33,
        363681.33,
        363681.33,
        363681.33,
        363683.18,
        363681.33,
        363681.33,
        363693.02999999997,
        363692.64999999997,
        363700.96,
        363696.83999999997,
        363690.64,
        363695.26,
        363755.5,
        363763.24,
        363763.24,
        363763.24,
        363763.24,
        366078.14999999997,
        366038.04,
        366108.55,
        366156.77,
        365850.17,
        365813.14,
        365813.14
    ]
}