{
    "virtual_best": 5795.08,
    "single_best": 41374.15,
    "passive_learning": 107757.19,
    "active_learning": [
        183590.19,
        146094.28,
        181173.55,
        146416.28,
        146493.4,
        146494.2,
        178528.05,
        143926.45,
        145406.45,
        144328.44,
        141424.85,
        177228.91,
        177230.6,
        177446.93,
        106585.81,
        142581.41,
        142119.89,
        107200.13,
        107665.79999999999,
        107661.72,
        107196.13,
        107195.95000000001,
        107195.95000000001,
        107757.32999999999,
        107758.66,
        107762.87,
        107758.66,
        107758.66,
        107762.73000000001,
        107762.87,
        107762.73000000001,
        107762.87,
        142677.11,
        107758.89000000001,
        107758.76000000001,
        107758.89000000001,
        107762.84,
        107762.97,
        107758.76000000001,
        107758.76000000001,
        107758.76000000001,
        107758.76000000001,
        107758.76000000001,
        107758.76000000001,
        107758.76000000001,
        107763.01999999999,
        107763.01999999999,
        107763.01999999999,
        107761.56,
        142679.91,
        107761.69,
        107761.37,
        107761.37,
        107761.5,
        107761.37,
        107761.5,
        107754.12,
        142672.68,
        107754.45000000001,
        107763.54000000001,
        107753.82999999999,
        107758.89000000001,
        107758.89000000001
    ]
}