{
    "virtual_best": 7538.94,
    "single_best": 8267.14,
    "passive_learning": 442287.47000000003,
    "active_learning": [
        190058.04,
        46921.670000000006,
        46855.36,
        480486.34,
        227165.38,
        9018.17,
        9040.73,
        9018.17,
        227199.53,
        8301.9,
        8301.880000000001,
        8304.17,
        227165.33000000002,
        8324.41,
        8301.83,
        8324.41,
        8324.41,
        8326.75,
        8326.75,
        8301.83,
        8335.74,
        8242.26,
        8220.11,
        8160.96,
        478182.01,
        227237.63,
        227083.61000000002,
        227105.74000000002,
        370426.9,
        43997.46,
        296638.41000000003,
        296638.41000000003
    ]
}