{
    "virtual_best": 4285.31,
    "single_best": 185863.09,
    "passive_learning": 4787.68,
    "active_learning": [
        181999.46000000002,
        111299.54,
        110101.95,
        110119.56,
        39510.91,
        39518.46,
        39693.950000000004,
        39699.770000000004,
        39690.43,
        4642.0,
        39456.16,
        39556.450000000004,
        39560.82,
        39460.41,
        39543.26,
        39597.18,
        39495.3,
        39441.33,
        39539.94,
        4689.360000000001,
        4625.09,
        4836.820000000001,
        4843.87,
        4708.08,
        4704.400000000001,
        4701.88,
        4701.88,
        4708.99,
        4705.1,
        4705.16,
        4784.2,
        4784.21
    ]
}