{
    "virtual_best": 5795.08,
    "single_best": 41374.15,
    "passive_learning": 107757.19,
    "active_learning": [
        146676.47,
        180409.75999999998,
        144711.25,
        180188.37,
        109273.01999999999,
        108925.23000000001,
        109474.1,
        108918.62,
        142374.15,
        107681.09,
        107678.9,
        107213.04000000001,
        107213.45999999999,
        107213.29999999999,
        107200.44,
        107667.23000000001,
        108228.32999999999,
        108235.10999999999,
        107753.51000000001,
        107753.51000000001,
        107755.28,
        107754.54000000001,
        107754.41,
        107752.54999999999,
        107753.18,
        107754.82,
        107752.93,
        107748.34,
        107752.42000000001,
        107752.37
    ]
}