{
    "virtual_best": 10340.85,
    "single_best": 149956.17,
    "passive_learning": 366143.48,
    "active_learning": [
        182979.13999999998,
        182880.12,
        146669.46,
        146988.7,
        219690.94,
        220125.44,
        220128.44,
        256088.69999999998,
        255815.16999999998,
        255715.19,
        291702.47000000003,
        291694.34,
        291693.36,
        291706.15,
        255708.86,
        255777.02,
        363648.14999999997,
        366096.68,
        366109.43,
        366069.76,
        366104.58,
        365765.42,
        365749.43,
        365761.86,
        366008.99,
        366152.35,
        365758.32,
        365766.96,
        332757.21,
        332734.43
    ]
}