{
    "virtual_best": 7473.9,
    "single_best": 8338.82,
    "passive_learning": 44420.36,
    "active_learning": [
        259016.97999999998,
        8370.66,
        8292.27,
        8279.85,
        79741.05,
        259059.46,
        259111.83,
        259117.75999999998,
        259171.55,
        8362.150000000001,
        8362.150000000001,
        115683.96,
        8364.49,
        8362.150000000001,
        44273.090000000004,
        8364.49,
        155385.4,
        8419.400000000001,
        406241.49,
        8419.400000000001,
        8364.49,
        155387.74,
        155385.4,
        155406.53999999998,
        8488.19,
        8504.810000000001,
        8537.91,
        8540.25,
        8504.810000000001,
        8504.810000000001,
        8504.810000000001,
        8504.810000000001,
        8504.810000000001,
        8504.810000000001
    ]
}