{
    "virtual_best": 2486.51,
    "single_best": 147590.98,
    "passive_learning": 2616.79,
    "active_learning": [
        76320.49,
        38642.36,
        74654.31,
        4173.719999999999,
        39743.6,
        3743.76,
        3707.57,
        3710.31,
        3598.07,
        3136.7000000000003,
        3108.31,
        2886.25,
        2689.5,
        2594.2200000000003,
        2689.1,
        2594.59,
        74434.72,
        2586.67,
        74718.55,
        2594.7400000000002,
        2624.2000000000003,
        74434.93000000001,
        74464.4,
        74435.18000000001,
        2612.73,
        2589.92,
        2627.54,
        2595.11,
        2595.11,
        2595.1200000000003,
        2588.33,
        2594.94,
        2595.1200000000003,
        2594.94
    ]
}