{
    "virtual_best": 2508.15,
    "single_best": 292818.78,
    "passive_learning": 40761.29,
    "active_learning": [
        113650.26,
        77347.22,
        77274.40999999999,
        41643.75,
        41507.170000000006,
        41066.71000000001,
        40909.23,
        5582.68,
        41077.32,
        76520.31999999999,
        5236.17,
        41033.380000000005,
        40528.3,
        40998.39000000001,
        40358.520000000004,
        40788.41,
        112451.87,
        40807.51,
        76466.68,
        112109.65999999999,
        112109.65999999999,
        112250.20999999999
    ]
}