{
    "virtual_best": 2992.25,
    "single_best": 294911.1,
    "passive_learning": 401403.66,
    "active_learning": [
        443569.74,
        80074.05,
        152447.72,
        116088.45,
        115965.56,
        79995.8,
        295136.69999999995,
        294086.89999999997,
        366319.5,
        330040.14999999997,
        257952.44,
        365798.82999999996,
        401879.98,
        510359.19999999995,
        294266.69,
        366202.0,
        330291.44999999995,
        330055.75,
        330605.45999999996,
        401806.79,
        401806.79,
        366153.61
    ]
}