{
    "virtual_best": 5007.99,
    "single_best": 437313.02,
    "passive_learning": 293958.51,
    "active_learning": [
        296185.85,
        260652.99,
        259780.8,
        259569.81,
        329378.56,
        293617.92,
        186745.33,
        186653.18,
        186374.25,
        257744.13,
        257299.41999999998,
        293436.87,
        293286.86,
        329382.15,
        329143.7,
        258001.0,
        257503.34,
        257597.66,
        257964.79,
        257822.94999999998,
        257835.11
    ]
}