{
    "virtual_best": 6337.86,
    "single_best": 221904.04,
    "passive_learning": 180399.40000000002,
    "active_learning": [
        361044.95,
        325132.33999999997,
        325318.58999999997,
        324604.58999999997,
        325888.58999999997,
        361614.45,
        181581.90000000002,
        217577.06,
        215976.24,
        215598.31,
        215578.27000000002,
        251569.71000000002,
        180989.68,
        216601.8,
        252695.05,
        216705.69,
        180724.21999999997,
        216674.08000000002,
        216674.08000000002,
        252386.27999999997,
        216672.21000000002,
        180629.38,
        180629.38,
        180629.38,
        180629.64,
        180446.75,
        180347.40000000002,
        180347.40000000002,
        180447.01
    ]
}