{
    "virtual_best": 9919.19,
    "single_best": 113514.93,
    "passive_learning": 325992.72,
    "active_learning": [
        260109.96000000002,
        220698.93,
        254240.49,
        182390.77999999997,
        182979.11,
        216500.62,
        182892.74,
        184529.27000000002,
        147816.88,
        219989.65999999997,
        219993.33000000002,
        180442.43,
        253725.03999999998,
        257406.71000000002,
        253708.93,
        257305.55,
        327023.8,
        326316.32,
        326312.93,
        326380.47,
        362258.97,
        326385.64999999997,
        326048.26,
        290057.55,
        326709.68,
        325992.72,
        325987.38,
        325987.38,
        325987.38
    ]
}