{
    "virtual_best": 4777.77,
    "single_best": 145629.69,
    "passive_learning": 145732.81,
    "active_learning": [
        145995.76,
        145994.39,
        146004.12,
        145782.26,
        181989.79,
        146048.25,
        146499.33000000002,
        143626.26,
        147272.64,
        146182.66999999998,
        146181.0,
        146182.19,
        147241.57,
        146006.76,
        146005.3,
        146008.43,
        181985.28,
        146031.51,
        146031.51,
        145895.5,
        145853.84,
        145852.69,
        145801.4,
        145735.43,
        145735.45,
        145732.75,
        145732.75,
        145733.41999999998,
        145733.47999999998,
        145733.47999999998
    ]
}