{
    "virtual_best": 10229.62,
    "single_best": 149986.91,
    "passive_learning": 399951.53,
    "active_learning": [
        254322.68,
        255983.93,
        255921.13,
        291797.95999999996,
        291367.68,
        221316.39,
        256968.86000000002,
        293562.38,
        290162.18,
        289407.73,
        293287.45999999996,
        254335.58,
        290182.62,
        293483.05,
        257940.65,
        257708.35,
        254401.28,
        287992.81,
        255941.95,
        293055.33999999997,
        363414.1,
        364030.33999999997,
        400058.37,
        364434.26,
        364332.43999999994,
        331821.74,
        364424.77,
        331404.42000000004,
        331404.94999999995,
        364413.74
    ]
}