{
    "virtual_best": 2974.4,
    "single_best": 223818.31,
    "passive_learning": 402447.56,
    "active_learning": [
        692028.1799999999,
        727644.9199999999,
        331385.64,
        294993.95,
        186949.91,
        222643.44,
        258819.36,
        294146.66000000003,
        294430.08,
        223065.29,
        438440.25,
        438108.94,
        438419.0,
        438688.83,
        438646.25,
        402022.16000000003,
        438489.54000000004,
        438074.60000000003,
        438297.87000000005,
        438332.96,
        437991.32,
        402320.45,
        437925.43000000005,
        474594.69,
        473161.41000000003,
        473047.88,
        473264.36000000004,
        473264.36000000004,
        473264.36000000004,
        473264.36000000004,
        473264.36000000004,
        473264.36000000004,
        473264.36000000004,
        473264.36000000004,
        473264.36000000004,
        473264.36000000004,
        473264.36000000004,
        473264.36000000004,
        473264.36000000004,
        473264.36000000004,
        473264.36000000004,
        473264.36000000004,
        473264.36000000004,
        473264.36000000004,
        473264.36000000004,
        473264.36000000004,
        473264.36000000004,
        473264.36000000004,
        473264.36000000004,
        473617.25,
        473280.16000000003,
        509799.72000000003,
        437845.73000000004,
        437713.94,
        438052.81
    ]
}