{
    "virtual_best": 1896.5,
    "single_best": 185042.53,
    "passive_learning": 148932.41,
    "active_learning": [
        293712.59,
        257618.07,
        222145.82,
        183920.0,
        184660.94999999998,
        112530.04,
        184053.59,
        219563.47,
        184256.8,
        76278.34999999999,
        148312.68,
        184456.1,
        220403.69999999998,
        184476.06,
        184907.56,
        184363.61,
        184544.94999999998,
        184480.82,
        220253.84,
        256385.35,
        220290.97,
        148456.25,
        184584.41,
        184655.47,
        148812.16,
        184637.09,
        148624.74,
        148624.74,
        148624.74,
        148624.74,
        148624.74,
        148624.74,
        148624.74,
        148624.74,
        148624.74,
        148624.74,
        148624.74,
        148624.74,
        148624.74,
        148624.74,
        148624.74,
        148624.74,
        148624.74,
        148624.74,
        148624.74,
        148624.74,
        148624.74,
        148624.74,
        148624.74,
        184662.5,
        113020.62999999999,
        148844.41,
        184022.29,
        148359.16999999998,
        148357.85
    ]
}