{
    "virtual_best": 7686.17,
    "single_best": 8398.46,
    "passive_learning": 8388.54,
    "active_learning": [
        8578.55,
        8582.19,
        258900.45,
        82457.83,
        44517.67,
        8638.01,
        8638.01,
        82365.47,
        442189.41,
        190529.83000000002,
        191556.38,
        8563.93,
        82285.31999999999,
        8478.47,
        8551.24,
        82612.68,
        258992.06000000003,
        258953.24000000002,
        115689.5,
        8420.97,
        8415.18,
        8406.99,
        8415.18,
        8390.26,
        8392.6,
        8412.82,
        43764.64,
        8412.82,
        8390.24,
        8412.82,
        8414.710000000001,
        8426.82,
        8426.82,
        8426.82,
        43801.22
    ]
}