{
    "virtual_best": 3300.92,
    "single_best": 328709.16,
    "passive_learning": 3709.53,
    "active_learning": [
        149233.73,
        149227.99000000002,
        221112.08000000002,
        219168.17,
        183358.5,
        183353.48,
        146728.24000000002,
        110509.59999999999,
        74876.69,
        39565.97,
        74414.38,
        3703.96,
        39599.52,
        38552.49,
        3777.13,
        39599.81,
        4347.22,
        4292.1,
        3717.42,
        3682.19,
        3685.13,
        3684.16,
        3684.16,
        3720.4700000000003,
        3683.39,
        3684.01,
        3684.14,
        3684.14,
        3712.39,
        3712.39,
        3712.37,
        3713.81,
        3712.8,
        3712.8,
        3689.0
    ]
}