{
    "virtual_best": 2754.69,
    "single_best": 196720.26,
    "passive_learning": 366343.61000000004,
    "active_learning": [
        653562.5399999999,
        509424.22000000003,
        509879.86000000004,
        509739.93,
        473851.07,
        222316.63999999998,
        293531.03,
        329253.16000000003,
        257428.28999999998,
        329188.25,
        329639.54000000004,
        329762.81,
        401165.76,
        292729.28,
        364988.49,
        329973.17000000004,
        329011.65,
        365831.27,
        330093.07,
        365993.81,
        401985.22000000003,
        330337.67000000004,
        329627.68,
        329571.49,
        401015.92000000004,
        329240.5,
        328915.19,
        293004.14,
        292743.53,
        292743.53,
        292743.53,
        292743.53,
        292743.53,
        292743.53,
        292743.53,
        292743.53,
        292743.53,
        292743.53,
        292743.53,
        292743.53,
        292743.53,
        292743.53,
        292743.53,
        292743.53,
        292743.53,
        292743.53,
        292743.53,
        292743.53,
        292743.53,
        292743.53,
        292743.53,
        292743.53,
        292743.53,
        293756.16000000003,
        365771.24,
        329336.03,
        330264.23000000004,
        329999.63,
        258182.44999999998
    ]
}