{
    "virtual_best": 3367.15,
    "single_best": 577993.46,
    "passive_learning": 255804.06999999998,
    "active_learning": [
        436796.97000000003,
        399706.17000000004,
        543863.33,
        471670.91000000003,
        542869.44,
        327848.56,
        255977.49,
        292477.24,
        363914.35000000003,
        327661.05,
        291201.04000000004,
        255795.68,
        292183.06,
        328148.96,
        256802.49,
        256500.0,
        256291.4,
        292159.08,
        256109.37,
        256459.34,
        220188.05,
        220775.97,
        292484.85000000003,
        291927.43,
        291901.44,
        256324.06999999998,
        291878.79000000004,
        291878.57,
        291890.72000000003,
        291890.72000000003,
        291890.72000000003,
        291890.72000000003,
        291890.72000000003,
        291890.72000000003,
        291890.72000000003,
        291890.72000000003,
        291890.72000000003,
        291890.72000000003,
        291890.72000000003,
        291890.72000000003,
        291890.72000000003,
        291890.72000000003,
        291890.72000000003,
        291890.72000000003,
        291890.72000000003,
        291890.72000000003,
        291890.72000000003,
        291890.72000000003,
        291890.72000000003,
        291890.72000000003,
        291890.72000000003,
        291890.72000000003,
        291890.72000000003,
        256181.09999999998,
        291465.24,
        291756.03,
        255903.84999999998,
        363204.38,
        255689.71
    ]
}