{
    "virtual_best": 6390.46,
    "single_best": 109447.34,
    "passive_learning": 249334.31999999998,
    "active_learning": [
        251566.22999999998,
        287297.19,
        252997.97,
        217275.13999999998,
        145413.03,
        146505.83,
        142369.16,
        145251.43,
        106320.79000000001,
        106352.54000000001,
        142301.97,
        177991.49,
        177988.41,
        213990.38,
        213988.34999999998,
        213408.63999999998,
        213408.63999999998,
        249458.53,
        249400.34999999998,
        249397.8,
        249436.71,
        249435.28,
        249436.18,
        249436.18,
        249428.31,
        249428.31,
        249428.31,
        249428.31,
        249428.31,
        249428.31,
        249428.31,
        249420.38,
        249419.84999999998,
        249419.84999999998,
        249417.3,
        213447.91,
        249419.84999999998,
        249419.84999999998,
        249419.84999999998,
        249419.84999999998,
        249419.84999999998,
        249419.84999999998,
        249419.84999999998,
        249419.84999999998,
        249419.84999999998,
        249419.84999999998,
        249419.84999999998,
        249419.84999999998,
        249419.84999999998,
        249419.84999999998,
        249419.84999999998,
        249417.3,
        249419.84999999998,
        249419.84999999998,
        249419.84999999998,
        249419.84999999998,
        249419.84999999998,
        249419.84999999998,
        249419.84999999998,
        249417.3,
        249450.28999999998,
        213392.06999999998,
        249363.34999999998,
        249363.34999999998,
        249497.8
    ]
}