{
    "virtual_best": 9839.27,
    "single_best": 149404.69,
    "passive_learning": 326961.42,
    "active_learning": [
        362027.64999999997,
        358563.99,
        325856.43,
        293586.11,
        326725.02,
        362505.72,
        362517.63,
        326606.27,
        326471.3,
        290574.4,
        254581.19,
        327561.37,
        291570.62,
        255518.03,
        327583.47,
        255591.38,
        291532.66000000003,
        218993.62,
        218949.03,
        185976.99,
        255217.87,
        291539.52,
        255543.55,
        288095.82,
        221461.12,
        293827.2,
        224681.31,
        257232.00999999998,
        260667.41999999998,
        221131.24,
        221132.15,
        254000.38,
        218100.69,
        254653.03,
        258007.5,
        254700.15,
        258123.11,
        293999.22000000003,
        294004.89,
        294004.89,
        294004.89,
        294004.89,
        294004.89,
        294004.89,
        294004.89,
        294004.89,
        294004.89,
        294004.89,
        294004.89,
        294004.89,
        294004.89,
        294005.67,
        293906.27,
        294629.64,
        294041.26,
        294089.15,
        294047.16000000003,
        294047.16000000003,
        293963.81,
        291549.79,
        287875.75,
        222312.28999999998,
        293682.42,
        293681.91000000003,
        326244.57
    ]
}