{
    "virtual_best": 2679.77,
    "single_best": 293651.86,
    "passive_learning": 112773.94,
    "active_learning": [
        365357.48,
        363849.86,
        399146.63,
        400185.71,
        328705.57,
        256427.52,
        256250.09,
        76601.09,
        256620.87,
        113016.47,
        112827.01999999999,
        148836.74,
        76872.29999999999,
        78002.06,
        113306.78,
        113565.01999999999,
        113078.45999999999,
        76830.9,
        112900.26,
        40756.560000000005,
        77220.09,
        113509.79999999999,
        41394.86,
        77372.54,
        113672.48999999999,
        113750.31999999999,
        113678.89,
        113678.89,
        113678.89,
        113752.67,
        77203.12999999999,
        113281.78,
        113281.78,
        113281.78,
        113281.78,
        113281.78,
        113281.78,
        112836.73,
        77187.06,
        77187.06,
        77187.06,
        77187.06,
        77187.06,
        77187.06,
        77187.06,
        77187.06,
        77187.06,
        77187.06,
        77187.06,
        77187.06,
        77187.06,
        77187.06,
        77187.06,
        77187.06,
        77187.06,
        77187.06,
        77187.06,
        77187.06
    ]
}