{
    "virtual_best": 2836.51,
    "single_best": 259379.75,
    "passive_learning": 329232.16,
    "active_learning": [
        334437.16,
        294440.49,
        258699.22,
        115270.73,
        366869.68,
        329181.5,
        329606.76,
        293486.2,
        364965.44,
        221400.72999999998,
        221678.18,
        293420.67,
        329231.61,
        365301.68,
        293456.97,
        365177.48,
        293459.06,
        328633.06,
        328965.55,
        364970.6,
        329440.42,
        401505.77999999997,
        294485.14,
        258432.16999999998,
        329789.77,
        328942.38,
        329206.81,
        329208.31,
        329206.81,
        329005.87,
        329493.93,
        365176.76,
        365276.79,
        329185.3,
        365276.79,
        365176.76,
        293252.36,
        328959.41,
        258440.59,
        258440.59,
        258440.59,
        258442.91999999998,
        258440.59,
        258440.59,
        258440.59,
        258440.59,
        258440.59,
        258442.91999999998,
        258440.59,
        258440.59,
        258440.59,
        258442.91999999998,
        258440.59,
        258440.59,
        258440.59,
        258440.59,
        258440.59,
        258440.59
    ]
}