{
    "virtual_best": 1722.71,
    "single_best": 77119.55,
    "passive_learning": 75511.02,
    "active_learning": [
        148301.79,
        111451.53,
        39372.2,
        39184.28,
        39303.99,
        39093.93,
        3383.69,
        39129.61,
        75185.89,
        75276.31,
        110954.18000000001,
        39369.509999999995,
        111048.89,
        111151.5,
        75258.06,
        39235.32,
        75623.61,
        75015.25,
        75293.13,
        75277.21,
        75277.21,
        75372.73000000001
    ]
}