{
    "virtual_best": 3054.04,
    "single_best": 295169.23,
    "passive_learning": 295484.87,
    "active_learning": [
        475748.41000000003,
        474539.12,
        152782.08000000002,
        116361.54000000001,
        152008.0,
        46277.549999999996,
        116961.93000000001,
        440433.35,
        548523.9,
        619318.85,
        618104.61,
        332053.63,
        152234.86000000002,
        296163.6,
        367589.57,
        331638.44,
        295492.35,
        366253.18,
        438579.1,
        547173.64,
        547239.63,
        475577.23
    ]
}