{
    "virtual_best": 10368.06,
    "single_best": 113983.08,
    "passive_learning": 256615.22000000003,
    "active_learning": [
        361923.94,
        325578.34,
        325621.2,
        363075.48000000004,
        328072.34,
        400556.4,
        400058.63,
        402610.16000000003,
        402635.98000000004,
        366625.53,
        402623.37,
        366900.09,
        364268.66000000003,
        400320.05000000005,
        399497.29000000004,
        404542.46,
        404290.55000000005,
        400895.18,
        400891.4,
        437231.54000000004,
        404610.96,
        404766.43,
        404637.23000000004,
        404619.88,
        404584.29000000004,
        368710.85000000003,
        404653.51,
        404824.56,
        368731.84,
        404562.63,
        404615.43,
        367591.04000000004,
        295895.08,
        259895.44,
        295589.09,
        368555.85000000003,
        368557.86000000004,
        296610.75,
        332611.7,
        332612.23000000004,
        332611.7,
        296611.28,
        296611.28,
        296611.28,
        296611.28,
        296611.28,
        296612.24,
        296612.24,
        296612.24,
        296612.24,
        296612.24,
        296612.24,
        296612.24,
        296612.24,
        296612.24,
        296611.88,
        296611.88,
        296611.88,
        296611.88,
        296611.88,
        329117.77,
        329126.86000000004,
        329074.06,
        329074.06,
        292874.53,
        292873.57,
        328400.76,
        292513.94,
        292561.71,
        292561.71
    ]
}