{
    "virtual_best": 6682.86,
    "single_best": 150252.9,
    "passive_learning": 215054.03000000003,
    "active_learning": [
        323444.25,
        324295.92000000004,
        359613.83,
        287431.7,
        325322.47000000003,
        323384.74,
        324141.94,
        324019.83,
        324070.82,
        325851.03,
        324009.81,
        323955.76,
        323919.93,
        323313.13,
        323313.13,
        322996.72000000003,
        322975.71,
        287078.28,
        287079.22000000003,
        322999.05000000005,
        287075.37,
        287079.22000000003,
        287053.57,
        287053.57,
        287076.09,
        287051.03,
        287054.11,
        324032.85000000003,
        324033.75,
        324033.75,
        324033.75,
        322936.87,
        322972.7,
        322972.7,
        322972.7,
        322972.7,
        322971.75,
        324033.75,
        324033.75,
        324033.75,
        324033.75,
        324033.75,
        324033.75,
        324033.75,
        324033.75,
        324033.75,
        322972.7,
        322972.7,
        322972.7,
        322972.7,
        322972.7,
        322972.7,
        322972.7,
        322972.7,
        322972.7,
        322972.7,
        322972.7,
        322972.7,
        322972.7,
        322972.7,
        322986.42000000004,
        215090.88,
        215076.59000000003,
        215097.14,
        215087.33000000002,
        215089.03999999998,
        215085.68,
        215085.68,
        215085.53000000003,
        215083.22000000003
    ]
}