{
    "virtual_best": 7906.34,
    "single_best": 8667.2,
    "passive_learning": 151953.82,
    "active_learning": [
        8766.62,
        8737.28,
        8725.64,
        8725.64,
        8725.62,
        8703.04,
        8700.77,
        8703.04,
        8703.04,
        8703.04,
        8703.04,
        8703.06,
        8703.06,
        8703.06,
        8703.06,
        8703.06,
        8703.06,
        8700.72,
        8700.72,
        8700.72,
        8599.94,
        8599.94,
        8599.94,
        8602.28,
        8602.28,
        44296.35999999999,
        8602.28,
        8602.28,
        8599.94,
        227463.41999999998,
        227463.41999999998,
        8599.94,
        8599.94,
        8599.94,
        8599.94
    ]
}