{
    "virtual_best": 4186.6,
    "single_best": 365510.21,
    "passive_learning": 40178.6,
    "active_learning": [
        110991.01,
        39190.369999999995,
        40330.17999999999,
        74830.47,
        112079.4,
        76039.95999999999,
        112160.20999999999,
        111985.15,
        111985.4,
        76127.93,
        76125.87999999999,
        38826.649999999994,
        74735.12,
        4272.07,
        40180.53999999999,
        40184.84,
        40355.39,
        74734.61,
        74734.94,
        40180.329999999994,
        40180.31,
        40182.119999999995,
        74733.2,
        40178.71,
        40178.71,
        40178.35,
        40178.92999999999,
        40178.96,
        40178.96,
        40178.96,
        4445.02,
        40178.5,
        40178.5,
        40178.5,
        40178.5
    ]
}