{
    "virtual_best": 6999.64,
    "single_best": 7775.78,
    "passive_learning": 7823.16,
    "active_learning": [
        7810.27,
        43248.66,
        7810.27,
        7810.27,
        7810.27,
        7810.27,
        7810.27,
        7810.27,
        7810.22,
        7812.56,
        7810.2,
        7829.27,
        297142.21,
        332482.64,
        115324.97,
        151174.7,
        7801.76,
        7820.84,
        7921.62,
        7921.62,
        7820.84,
        7921.62,
        7921.62,
        7902.54,
        7921.62,
        7921.62,
        7820.860000000001,
        226277.48,
        7820.820000000001,
        226277.5,
        190322.21000000002,
        7801.76,
        7801.76,
        7801.76
    ]
}