{
    "virtual_best": 4243.28,
    "single_best": 295425.55,
    "passive_learning": 4483.570000000001,
    "active_learning": [
        79892.76,
        47840.73,
        80220.03,
        80494.64,
        80497.59999999999,
        6262.14,
        6965.38,
        6240.8,
        4504.52,
        6212.360000000001,
        6208.13,
        6219.820000000001,
        80858.73999999999,
        78980.72,
        4501.96,
        4458.08,
        4457.08,
        4457.09,
        4456.79,
        4456.79,
        4483.400000000001,
        4486.2300000000005,
        4489.52,
        4486.22,
        4489.51,
        6361.21,
        4486.7,
        4893.610000000001,
        4489.650000000001,
        4896.47,
        4896.46,
        4489.64,
        4486.35,
        4486.35
    ]
}