{
    "virtual_best": 921.04,
    "single_best": 184782.72,
    "passive_learning": 36907.380000000005,
    "active_learning": [
        150448.0,
        114462.92,
        1803.95,
        39747.87,
        73579.21,
        37542.65,
        37604.630000000005,
        37604.340000000004,
        73211.67,
        73223.31,
        73212.24,
        37006.1,
        37005.78,
        37006.76,
        37005.55,
        36907.15,
        36907.15,
        37005.53,
        37105.92,
        37005.62,
        37005.23,
        37005.6,
        36906.98,
        37005.35,
        36906.770000000004,
        36906.65,
        36906.65,
        36906.65,
        36906.65,
        37106.01,
        37005.23,
        36906.65,
        36906.65,
        36906.65
    ]
}