{
    "virtual_best": 7787.1,
    "single_best": 8450.8,
    "passive_learning": 151828.1,
    "active_learning": [
        767688.85,
        767550.4,
        767595.4,
        767506.4199999999,
        767590.5499999999,
        516462.66,
        297596.91,
        119175.2,
        8388.26,
        8385.48,
        8436.91,
        8479.699999999999,
        259624.77,
        8435.349999999999,
        8498.779999999999,
        8482.039999999999,
        8454.429999999998,
        8482.039999999999,
        8523.699999999999,
        8501.119999999999,
        8495.269999999999,
        8538.929999999998,
        8501.119999999999,
        8499.23,
        8523.699999999999,
        8482.039999999999,
        8479.699999999999,
        8501.83,
        8479.699999999999,
        8498.779999999999,
        8521.359999999999,
        8479.72,
        8498.779999999999,
        8498.779999999999
    ]
}