{
    "virtual_best": 3468.64,
    "single_best": 327951.04,
    "passive_learning": 113262.97,
    "active_learning": [
        258263.1,
        186253.63,
        221755.71,
        113937.34,
        77926.57,
        220570.72,
        149216.62,
        114053.78,
        113368.24,
        149897.59,
        149782.44,
        149499.79,
        114635.21,
        113824.08,
        114314.84,
        150097.11000000002,
        114316.68000000001,
        149012.26,
        113403.78,
        113563.62
    ]
}