{
    "virtual_best": 3957.95,
    "single_best": 186191.65,
    "passive_learning": 4368.18,
    "active_learning": [
        112115.01000000001,
        110562.91,
        74270.05,
        74273.17,
        74068.79000000001,
        74048.52,
        74045.89,
        40380.47,
        40377.880000000005,
        40363.060000000005,
        4373.599999999999,
        4739.08,
        4373.37,
        4372.96,
        4368.95,
        4369.58,
        4367.58,
        4368.12,
        4368.5599999999995,
        4367.74,
        4368.04,
        4367.79,
        4367.79,
        4368.04,
        4368.04,
        4368.51,
        4368.75,
        4368.51,
        4368.75,
        4368.75,
        4368.2699999999995,
        4368.12,
        4368.12,
        4368.12
    ]
}