{
    "virtual_best": 3008.77,
    "single_best": 295418.23,
    "passive_learning": 259838.93,
    "active_learning": [
        44623.18,
        80911.39,
        117415.09,
        370372.83999999997,
        263216.07999999996,
        477333.16,
        117455.39,
        153509.56,
        116957.49,
        116984.14,
        296540.11,
        294876.6,
        222687.99,
        294530.81,
        259130.87,
        258140.98,
        295722.0,
        294996.18999999994,
        294587.81,
        330668.67
    ]
}