{
    "virtual_best": 2334.95,
    "single_best": 327562.6,
    "passive_learning": 112109.59,
    "active_learning": [
        220503.23,
        220654.4,
        183846.55,
        148075.82,
        76699.18000000001,
        112281.93000000001,
        76563.15,
        40744.35,
        76285.71,
        76620.84,
        40501.73,
        76417.07,
        148195.76,
        76282.93000000001,
        112129.82,
        112577.09,
        112135.28,
        112191.19,
        111942.42,
        111813.48
    ]
}