{
    "virtual_best": 8658.96,
    "single_best": 113992.92,
    "passive_learning": 259512.19,
    "active_learning": [
        218874.7,
        291787.58,
        256110.71000000002,
        222478.0,
        294212.91,
        365877.82,
        329534.95,
        261459.90000000002,
        330617.14999999997,
        330979.3,
        363665.23,
        256536.59000000003,
        364056.25,
        260455.37,
        259580.51,
        223636.77000000002,
        223639.37,
        223545.07,
        223540.08000000002,
        259545.71000000002,
        331254.99,
        297867.33999999997,
        331240.94,
        331240.94,
        331235.07,
        331241.69,
        331291.06,
        295305.74,
        295237.32,
        295304.77,
        331312.64999999997,
        295318.94,
        295326.63,
        295305.51,
        295305.51,
        295295.52,
        295295.52,
        327856.88,
        327856.88,
        327856.88,
        327856.88,
        327856.88,
        327856.88,
        327856.88,
        327848.49,
        327848.49,
        295296.16,
        295295.52,
        295294.56,
        295195.79,
        295179.21,
        331178.67,
        331195.13999999996,
        331195.13999999996,
        295195.79,
        295195.79,
        295195.79,
        331195.13999999996,
        331195.13999999996,
        331195.13999999996,
        331195.13999999996,
        295191.75,
        295191.75
    ]
}