{
    "virtual_best": 7233.17,
    "single_best": 218219.52,
    "passive_learning": 179309.93,
    "active_learning": [
        253758.13,
        287275.59,
        287298.01,
        254628.62,
        218641.83000000002,
        287035.41,
        286528.76,
        251439.58000000002,
        215887.08000000002,
        216183.53999999998,
        216183.43,
        182027.68,
        216944.76,
        215502.43,
        215482.21000000002,
        179462.22999999998,
        215462.02999999997,
        215450.91999999998,
        215452.77000000002,
        148367.18,
        215474.40000000002,
        215474.40000000002,
        215474.40000000002,
        179565.36,
        180297.63,
        180309.88,
        146244.19,
        146244.19,
        146242.02000000002,
        180299.57,
        178357.65999999997,
        178357.65999999997,
        178362.89,
        145348.75,
        145348.75,
        145348.75,
        145348.75,
        145359.72999999998,
        145348.62,
        145348.62,
        145348.62,
        145348.62,
        145348.62,
        145348.62,
        145348.62,
        145348.62,
        178357.40999999997,
        145348.75,
        145348.75,
        144281.84,
        178360.8,
        145226.97,
        178357.40999999997,
        178357.40999999997,
        178360.8,
        178360.8,
        178360.8,
        178360.8,
        178360.8,
        178360.8,
        178360.8,
        178356.8,
        178357.40999999997
    ]
}