{
    "virtual_best": 3067.75,
    "single_best": 221989.88,
    "passive_learning": 75159.98999999999,
    "active_learning": [
        256269.91,
        255867.54,
        255860.71,
        183937.76,
        219906.02,
        184250.27,
        42971.38,
        186572.03,
        78656.98999999999,
        76946.72,
        184702.12,
        75005.25,
        146877.86,
        146878.1,
        111179.94,
        182829.32,
        182829.87,
        147127.38999999998,
        182829.34,
        182829.35,
        182829.35,
        182829.35,
        182831.62,
        182831.62,
        182831.62,
        182831.62,
        182831.62,
        182831.62,
        182831.62,
        182831.62,
        182831.63,
        182832.9,
        146826.9,
        146860.78,
        110558.55,
        146771.91999999998,
        147017.22,
        74808.4,
        74808.41,
        74808.41,
        74808.41,
        147055.46,
        147055.71,
        74803.86,
        74803.86,
        74802.95,
        74800.33,
        74800.33,
        74800.33,
        74800.33,
        74800.33,
        74800.33,
        147055.46,
        74803.86,
        38852.88,
        146806.73,
        146805.69,
        111104.98,
        38856.439999999995,
        146828.26,
        146804.41999999998,
        111104.48999999999,
        146833.29,
        3201.4500000000003,
        74905.98,
        38884.02,
        38904.67999999999,
        74576.17,
        74576.17
    ]
}