{
    "virtual_best": 7420.13,
    "single_best": 8215.91,
    "passive_learning": 81074.43,
    "active_learning": [
        657666.9099999999,
        657666.96,
        657666.9099999999,
        657666.9099999999,
        657666.9099999999,
        657666.9099999999,
        295590.62000000005,
        657603.47,
        617737.7899999999,
        511337.86000000004,
        657616.2,
        8293.42,
        370309.72000000003,
        370351.81,
        154866.91999999998,
        370272.81,
        370272.81,
        154772.85,
        370205.63,
        370329.63,
        370285.5,
        370353.60000000003,
        370353.60000000003,
        370337.69,
        370337.69,
        370337.69,
        370337.69,
        370337.69,
        370337.69,
        370337.69,
        370337.69,
        370313.7,
        370490.67000000004,
        260801.66,
        223784.96,
        370203.92000000004,
        154436.25,
        8170.55,
        8170.55,
        8170.55,
        8170.55,
        153676.32,
        154784.63999999998,
        8168.21,
        8168.21,
        8268.99,
        8268.99,
        8268.99,
        8268.99,
        8268.99,
        8268.99,
        8268.99,
        154866.34,
        8271.33,
        8268.99,
        370162.07,
        370161.98000000004,
        298098.92000000004,
        8121.54,
        370162.0,
        369772.91000000003,
        154765.56,
        334396.19,
        151561.13999999998,
        224009.66999999998,
        8149.13,
        186977.5,
        223592.69,
        223592.69
    ]
}