{
    "virtual_best": 8119.39,
    "single_best": 148836.36,
    "passive_learning": 76428.67,
    "active_learning": [
        108022.18,
        108167.09,
        108149.26999999999,
        108100.73999999999,
        108026.23000000001,
        108393.09,
        109376.23000000001,
        108054.98999999999,
        108515.92000000001,
        109574.04000000001,
        109485.68,
        108330.98000000001,
        108997.0,
        108973.81,
        108963.45000000001,
        78921.1,
        76350.47,
        76353.66,
        76351.20999999999,
        76353.66,
        76353.66,
        76317.13,
        76327.48999999999,
        76327.48999999999,
        76324.41,
        76324.41,
        76342.31,
        76342.31,
        76418.31
    ]
}