{
    "virtual_best": 10225.45,
    "single_best": 149760.65,
    "passive_learning": 257925.5,
    "active_learning": [
        188045.97999999998,
        187943.36,
        218966.53,
        254697.97999999998,
        222095.44999999998,
        254612.81,
        327807.24,
        219093.68,
        186849.44,
        258684.56,
        259234.6,
        291914.01,
        298540.68,
        330874.21,
        293892.17,
        258034.47,
        257918.31,
        257997.88,
        258096.82,
        294072.72000000003,
        257995.11,
        224943.87,
        224850.9,
        224937.47999999998,
        224904.09,
        257984.02,
        257912.93,
        257912.93,
        257860.13
    ]
}