{
    "virtual_best": 3112.14,
    "single_best": 268313.05,
    "passive_learning": 437286.38,
    "active_learning": [
        803855.61,
        944806.24,
        260637.23,
        332271.72000000003,
        294475.31,
        331342.75,
        367187.60000000003,
        331327.76,
        115976.71,
        188080.38,
        331289.15,
        330971.7,
        367102.7,
        403790.3,
        403256.5,
        366236.68,
        438432.15,
        511172.48,
        474697.78,
        438394.42,
        366275.74,
        474605.57,
        402746.29,
        402814.78,
        402806.33,
        474363.47000000003,
        437812.16000000003,
        473636.11,
        473823.2,
        473636.11,
        473635.32,
        473823.2,
        402203.19,
        402203.19,
        366261.57,
        366303.53,
        402203.19,
        402343.73,
        402203.19,
        402183.21,
        366378.46,
        402141.10000000003,
        402173.26,
        366224.5,
        402173.26,
        330389.8,
        402173.26,
        402173.26,
        402173.26,
        402173.26,
        402183.21,
        402173.26,
        402183.21,
        330406.27,
        402247.88,
        402173.26,
        402173.26,
        366272.68,
        366307.2,
        402173.26,
        402173.26,
        402183.21,
        402173.26
    ]
}