{
    "virtual_best": 1464.29,
    "single_best": 149917.76,
    "passive_learning": 75514.94,
    "active_learning": [
        149456.14,
        184225.68,
        40863.3,
        75208.21,
        111120.47,
        75139.61,
        75511.73000000001,
        75183.66,
        75370.75,
        75384.94,
        74634.38,
        75052.18000000001,
        74919.38,
        74567.71,
        75106.56000000001,
        75124.02,
        74964.94,
        75268.01000000001,
        74925.3,
        74988.98000000001,
        75042.0,
        75142.05,
        75257.97,
        75293.47,
        75291.27,
        75273.03000000001,
        75375.16,
        75375.16,
        75375.16,
        75375.16,
        75375.16,
        75375.16,
        75012.3,
        75012.3,
        75012.3,
        75012.3,
        75012.3,
        75012.3,
        75012.3,
        74994.48000000001,
        75135.86,
        75012.3,
        75012.3,
        75012.3,
        75012.3,
        75012.3,
        75012.3,
        75012.3,
        75012.3,
        75012.3,
        75012.3,
        75012.3,
        75012.3,
        75012.3,
        75012.3,
        75012.3,
        75012.3,
        75012.3,
        75012.3,
        75012.3,
        75012.3,
        75012.3,
        75012.3
    ]
}