{
    "virtual_best": 5818.73,
    "single_best": 43164.42,
    "passive_learning": 72458.59,
    "active_learning": [
        107952.63,
        107241.26000000001,
        107258.02,
        143614.19,
        143448.76,
        143352.04,
        143307.68,
        107332.12000000001,
        106971.86,
        106985.58,
        106911.55,
        71014.95000000001,
        70971.26000000001,
        70965.06,
        70967.96,
        106962.76000000001,
        70970.88,
        70958.89000000001,
        71009.77,
        106953.01000000001,
        106958.76000000001,
        106954.11,
        106953.92,
        106953.92,
        106931.88,
        106932.23000000001,
        106952.92,
        106931.27,
        106850.49,
        106852.34000000001,
        106850.49,
        106852.01000000001,
        106853.67,
        106851.35,
        106850.56,
        106846.11,
        106844.75,
        106833.25,
        106833.06,
        106833.06,
        106843.04000000001,
        106843.22,
        106843.47,
        106843.22,
        106800.07,
        106801.92,
        106799.89,
        106799.89,
        106799.89,
        106799.89,
        106799.89,
        106799.89,
        106799.89,
        106799.89,
        106799.89,
        106800.24,
        106797.03,
        106797.03,
        106797.03,
        70882.48000000001,
        106778.35,
        106802.14,
        106798.68000000001,
        106799.0
    ]
}