{
    "virtual_best": 9246.87,
    "single_best": 113842.19,
    "passive_learning": 295632.99,
    "active_learning": [
        223112.94,
        223360.84000000003,
        223242.59000000003,
        220688.66999999998,
        258565.0,
        255851.91999999998,
        220492.64,
        256106.28999999998,
        255412.81,
        255751.53000000003,
        256022.2,
        255054.94,
        257459.02000000002,
        257458.97000000003,
        255748.74,
        222103.72000000003,
        258347.97999999998,
        256457.46000000002,
        188217.07,
        187474.58000000002,
        187525.65000000002,
        187526.14,
        187526.14,
        187530.72000000003,
        187476.21000000002,
        187477.18,
        187526.22999999998,
        223352.53999999998,
        187206.3,
        223189.32,
        223206.09999999998,
        187210.72000000003,
        187210.72000000003,
        187213.95,
        187205.72000000003,
        187201.77000000002,
        295725.72000000003,
        259743.56,
        223751.83000000002,
        259743.56,
        259754.0,
        259754.0,
        259747.28000000003,
        259747.28000000003,
        259453.84999999998,
        259453.84999999998,
        259440.94,
        259440.94,
        259440.94,
        259440.94,
        259440.94,
        259495.56,
        259495.56,
        259495.56,
        259495.56,
        295424.37,
        295701.61,
        295701.61,
        295701.61,
        295577.89,
        259385.09000000003,
        295327.49,
        295325.63,
        295603.83
    ]
}