{
    "virtual_best": 9617.36,
    "single_best": 113984.86,
    "passive_learning": 292373.38,
    "active_learning": [
        111314.27,
        112911.92,
        111330.37,
        111314.68,
        111314.68,
        147336.95,
        180642.41999999998,
        147414.24,
        220686.53000000003,
        219917.22999999998,
        219998.26,
        220035.57,
        220042.26,
        255824.21000000002,
        220647.8,
        217266.7,
        217264.8,
        216596.39,
        252538.09000000003,
        289140.83,
        289165.4,
        324942.4,
        324942.7,
        289119.56,
        289174.24,
        327525.44,
        327460.59,
        294470.79,
        294465.12,
        327145.97000000003
    ]
}