{
    "virtual_best": 6676.43,
    "single_best": 112913.32,
    "passive_learning": 214390.07,
    "active_learning": [
        110472.65,
        110472.65,
        110472.65,
        110472.65,
        110472.65,
        110471.99,
        110482.26,
        107416.76,
        107456.39,
        110186.84,
        146006.89,
        107128.99,
        181913.68,
        142890.49,
        142892.37,
        142889.82,
        178848.41999999998,
        142873.88,
        142868.46000000002,
        142738.12,
        214406.45,
        142646.35,
        178403.65999999997,
        142434.41,
        142406.33000000002,
        178413.87,
        178400.21999999997,
        178400.88,
        178400.88,
        178398.32
    ]
}