{
    "virtual_best": 6348.17,
    "single_best": 112944.06,
    "passive_learning": 180882.04,
    "active_learning": [
        178624.93,
        180932.91,
        178678.55000000002,
        181045.63,
        180869.58000000002,
        180998.31,
        182049.72,
        145068.26,
        146509.57,
        145488.35,
        145012.3,
        145004.22,
        145116.02,
        145012.94,
        145004.99,
        144946.34,
        144952.97,
        144924.47,
        108964.23999999999,
        146010.68,
        146010.68,
        146010.68,
        182001.16,
        181953.86000000002,
        181944.6,
        180883.54,
        181947.09,
        144892.01,
        144898.18,
        144898.18
    ]
}