{
    "virtual_best": 9812.93,
    "single_best": 149483.23,
    "passive_learning": 258802.22,
    "active_learning": [
        291427.56,
        290475.96,
        323406.28,
        364048.10000000003,
        290888.23,
        290847.62,
        290867.27999999997,
        363827.46,
        330943.46,
        324264.97000000003,
        324864.3,
        360156.39,
        291581.46,
        291647.49,
        327633.93,
        291240.42,
        255216.07,
        255918.22,
        256171.27000000002,
        255918.26,
        255868.97,
        219780.31,
        255838.02000000002,
        291859.14,
        255827.54,
        256600.07,
        292584.06,
        291810.29,
        291809.68,
        291809.68
    ]
}