{
    "virtual_best": 10042.46,
    "single_best": 149895.87,
    "passive_learning": 329461.06,
    "active_learning": [
        185209.79,
        256380.82,
        255989.12,
        256291.08000000002,
        256357.91,
        256410.35,
        292309.31,
        256343.98,
        256274.98,
        256281.12,
        291942.42,
        291922.3,
        258677.47,
        221398.47,
        222995.71000000002,
        221312.65,
        221478.87,
        221312.65,
        221312.13,
        221424.78,
        258223.02000000002,
        258187.61000000002,
        221882.17,
        221875.75,
        222151.48,
        291800.74,
        291495.61,
        294186.48,
        293907.39999999997,
        293907.39999999997,
        260898.61000000002,
        293907.39999999997,
        293942.98,
        293949.71,
        293914.12,
        293914.12,
        293907.39999999997,
        293907.39999999997,
        293960.2,
        293960.2,
        293907.39999999997,
        293909.24,
        293914.02,
        293964.07,
        293964.07,
        293964.07,
        293964.07,
        293964.07,
        293964.07,
        293964.07,
        293916.18,
        293916.18,
        293907.39999999997,
        293907.39999999997,
        293907.29,
        293907.29,
        293955.18,
        293960.08999999997,
        293908.21,
        293906.87,
        329565.74,
        329465.44,
        329460.53
    ]
}