{
    "virtual_best": 6836.92,
    "single_best": 73100.59,
    "passive_learning": 105364.01999999999,
    "active_learning": [
        142252.96,
        142207.57,
        105261.57999999999,
        106600.73999999999,
        141201.85,
        105256.44,
        105236.25,
        105190.79999999999,
        105235.94,
        105215.04999999999,
        105210.19,
        105216.35,
        105216.69,
        105196.31,
        105200.88,
        105221.25,
        105272.51999999999,
        105215.01000000001,
        105159.13,
        105189.64000000001,
        105172.93,
        105256.28,
        105268.73000000001,
        105224.23999999999,
        105268.94,
        105335.65,
        105335.65,
        105330.65,
        105341.07,
        105341.07,
        105305.23000000001,
        105294.41,
        105298.45000000001,
        105298.45000000001,
        105300.28,
        105300.28,
        105275.95000000001,
        105275.95000000001,
        105275.95000000001,
        105275.95000000001,
        105322.22,
        105322.22,
        105257.53,
        105257.53,
        105257.53,
        105257.53,
        105257.53,
        105257.53,
        105257.53,
        105257.53,
        105359.69,
        105359.69,
        141353.46,
        141353.46,
        141353.46,
        141355.49,
        105355.65,
        105299.76000000001,
        141376.56,
        141320.68,
        141363.05,
        105308.13,
        141320.97
    ]
}