{
    "virtual_best": 2776.26,
    "single_best": 223508.31,
    "passive_learning": 185440.84,
    "active_learning": [
        365853.8,
        365500.82,
        366003.35000000003,
        401654.54000000004,
        367633.32,
        439630.0,
        259222.90000000002,
        261238.81,
        439190.81,
        475152.53,
        330458.24,
        367329.64,
        330721.46,
        402982.26,
        403027.61,
        294483.93,
        294604.36,
        258291.44,
        365767.12,
        258095.71000000002,
        186183.18000000002,
        150178.17,
        259016.03,
        187007.36000000002,
        293781.89,
        293482.28,
        185823.11000000002,
        185741.22,
        222454.24000000002,
        222454.24000000002,
        222454.24000000002,
        222454.24000000002,
        222454.24000000002,
        222454.24000000002,
        222454.24000000002,
        222454.24000000002,
        222454.24000000002,
        222454.24000000002,
        222454.24000000002,
        222454.24000000002,
        222454.24000000002,
        222454.24000000002,
        222454.24000000002,
        222454.24000000002,
        222454.24000000002,
        222454.24000000002,
        222454.24000000002,
        222454.24000000002,
        222454.24000000002,
        222454.24000000002,
        222454.24000000002,
        221700.78,
        294504.59,
        222167.39,
        330119.51,
        293318.26
    ]
}