{
    "virtual_best": 2530.23,
    "single_best": 292416.05,
    "passive_learning": 184365.94,
    "active_learning": [
        293695.02,
        220630.32,
        185587.47,
        220844.84,
        184612.87,
        220498.68000000002,
        113247.97,
        149503.44,
        184063.37,
        184939.16,
        220044.41,
        220298.13,
        184119.6,
        220282.15000000002,
        220065.28,
        219837.53,
        220314.68000000002,
        184357.39,
        184217.47,
        184366.22,
        183927.90000000002,
        184248.83000000002,
        255890.14,
        256190.87,
        219890.89,
        219847.78,
        220144.04,
        219888.87,
        219938.66,
        219944.31,
        219944.31,
        219944.31,
        219944.31,
        219944.31,
        219944.31,
        219944.31,
        219944.31,
        219944.31,
        219944.31,
        219944.31,
        219944.31,
        219944.31,
        219944.31,
        219944.31,
        219944.31,
        219944.31,
        219944.31,
        219944.31,
        219944.31,
        219944.31,
        219944.31,
        184252.0,
        220070.66,
        184405.12,
        184151.75,
        220044.42
    ]
}