{
    "virtual_best": 3462.39,
    "single_best": 363281.14,
    "passive_learning": 148146.47,
    "active_learning": [
        185402.33000000002,
        220349.79,
        256392.58000000002,
        184489.29,
        220172.47,
        148149.86000000002,
        148538.1,
        148226.71000000002,
        148549.39,
        148204.03,
        183608.64,
        183844.63,
        76512.0,
        112487.31999999999,
        147945.43000000002,
        112489.65999999999,
        148235.6,
        77042.79,
        148452.32,
        148447.82,
        184443.96000000002
    ]
}