{
    "virtual_best": 2979.95,
    "single_best": 295728.79,
    "passive_learning": 257882.81,
    "active_learning": [
        371178.74,
        336118.16000000003,
        265036.78,
        191042.44,
        153900.72,
        81384.04999999999,
        259643.09,
        296669.53,
        224166.34,
        258586.05000000002,
        330431.34,
        403061.08,
        330421.65,
        295031.99,
        330528.02,
        366352.06,
        330335.87,
        367556.25,
        366107.21,
        259599.96000000002,
        259428.74000000002
    ]
}