{
    "virtual_best": 1767.52,
    "single_best": 255045.38,
    "passive_learning": 75103.78,
    "active_learning": [
        218886.69999999998,
        147091.15,
        111203.25,
        39522.79,
        40427.770000000004,
        39392.29,
        39646.29,
        3570.25,
        3606.38,
        4091.5699999999997,
        3441.8599999999997,
        39535.26,
        3439.01,
        111448.86,
        75652.12999999999,
        111399.03,
        111699.04999999999,
        75382.15,
        111540.29999999999,
        111928.54999999999,
        111203.59999999999,
        111292.28,
        39654.310000000005,
        75320.04999999999,
        75314.86,
        75537.26999999999,
        111713.95999999999,
        39945.93,
        39983.12,
        40164.66,
        40162.0,
        40061.11,
        75643.81999999999,
        75584.36,
        75643.70999999999,
        111771.56,
        111555.56999999999,
        111555.56999999999,
        111555.56999999999,
        111555.56999999999,
        111555.56999999999,
        111555.56999999999,
        111555.56999999999,
        111555.56999999999,
        111555.56999999999,
        111555.56999999999,
        111555.56999999999,
        111555.56999999999,
        111555.56999999999,
        111555.56999999999,
        111555.56999999999,
        111555.56999999999,
        111555.56999999999,
        111555.56999999999,
        40006.200000000004,
        111546.25,
        75359.31999999999,
        75886.17,
        75540.09999999999
    ]
}