{
    "virtual_best": 2978.81,
    "single_best": 269546.37,
    "passive_learning": 510765.47,
    "active_learning": [
        339251.35,
        225674.16999999998,
        155658.19999999998,
        115716.26999999999,
        116205.54,
        116280.54999999999,
        223697.16999999998,
        222962.41999999998,
        116091.84,
        188424.44,
        80362.26999999999,
        151847.43,
        116239.15,
        260152.82,
        150705.8,
        294322.2,
        438226.9,
        401978.24,
        294817.49,
        329806.52999999997,
        330400.62,
        330567.25,
        367351.97,
        222239.38,
        222372.38,
        366499.87,
        329996.57,
        258454.06,
        330769.57,
        330714.18,
        366610.73,
        331129.33999999997,
        366021.33,
        294552.69,
        258707.88999999998,
        330614.86,
        366708.38,
        366708.38,
        366708.38,
        366708.38,
        366708.38,
        366708.38,
        366708.38,
        366708.38,
        366708.38,
        366708.38,
        366708.38,
        366708.38,
        366708.38,
        366708.38,
        366708.38,
        366708.38,
        366708.38,
        366708.38,
        294921.42,
        330833.26,
        403111.87,
        402548.02,
        402443.24
    ]
}