{
    "virtual_best": 2633.53,
    "single_best": 182306.27,
    "passive_learning": 3063.57,
    "active_learning": [
        146323.41,
        181398.04,
        181476.91,
        181589.83,
        145623.68,
        145278.19,
        145407.77,
        145408.26,
        109581.77,
        109399.89,
        145398.49,
        145398.0,
        109409.05,
        109508.70999999999,
        74825.69,
        74889.31,
        74889.31,
        74889.31,
        74889.31,
        74889.31,
        74889.68,
        74889.68,
        39141.0,
        39141.0,
        39141.0,
        39141.0,
        39141.0,
        39141.0,
        39141.0,
        39141.0,
        39141.0,
        39141.0,
        39141.0,
        39141.0,
        39141.0,
        39141.0,
        39141.0,
        39141.0,
        39141.0,
        39141.0,
        39141.0,
        39141.0,
        39141.0,
        39141.0,
        38728.42,
        38728.76,
        38729.14,
        2911.9700000000003,
        2902.6800000000003,
        2901.21,
        2901.26,
        2901.3700000000003,
        2901.07,
        2892.25,
        2901.46,
        3073.3700000000003,
        3076.8900000000003,
        3059.15,
        38812.38,
        38807.58,
        3059.59,
        3059.71
    ]
}