{
    "virtual_best": 7868.13,
    "single_best": 8634.38,
    "passive_learning": 8554.7,
    "active_learning": [
        262096.38999999998,
        262021.03,
        262013.66,
        119004.23,
        11847.99,
        262011.32,
        119001.89,
        154895.94,
        11850.33,
        262013.66,
        262013.66,
        262013.66,
        262013.66,
        262013.66,
        262011.32,
        262013.66,
        262013.66,
        262013.66,
        262013.66,
        262013.66,
        262013.66,
        262014.11,
        262014.11,
        262014.11,
        262014.11,
        262014.11,
        262014.11,
        262014.11,
        262014.11,
        262014.11,
        262014.11,
        262014.11,
        262014.11,
        262014.11,
        262014.11,
        262014.11,
        262014.11,
        262014.11,
        262014.11,
        262014.11,
        262014.11,
        262014.11,
        262014.11,
        262014.11,
        262013.66,
        262013.66,
        262013.66,
        8671.25,
        8669.36,
        8671.7,
        8691.49,
        8668.91,
        8668.91,
        8668.91,
        8668.91,
        116227.45999999999,
        44346.02,
        8510.7,
        259628.16,
        442614.32,
        151839.31,
        151839.31
    ]
}