{
    "virtual_best": 8622.45,
    "single_best": 113812.44,
    "passive_learning": 250011.72,
    "active_learning": [
        177486.92,
        212791.37,
        179429.32,
        179464.26,
        216696.65,
        215604.59,
        248550.32,
        250917.38,
        249965.39,
        214149.49000000002,
        250922.06,
        218566.37,
        213751.01,
        179190.33000000002,
        250948.99000000002,
        214899.24000000002,
        213701.19,
        214091.64,
        250107.79,
        286029.83999999997,
        250099.09,
        250025.25,
        249938.35,
        288422.91,
        252418.39,
        252417.43,
        252422.81,
        252409.68,
        252367.97,
        252367.97
    ]
}