{
    "virtual_best": 8670.58,
    "single_best": 41362.22,
    "passive_learning": 139393.72,
    "active_learning": [
        146626.36,
        110130.43,
        141636.15,
        141494.08,
        141467.44,
        141263.66,
        177279.83000000002,
        177436.63,
        176696.19,
        176699.1,
        212660.30000000002,
        212672.16,
        177371.92,
        177299.96,
        140628.18,
        177280.95,
        177276.38,
        177276.38,
        177271.71,
        177276.26,
        176557.15,
        176557.15,
        177033.77000000002,
        140565.87,
        140673.02,
        139511.52,
        139504.53,
        139507.71,
        139395.99,
        139395.99
    ]
}