{
    "virtual_best": 2754.69,
    "single_best": 196720.26,
    "passive_learning": 294496.11000000004,
    "active_learning": [
        297212.8,
        366898.17000000004,
        366077.9,
        78842.97,
        329871.75,
        259711.55,
        222496.84999999998,
        80126.40000000001,
        79191.17,
        186105.8,
        257953.93999999997,
        328525.97000000003,
        293934.76,
        258081.62,
        365922.53,
        366013.7,
        331407.60000000003,
        365776.34,
        295224.85000000003,
        402628.98000000004
    ]
}