{
    "virtual_best": 3367.15,
    "single_best": 577993.46,
    "passive_learning": 255871.3,
    "active_learning": [
        363440.76,
        327496.10000000003,
        255930.22,
        291587.31,
        255902.62999999998,
        184018.21,
        184264.75999999998,
        183996.00999999998,
        255866.05,
        183844.78,
        220312.69999999998,
        220395.43999999997,
        292555.37,
        220195.59999999998,
        220959.05,
        219570.59,
        291765.19,
        291435.96,
        255885.47,
        219749.38999999998
    ]
}