{
    "virtual_best": 2299.09,
    "single_best": 292961.14,
    "passive_learning": 111634.59,
    "active_learning": [
        257089.86,
        257463.72,
        256926.07,
        149172.03999999998,
        148622.13999999998,
        112660.43,
        113006.51999999999,
        112006.73,
        76399.70999999999,
        111510.12999999999,
        183971.11,
        75623.26,
        75698.12,
        111212.64,
        75641.78,
        75608.48999999999,
        183816.53999999998,
        75712.23,
        111962.26,
        111845.54999999999
    ]
}