{
    "virtual_best": 2791.06,
    "single_best": 294832.46,
    "passive_learning": 402645.49,
    "active_learning": [
        414356.12,
        411559.71,
        476068.98,
        330938.56,
        296336.08,
        152375.69999999998,
        187172.19999999998,
        260525.69,
        152593.63999999998,
        475153.02,
        510860.39,
        330704.6,
        438665.58,
        438336.01,
        439055.07,
        474877.02999999997,
        331564.82,
        366735.66,
        402673.8,
        402020.88
    ]
}