{
    "virtual_best": 9889.64,
    "single_best": 118952.98,
    "passive_learning": 330140.26,
    "active_learning": [
        256486.5,
        256683.00999999998,
        221502.3,
        259725.63999999998,
        258040.16,
        222326.21,
        222054.77,
        222222.78999999998,
        222216.91,
        258022.38,
        222206.57,
        222218.97999999998,
        294613.03,
        294613.03,
        294614.68,
        294614.68,
        294598.75,
        294919.32,
        294599.28,
        294598.75,
        294598.75,
        330583.27,
        294469.5,
        294167.61,
        330152.46,
        330144.39999999997,
        258218.18,
        258226.75999999998,
        258218.18,
        294160.85000000003
    ]
}