{
    "virtual_best": 10095.14,
    "single_best": 154520.4,
    "passive_learning": 113932.79000000001,
    "active_learning": [
        218791.13999999998,
        255348.24,
        253809.77,
        254247.57,
        254037.22,
        217574.43,
        183705.78999999998,
        217552.78,
        218104.53,
        183159.15,
        217997.31,
        217997.31,
        182872.41,
        182884.50999999998,
        181793.12,
        217547.07,
        181597.49,
        113921.34,
        114305.95999999999,
        113847.73000000001,
        113938.06,
        113938.91,
        148275.75,
        115432.66,
        115382.5,
        115382.15,
        115398.23000000001,
        113934.45999999999,
        113844.13,
        113844.13
    ]
}