{
    "virtual_best": 1166.97,
    "single_best": 221114.79,
    "passive_learning": 147351.41999999998,
    "active_learning": [
        147390.38,
        111688.59999999999,
        75616.61,
        111991.67,
        112686.06999999999,
        40220.24,
        40661.75,
        112147.14,
        112408.20999999999,
        148247.47,
        75873.59,
        111760.39,
        111282.37999999999,
        111498.62,
        111260.39,
        75782.42,
        75396.45,
        111631.14,
        75246.29,
        75168.45999999999,
        75199.31999999999,
        75209.29999999999,
        111304.11,
        111284.04999999999,
        75245.23,
        111438.06999999999,
        75403.43,
        75413.67,
        111410.76999999999,
        111457.48,
        75257.15999999999,
        75210.54,
        75210.54,
        75210.54,
        75210.54,
        75210.54,
        75210.54,
        75210.54,
        75210.54,
        75210.54,
        75210.54,
        75210.54,
        75210.54,
        75210.54,
        75210.54,
        75210.54,
        75210.54,
        75210.54,
        75210.54,
        75210.54,
        75210.54,
        75210.54,
        111443.2,
        147294.44,
        111680.15999999999,
        111338.78,
        111527.68999999999
    ]
}