{
    "virtual_best": 3083.72,
    "single_best": 232469.72,
    "passive_learning": 473724.84,
    "active_learning": [
        473209.84,
        473626.71,
        473192.24000000005,
        473569.57,
        367224.42000000004,
        294095.36000000004,
        294864.83,
        330663.85000000003,
        294381.87,
        258690.15,
        401892.83,
        473533.57,
        437459.08,
        473387.47000000003,
        437561.74000000005,
        474010.92000000004,
        473338.75,
        509563.61000000004,
        545434.93,
        509632.56,
        473757.63,
        473796.42000000004,
        473649.80000000005,
        473744.73000000004,
        474002.30000000005,
        510066.45,
        509774.52,
        509749.30000000005,
        509867.32,
        509827.93000000005,
        509682.83,
        509974.19,
        509974.19,
        509974.19,
        509974.19,
        509974.19,
        509974.19,
        509974.19,
        509974.19,
        509974.19,
        509974.19,
        509974.19,
        509974.19,
        509974.19,
        509974.19,
        509974.19,
        509974.19,
        509974.19,
        509974.19,
        509974.19,
        509974.19,
        509974.19,
        473591.7,
        473508.54000000004,
        474214.96,
        474040.71,
        509806.62
    ]
}