{
    "virtual_best": 1760.32,
    "single_best": 362476.34,
    "passive_learning": 2133.73,
    "active_learning": [
        37865.92999999999,
        37807.329999999994,
        37807.34,
        37828.909999999996,
        37826.95,
        37838.99,
        37817.42,
        37817.39,
        37789.829999999994,
        37789.689999999995,
        37636.42999999999,
        37636.42999999999,
        37743.34,
        37739.21,
        2076.25,
        2148.9500000000003,
        2112.31,
        2148.48,
        2148.3,
        2148.48,
        2147.1200000000003,
        2169.17,
        2147.04,
        2112.78,
        2112.78,
        2112.96,
        2148.2200000000003,
        2148.4,
        2112.96,
        2112.78,
        2112.78,
        2112.96,
        2112.96,
        2112.78
    ]
}