{
    "virtual_best": 7397.29,
    "single_best": 8170.07,
    "passive_learning": 227032.83,
    "active_learning": [
        480849.79000000004,
        11512.37,
        262063.82,
        262063.72,
        262063.8,
        513214.02,
        513214.02,
        732077.5,
        405417.61000000004,
        262066.07,
        512919.21,
        512993.61000000004,
        261895.23,
        261900.63,
        8106.13,
        8126.24,
        8178.81,
        8197.05,
        8215.59,
        8213.27,
        8213.27,
        227079.54,
        80326.22,
        8215.61,
        8215.61,
        8215.61,
        8483.72,
        81439.86,
        8213.25,
        8213.699999999999,
        8213.27,
        8264.72,
        8264.72,
        8264.72
    ]
}