{
    "virtual_best": 3294.32,
    "single_best": 305095.08,
    "passive_learning": 330872.36,
    "active_learning": [
        301191.57,
        261846.35,
        267902.17000000004,
        302181.46,
        81276.67,
        367364.96,
        187185.85,
        222538.31000000003,
        186734.7,
        366632.4,
        438041.03,
        152434.11000000002,
        295583.5,
        295287.42000000004,
        294958.46,
        403094.93,
        367907.05,
        331213.07,
        295050.51,
        330198.09,
        295585.71,
        331640.19,
        259957.32,
        223110.30000000002,
        403381.27,
        440163.97000000003,
        367720.98000000004,
        367637.14,
        367437.56,
        366935.65,
        366943.84,
        403567.37,
        367573.28,
        330943.51,
        366953.99,
        403567.37,
        367410.12,
        367088.35000000003,
        366971.39,
        366946.11,
        366889.56,
        367100.06,
        403567.37,
        367630.37,
        366935.65,
        367400.99,
        403567.37,
        367339.52,
        367423.09,
        367573.97000000003,
        367413.39,
        366965.71,
        366882.69,
        366953.86,
        403567.37,
        367099.17000000004,
        366827.77,
        366872.24,
        403567.37,
        367403.62,
        366870.29000000004,
        366892.39,
        403567.37,
        331418.55,
        366890.58,
        367581.53,
        403331.66000000003,
        331565.17000000004,
        367106.0,
        366891.13,
        331393.79000000004,
        366902.29000000004,
        403567.37,
        367003.8,
        366904.24,
        366953.99,
        403567.37
    ]
}