{
    "virtual_best": 4144.72,
    "single_best": 508239.47,
    "passive_learning": 328776.8,
    "active_learning": [
        472620.25,
        507689.53,
        401309.93,
        580870.43,
        507949.86,
        436542.19,
        364423.57,
        435733.34,
        400950.08,
        436336.35000000003,
        364210.71,
        399744.01,
        292464.04000000004,
        293457.08,
        328601.95,
        328685.5,
        364611.99,
        328633.83,
        293041.19,
        293029.27,
        328737.92000000004,
        364475.85000000003,
        364475.85000000003,
        364655.88,
        328676.86,
        292927.56,
        292927.56,
        292927.62,
        292927.62,
        328757.09,
        328757.09,
        328757.09,
        328757.09,
        328757.09,
        328757.09,
        328757.09,
        328757.09,
        328757.09,
        328757.09,
        328757.09,
        328757.09,
        328757.09,
        328757.09,
        328757.09,
        328757.09,
        328757.09,
        328757.09,
        328757.09,
        328757.09,
        328757.09,
        328757.09,
        328757.09,
        328757.09,
        328757.09,
        328757.09,
        328757.09,
        328757.09,
        328757.09,
        328757.09,
        328757.09,
        328757.09,
        328757.09,
        328757.09,
        328757.09,
        328757.09,
        328757.09,
        328757.09,
        328757.09,
        328757.09,
        328757.09,
        328757.09,
        328757.09,
        328757.09,
        328757.09,
        328757.09,
        328757.09,
        328757.09
    ]
}