{
    "virtual_best": 6670.74,
    "single_best": 7414.46,
    "passive_learning": 189858.71,
    "active_learning": [
        189379.81,
        117777.37,
        7448.950000000001,
        46002.409999999996,
        7448.93,
        7449.02,
        7451.27,
        7451.27,
        7451.27,
        7451.27,
        7486.150000000001,
        7448.93,
        7473.870000000001,
        7451.29,
        7473.85,
        7485.51,
        7485.51,
        7428.360000000001,
        7598.52,
        7706.55,
        7692.2300000000005,
        7692.2300000000005,
        189879.72,
        7640.160000000001,
        7603.070000000001,
        7569.320000000001,
        7587.38,
        7591.450000000001,
        7569.320000000001,
        7566.910000000001,
        7566.530000000001,
        7568.870000000001,
        7569.320000000001,
        7569.320000000001
    ]
}