{
    "virtual_best": 7275.83,
    "single_best": 189089.78,
    "passive_learning": 44230.21,
    "active_learning": [
        186117.38999999998,
        76462.28,
        76463.14,
        75974.66,
        75963.88,
        75952.56999999999,
        77396.13,
        43435.81,
        7436.76,
        41999.82,
        7436.54,
        41990.96,
        7456.79,
        7436.900000000001,
        7586.570000000001,
        7456.38,
        7567.06,
        77745.19,
        7536.330000000001,
        7560.02,
        7529.070000000001,
        7548.79,
        44174.729999999996,
        41499.57,
        7538.34,
        7529.1900000000005,
        7529.18,
        7548.660000000001,
        7529.18,
        7538.31,
        7529.1900000000005,
        7538.320000000001,
        7538.4400000000005,
        7538.4400000000005
    ]
}