{
    "virtual_best": 3190.31,
    "single_best": 544352.85,
    "passive_learning": 184481.63,
    "active_learning": [
        832457.81,
        652859.59,
        508057.80000000005,
        436953.44,
        436662.85000000003,
        329376.30000000005,
        256406.91,
        292506.89,
        329031.0,
        221430.38,
        221051.03,
        185046.82,
        185290.38,
        256738.77,
        256804.96,
        220793.81,
        220549.84,
        292431.43000000005,
        221038.65,
        256559.04,
        221017.71,
        220533.55,
        220562.07,
        220561.24,
        185079.44,
        184960.75,
        185033.47999999998,
        185033.53,
        185077.57,
        184865.5,
        184994.59,
        185029.57,
        185029.16,
        185029.16,
        185029.16,
        185029.16,
        185029.16,
        185029.16,
        185029.16,
        185029.16,
        185029.16,
        185029.16,
        185029.16,
        185029.16,
        185029.16,
        185029.16,
        185029.16,
        185029.16,
        185029.16,
        185029.16,
        185029.16,
        185029.16,
        185029.16,
        256595.37,
        256259.55,
        148676.46,
        256662.09,
        149031.63999999998,
        220753.05
    ]
}