{
    "virtual_best": 2723.03,
    "single_best": 187135.45,
    "passive_learning": 329847.78,
    "active_learning": [
        1705782.3199999998,
        548472.1,
        330828.04000000004,
        294647.42000000004,
        329911.18000000005,
        330527.92000000004,
        294324.80000000005,
        330941.17000000004,
        365368.62,
        293670.59,
        114722.48999999999,
        257611.79,
        258423.28,
        329894.76,
        257763.53,
        293840.63,
        329702.48000000004,
        293420.37,
        293996.29000000004,
        293483.04000000004,
        258095.61,
        330064.38,
        330687.63,
        294178.84,
        330472.23000000004,
        257716.86,
        257917.55,
        293675.85000000003,
        293596.98000000004,
        294073.94,
        293957.7,
        293848.77,
        293603.05000000005,
        293603.05000000005,
        293603.05000000005,
        293603.05000000005,
        293603.05000000005,
        293603.05000000005,
        293603.05000000005,
        293603.05000000005,
        293603.05000000005,
        293603.05000000005,
        293603.05000000005,
        293603.05000000005,
        293603.05000000005,
        293603.05000000005,
        293603.05000000005,
        293603.05000000005,
        293603.05000000005,
        293603.05000000005,
        293603.05000000005,
        293603.05000000005,
        293603.05000000005,
        257763.66999999998,
        293967.37,
        294464.02,
        294511.58,
        293957.79000000004,
        222252.63999999998
    ]
}