{
    "virtual_best": 1041.82,
    "single_best": 221095.88,
    "passive_learning": 39219.92,
    "active_learning": [
        38028.560000000005,
        109530.98,
        37853.07,
        37101.53,
        37169.64,
        37105.61,
        37126.79,
        37126.93,
        37091.64,
        73115.76,
        73119.98,
        73118.15,
        73118.12999999999,
        73118.06,
        73118.03,
        73117.92,
        73119.92,
        73119.9,
        73119.87999999999,
        73119.9,
        73119.95,
        73119.90999999999,
        73119.90999999999,
        37174.93,
        37174.92,
        37174.880000000005,
        37176.96,
        37176.96,
        37176.96,
        37176.96,
        37177.23,
        37176.96,
        37176.96,
        37176.96,
        37176.96,
        37176.96,
        37176.96,
        37176.96,
        37176.96,
        37176.96,
        37176.96,
        37176.96,
        37176.96,
        37176.96,
        37176.96,
        37176.96,
        37176.96,
        37141.49,
        37176.4,
        37175.87,
        37141.310000000005,
        37138.380000000005,
        37176.19,
        37176.17,
        37174.11,
        37173.85,
        37138.64,
        37138.61,
        37138.61,
        37138.61
    ]
}