{
    "virtual_best": 8017.21,
    "single_best": 8807.68,
    "passive_learning": 80750.37999999999,
    "active_learning": [
        512267.78,
        906114.3300000001,
        512439.16000000003,
        8868.74,
        8884.69,
        8834.92,
        8933.72,
        8834.94,
        8834.85,
        8834.97,
        8861.24,
        8860.84,
        8852.779999999999,
        8852.8,
        8852.73,
        8852.73,
        8852.73,
        8852.73,
        8852.73,
        8852.73,
        8852.73,
        8852.75,
        8852.73,
        8852.73,
        8852.73,
        8852.73,
        8852.73,
        8852.73,
        8852.73,
        8852.73,
        8852.73,
        8852.73,
        8852.73,
        8852.73,
        8852.73,
        8852.73,
        8852.73,
        8852.73,
        8852.73,
        8852.73,
        8852.73,
        8852.73,
        8852.73,
        8852.73,
        8852.73,
        8852.73,
        8845.35,
        8843.01,
        8843.01,
        8843.01,
        8843.05,
        8843.029999999999,
        8742.25,
        8834.529999999999,
        8891.779999999999,
        8996.01,
        8962.91,
        8962.91,
        8962.91,
        8962.93
    ]
}