{
    "virtual_best": 5469.37,
    "single_best": 146550.09,
    "passive_learning": 70341.34,
    "active_learning": [
        107736.45,
        70856.3,
        106854.76,
        106784.7,
        69643.81999999999,
        69696.39,
        70843.33,
        69458.83,
        69459.56,
        69464.11,
        69465.77,
        69318.3,
        106258.8,
        70265.77,
        70259.97,
        70333.29,
        69374.81999999999,
        69371.18,
        69379.84,
        69388.34,
        69350.25,
        69350.25,
        69350.26,
        69350.11,
        73393.95,
        70480.31999999999,
        70340.59999999999,
        73396.22,
        70339.03,
        70336.61
    ]
}