{
    "virtual_best": 9679.24,
    "single_best": 113986.92,
    "passive_learning": 326620.82,
    "active_learning": [
        219458.15999999997,
        219508.52,
        217878.94999999998,
        182248.49,
        217301.71,
        216542.15999999997,
        217303.11,
        255493.56999999998,
        255088.83,
        255054.72999999998,
        219664.49,
        219600.84,
        255583.03999999998,
        218558.77,
        218951.37999999998,
        218976.56999999998,
        185589.78999999998,
        219413.56,
        254670.03999999998,
        291267.12,
        291067.01,
        290930.08,
        290619.41,
        257584.97999999998,
        290624.23,
        290615.97000000003,
        290616.55,
        290534.3,
        290541.79,
        290545.83
    ]
}