{
    "virtual_best": 1788.07,
    "single_best": 291681.4,
    "passive_learning": 2091.65,
    "active_learning": [
        109713.93,
        38343.99,
        38343.45,
        38343.39,
        38343.63,
        2317.7400000000002,
        2425.32,
        2425.42,
        2425.29,
        2425.41,
        38373.65,
        74206.70999999999,
        2424.32,
        2425.52,
        38343.82,
        2415.34,
        2415.25,
        2415.25,
        2414.88,
        2415.09,
        2415.09,
        2415.09,
        2415.09,
        2415.09,
        2415.09,
        2415.09,
        2415.09,
        2414.84,
        2414.84,
        2414.84,
        2414.84,
        2414.84,
        2414.84,
        2414.84,
        2414.84,
        2414.84,
        2414.84,
        2414.84,
        2414.84,
        2414.84,
        2414.84,
        2414.84,
        2414.84,
        2414.84,
        2414.84,
        2415.09,
        2414.4700000000003,
        2092.04,
        2092.04,
        2092.04,
        2092.04,
        2091.39,
        2091.66,
        2091.41,
        2091.64,
        2091.63,
        2091.64,
        2091.39,
        2091.39
    ]
}