{
    "virtual_best": 7505.91,
    "single_best": 8297.97,
    "passive_learning": 8285.18,
    "active_learning": [
        225841.25,
        8331.05,
        8331.05,
        8331.05,
        8331.12,
        8331.07,
        8331.07,
        8331.07,
        8331.12,
        8331.07,
        8331.07,
        154178.13,
        8331.07,
        8331.05,
        8331.05,
        8331.05,
        8331.12,
        8331.05,
        8331.05,
        8331.12,
        8331.05,
        8331.05,
        8331.05,
        8331.05,
        8331.07,
        8331.05,
        8331.05,
        8331.05,
        8331.05,
        8331.05,
        8331.05,
        8331.05,
        8331.05,
        8331.05,
        8331.05,
        8331.05,
        8331.05,
        8331.05,
        8331.05,
        8331.05,
        8331.05,
        8331.05,
        8331.05,
        8331.05,
        8331.05,
        8333.39,
        8385.57,
        8388.3,
        8388.3,
        8385.960000000001,
        8385.960000000001,
        8408.54,
        8385.98,
        8228.22,
        8227.75,
        8227.75,
        8264.31,
        8250.33,
        8250.33
    ]
}