{
    "virtual_best": 3160.67,
    "single_best": 435887.33,
    "passive_learning": 256401.22,
    "active_learning": [
        402655.05,
        257847.19,
        114544.59999999999,
        186449.13999999998,
        150386.05,
        114000.82999999999,
        221665.25,
        258022.25999999998,
        292959.02,
        221044.07,
        184503.94999999998,
        220207.87,
        148842.49,
        184659.53,
        113298.34999999999,
        148765.32,
        184600.94,
        256439.74,
        148793.19,
        220639.53999999998,
        220658.50999999998,
        220572.83
    ]
}