{
    "virtual_best": 2894.76,
    "single_best": 294907.65,
    "passive_learning": 330167.83,
    "active_learning": [
        196892.69999999998,
        224190.28,
        224498.16999999998,
        226202.88999999998,
        299356.14999999997,
        296491.39,
        333508.38,
        295445.52999999997,
        259545.41999999998,
        330417.68,
        186627.00999999998,
        152287.18,
        223084.94999999998,
        330426.16,
        257862.69,
        365026.14999999997,
        403005.19,
        437244.42,
        294551.96,
        401754.39999999997,
        401719.43,
        402170.21
    ]
}