{
    "virtual_best": 3220.34,
    "single_best": 363305.52,
    "passive_learning": 40543.52,
    "active_learning": [
        579161.5700000001,
        543688.35,
        255919.43000000002,
        221177.04,
        220440.73,
        148809.81000000003,
        148116.51,
        112194.2,
        147968.7,
        147510.6,
        147726.98,
        112071.08,
        148016.26,
        112421.74,
        112578.12,
        41154.81,
        76737.6,
        76771.0,
        76861.92,
        76912.73,
        113143.28,
        112832.13,
        112586.12,
        76630.95,
        76592.29,
        76572.05,
        76455.95,
        40795.31,
        40578.19,
        40578.159999999996,
        40578.159999999996,
        40578.159999999996,
        40578.159999999996,
        40578.159999999996,
        40578.159999999996,
        40578.159999999996,
        40578.159999999996,
        40578.159999999996,
        40578.159999999996,
        40578.159999999996,
        40578.159999999996,
        40578.159999999996,
        40578.159999999996,
        40578.159999999996,
        40578.159999999996,
        40578.159999999996,
        40578.159999999996,
        40578.159999999996,
        40578.159999999996,
        40710.18,
        40978.35,
        40591.479999999996,
        40571.159999999996,
        40633.97
    ]
}