{
    "virtual_best": 2917.37,
    "single_best": 294940.0,
    "passive_learning": 437937.23000000004,
    "active_learning": [
        582342.35,
        617648.55,
        365573.60000000003,
        295047.37,
        294201.75,
        437056.61,
        43250.58,
        401349.24,
        294305.15,
        330823.4,
        294287.60000000003,
        329942.68,
        366356.7,
        366597.52,
        367062.63,
        366231.12,
        366426.36,
        366968.51,
        331080.5,
        402680.22000000003,
        402827.37,
        402185.82,
        367193.62,
        367347.28,
        402427.32,
        437960.88,
        438316.03,
        438306.74,
        366233.47000000003,
        366233.47000000003,
        366233.47000000003,
        366233.47000000003,
        366233.47000000003,
        366233.47000000003,
        366233.47000000003,
        366233.47000000003,
        366233.47000000003,
        366233.47000000003,
        366233.47000000003,
        366233.47000000003,
        366233.47000000003,
        366233.47000000003,
        366233.47000000003,
        366233.47000000003,
        366233.47000000003,
        366233.47000000003,
        366233.47000000003,
        366233.47000000003,
        366233.47000000003,
        402027.95,
        474456.11,
        437766.14,
        365521.04000000004,
        365776.38
    ]
}