{
    "virtual_best": 9018.43,
    "single_best": 149582.46,
    "passive_learning": 396599.8,
    "active_learning": [
        142634.46000000002,
        142609.03,
        215507.83000000002,
        215492.75,
        214834.61,
        251511.53999999998,
        251163.62,
        251139.40000000002,
        250632.78000000003,
        249941.87,
        250562.01,
        250612.56,
        250994.34000000003,
        250718.41999999998,
        250638.34000000003,
        250619.5,
        250640.46000000002,
        250649.56,
        250444.84999999998,
        250443.89,
        249729.34000000003,
        250443.89,
        250417.13,
        252842.84999999998,
        252835.09999999998,
        252764.39,
        289324.46,
        361129.99,
        360664.3,
        361371.69,
        361371.11
    ]
}