{
    "virtual_best": 9357.94,
    "single_best": 109026.14,
    "passive_learning": 105396.03,
    "active_learning": [
        104471.55,
        140164.88,
        105771.05,
        69947.97,
        175839.21000000002,
        211991.38,
        175977.46999999997,
        175916.02000000002,
        211835.41999999998,
        176092.96999999997,
        175980.28999999998,
        175980.28999999998,
        211897.06,
        176428.18,
        211802.64,
        140468.32,
        176390.45,
        211938.40000000002,
        104486.27,
        140289.94,
        104415.2,
        141552.69,
        70106.43,
        105485.22,
        141476.39,
        105950.52,
        105950.52,
        69902.8,
        105396.03,
        141387.56,
        105392.64
    ]
}