{
    "virtual_best": 7462.69,
    "single_best": 8287.84,
    "passive_learning": 8310.22,
    "active_learning": [
        334900.24,
        261555.5,
        8281.27,
        43693.08,
        8316.34,
        46868.97,
        261593.59,
        8316.4,
        8318.68,
        8318.7,
        8318.68,
        8316.34,
        8318.68,
        8316.34,
        10188.039999999999,
        10188.039999999999,
        46869.82,
        261593.53,
        10188.039999999999,
        46869.82,
        46869.82,
        10203.65,
        8318.68,
        46869.82,
        46869.82,
        8316.34,
        118651.66,
        8318.68,
        8341.28,
        8341.28,
        8341.28,
        8318.68,
        8318.68,
        8319.15,
        8319.15,
        8319.15,
        8319.15,
        8319.15,
        8319.15,
        8319.15,
        8319.15,
        8319.15,
        8319.15,
        8319.15,
        8319.15,
        8319.15,
        8319.15,
        8319.15,
        8319.15,
        8319.15,
        8318.68,
        8316.34,
        8319.13,
        8316.34,
        8319.13,
        8316.36,
        46925.35,
        8307.9,
        8310.24,
        8310.69,
        8310.24,
        8307.9,
        8307.9,
        8307.9,
        8307.88,
        8307.9,
        8307.9,
        8307.9
    ]
}