{
    "virtual_best": 3962.66,
    "single_best": 435910.28,
    "passive_learning": 75816.22,
    "active_learning": [
        291133.54000000004,
        219150.37999999998,
        183258.53,
        219028.5,
        183785.12,
        183751.06,
        219077.53999999998,
        183185.81999999998,
        183185.06999999998,
        183185.40999999997,
        183185.38999999998,
        145682.84,
        110024.18000000001,
        75365.76,
        75365.11,
        111274.25,
        41424.020000000004,
        75364.8,
        75370.95,
        41429.86,
        41409.57,
        75369.85,
        41409.28,
        41409.28,
        41409.26,
        41409.55,
        41409.270000000004,
        41409.55,
        41409.57,
        39831.19,
        75739.66,
        75739.95,
        75739.95,
        75739.66,
        75739.66,
        75739.66,
        75739.66,
        75739.66,
        75739.66,
        75739.66,
        75739.66,
        75739.66,
        75739.66,
        75739.66,
        75739.66,
        75739.66,
        75739.66,
        75739.66,
        75739.66,
        75739.66,
        39831.67,
        109700.77,
        109700.76,
        73847.04000000001,
        109700.95,
        109700.74,
        109777.15000000001,
        109699.08,
        109777.15000000001,
        109777.09,
        109699.14,
        109777.15000000001,
        109698.55,
        75874.16,
        75816.28,
        109776.85,
        109776.85,
        109776.85
    ]
}