{
    "virtual_best": 10324.77,
    "single_best": 149942.15,
    "passive_learning": 361336.67,
    "active_learning": [
        218908.86,
        220316.09,
        220405.06,
        255651.44,
        254045.84999999998,
        219063.87,
        252292.71,
        251285.81999999998,
        254382.13,
        254343.84999999998,
        253445.49,
        254159.66,
        290240.34,
        326828.26,
        289825.69,
        326119.88,
        326115.16,
        253817.44999999998,
        325512.1,
        253555.44999999998,
        253266.91999999998,
        289217.49,
        253108.93,
        288813.04,
        361436.63,
        360821.72,
        324831.87,
        288851.36,
        360834.69,
        288850.58,
        361170.47,
        361156.6
    ]
}