{
    "virtual_best": 11047.77,
    "single_best": 119865.93,
    "passive_learning": 108468.1,
    "active_learning": [
        214612.12,
        214888.78999999998,
        214865.53,
        214891.06,
        214896.46,
        214489.78999999998,
        214441.88,
        250407.00999999998,
        214430.19,
        214429.71,
        181785.83,
        181778.31,
        182235.52,
        181975.75999999998,
        181863.77,
        181910.63,
        182173.08,
        110162.19,
        145846.2,
        108457.48999999999,
        74322.68,
        74201.4,
        74092.57999999999,
        73798.9,
        74194.5,
        74148.76999999999,
        74066.03,
        73867.5,
        74187.84,
        74177.51,
        73810.29000000001,
        73859.67
    ]
}