{
    "virtual_best": 2063.08,
    "single_best": 256446.92,
    "passive_learning": 148217.21,
    "active_learning": [
        185459.02,
        219264.9,
        255221.93999999997,
        256325.03999999998,
        112443.33,
        76287.72,
        147944.31999999998,
        112321.66,
        113145.24,
        76867.31,
        112477.02,
        148100.06,
        148879.24,
        112630.62,
        148200.09999999998,
        183864.81,
        148474.03999999998,
        184266.34999999998,
        112635.16,
        148553.75999999998,
        148842.4,
        148414.27,
        148423.12,
        148836.93,
        148849.41999999998,
        148851.53999999998,
        148814.00999999998,
        148970.91999999998,
        148819.06999999998,
        148828.77,
        148828.77,
        148828.77,
        148828.77,
        148828.77,
        148820.09,
        148820.09,
        148820.09,
        148820.09,
        148820.09,
        148820.09,
        148820.09,
        148820.09,
        148820.09,
        148820.09,
        148820.09,
        148820.09,
        148820.09,
        148820.09,
        148820.09,
        148820.09,
        148820.09,
        148820.09,
        148820.09,
        148820.09,
        148820.09,
        148820.09,
        148820.09,
        148820.09,
        148820.09,
        148820.09,
        148820.09,
        148820.09,
        148820.09,
        148820.09,
        148820.09,
        148820.09
    ]
}