{
    "virtual_best": 2907.08,
    "single_best": 259729.59,
    "passive_learning": 366064.06,
    "active_learning": [
        443981.07999999996,
        260688.21999999997,
        439473.05,
        475106.08999999997,
        438776.1,
        473968.98,
        473696.54,
        366319.08999999997,
        403391.01,
        509311.04,
        366080.26999999996,
        473117.45,
        508954.56,
        437390.0,
        366095.32,
        473282.51999999996,
        438032.07999999996,
        401827.94,
        402350.02999999997,
        400927.26,
        401485.7,
        400922.51999999996,
        437466.33999999997,
        544907.1,
        473256.95999999996,
        437349.89999999997,
        402408.51,
        365713.92,
        402459.91,
        474043.39,
        402245.13,
        402325.58999999997,
        437735.85,
        473952.13,
        401559.76,
        401842.11,
        366066.3,
        401841.23,
        437776.04,
        365983.77999999997,
        402137.44,
        401842.11,
        402152.26,
        401842.11,
        401842.11,
        401841.23,
        401841.23,
        366247.73,
        401841.23,
        437776.04,
        401558.88,
        401842.11,
        401842.11,
        401841.23,
        401842.11,
        401842.11,
        401842.11,
        401559.76,
        365909.16,
        401559.76,
        437776.04,
        401842.11,
        401843.08999999997,
        401842.11,
        401842.11,
        330116.2
    ]
}