{
    "virtual_best": 2852.5,
    "single_best": 327047.33,
    "passive_learning": 148168.36,
    "active_learning": [
        329451.0,
        292750.10000000003,
        220932.44999999998,
        220830.32,
        149145.96,
        41537.77,
        184112.96,
        148125.65,
        148664.51,
        148186.48,
        184056.13999999998,
        148475.71,
        219763.58,
        183877.08,
        148487.54,
        148121.24,
        148319.56,
        183970.66,
        148238.5,
        184082.94999999998,
        148528.88999999998
    ]
}