{
    "virtual_best": 3287.98,
    "single_best": 198068.24,
    "passive_learning": 260805.32,
    "active_learning": [
        836565.32,
        546330.01,
        548319.37,
        225532.76,
        475442.69,
        187163.19,
        366803.9,
        188609.41999999998,
        116814.89,
        366518.65,
        331328.33,
        331582.74000000005,
        259895.03,
        331934.12000000005,
        331576.18000000005,
        366975.82,
        332116.62000000005,
        295707.83,
        225005.16999999998,
        331941.30000000005,
        332062.67000000004
    ]
}