{
    "virtual_best": 1872.66,
    "single_best": 328507.43,
    "passive_learning": 183570.9,
    "active_learning": [
        364993.76,
        363974.58999999997,
        399529.5,
        435162.08999999997,
        291667.3,
        255876.05,
        255385.11,
        183423.59,
        183440.5,
        219001.11,
        255129.59999999998,
        219472.63999999998,
        183339.31999999998,
        219052.19999999998,
        219244.43,
        183518.46,
        147518.4,
        183687.66999999998,
        219356.47,
        219257.46,
        219514.36,
        255522.38999999998,
        255523.33,
        255495.36,
        219590.65,
        291308.08999999997,
        219765.44,
        219631.43,
        219018.94,
        219648.37999999998,
        255559.06,
        219630.96,
        255278.47999999998,
        255449.84999999998,
        255449.87999999998,
        255449.87999999998,
        255449.87999999998,
        255449.87999999998,
        255449.87999999998,
        255449.87999999998,
        255449.87999999998,
        255449.87999999998,
        255449.87999999998,
        255449.87999999998,
        255449.87999999998,
        255449.87999999998,
        255449.87999999998,
        255449.87999999998,
        255449.87999999998,
        255449.87999999998,
        255449.87999999998,
        255449.87999999998,
        255565.72,
        255542.22999999998,
        219728.22,
        362736.79,
        255497.75
    ]
}