{
    "virtual_best": 3117.08,
    "single_best": 259733.49,
    "passive_learning": 474246.26999999996,
    "active_learning": [
        330676.11,
        583745.4400000001,
        510192.93,
        259668.03,
        187417.52,
        224065.81999999998,
        403103.83999999997,
        510181.67,
        401763.22,
        437777.86,
        331012.66,
        402458.18,
        437841.14,
        401901.70999999996,
        366375.86,
        403185.66,
        403197.41,
        510479.82,
        437760.36,
        401722.20999999996,
        403078.58,
        367152.41,
        367158.02999999997,
        402737.02999999997,
        402850.63,
        438701.2,
        438334.51999999996,
        473870.17,
        438237.76,
        402662.01999999996,
        438654.83,
        438615.2,
        474313.16,
        474858.2,
        474447.47,
        474447.47,
        474447.47,
        474447.47,
        474447.47,
        474447.47,
        474447.47,
        474447.47,
        474447.47,
        474447.47,
        474447.47,
        474447.47,
        474447.47,
        474447.47,
        474447.47,
        474447.47,
        474447.47,
        474447.47,
        439154.7,
        438608.64999999997,
        438697.19,
        438611.95999999996,
        438394.49
    ]
}