{
    "virtual_best": 6670.74,
    "single_best": 7414.46,
    "passive_learning": 189858.71,
    "active_learning": [
        228912.06,
        228848.15,
        228760.13999999998,
        228294.86,
        410433.12,
        15678.449999999999,
        8789.43,
        225327.82,
        225227.69,
        225308.01,
        7448.93,
        7448.93,
        7448.950000000001,
        7448.030000000001,
        10375.75,
        10858.83,
        10376.63,
        10309.98,
        10858.85,
        10358.789999999999,
        10376.09,
        7448.950000000001,
        7448.950000000001,
        7471.51,
        7932.4800000000005,
        7471.51,
        10900.56,
        7448.030000000001,
        7448.030000000001,
        7448.030000000001,
        7871.46,
        7931.13,
        7931.13,
        7931.13,
        7931.13,
        7931.13,
        7931.13,
        7931.13,
        7931.13,
        7931.13,
        7931.13,
        7931.13,
        7931.13,
        7931.13,
        7931.13,
        7931.13,
        7931.13,
        7931.13,
        7931.13,
        7931.13,
        7931.13,
        7448.950000000001,
        7485.51,
        7448.93,
        7451.29,
        7451.29,
        8758.65,
        7451.27,
        7451.27,
        441668.27999999997,
        405034.89,
        150431.63,
        189389.96,
        369211.65,
        405070.45,
        223236.36,
        189802.46,
        189841.96,
        189729.63999999998,
        189802.46
    ]
}