{
    "virtual_best": 7275.83,
    "single_best": 189089.78,
    "passive_learning": 44230.21,
    "active_learning": [
        184410.61,
        148396.82,
        148904.79,
        148705.49,
        185058.95,
        112959.0,
        111450.0,
        182782.03,
        182796.91999999998,
        148227.27,
        76607.23,
        76607.11,
        75930.81,
        41743.049999999996,
        76440.51,
        76673.84999999999,
        41575.79,
        41575.22,
        41809.1,
        7634.79,
        7634.79,
        7436.22,
        7436.22,
        7436.22,
        41610.53,
        7435.56,
        7848.31,
        7409.02,
        7409.02,
        7409.68,
        7627.85,
        7662.38,
        7662.38,
        7662.38,
        7662.38,
        7662.38,
        7662.38,
        7662.38,
        7662.38,
        7662.38,
        7662.38,
        7662.38,
        7662.38,
        7662.38,
        7662.38,
        7662.38,
        7662.38,
        7662.38,
        7662.38,
        7662.38,
        7662.38,
        7433.31,
        41956.99,
        41957.46,
        41957.34,
        41957.75,
        41958.54,
        7423.8,
        41364.229999999996,
        80023.87,
        80003.45,
        77304.03,
        43431.38,
        80013.25,
        80054.44,
        43342.68,
        44190.53,
        44236.649999999994,
        44217.17,
        44171.59
    ]
}