{
    "virtual_best": 3190.31,
    "single_best": 544352.85,
    "passive_learning": 184481.63,
    "active_learning": [
        473042.66000000003,
        507690.48000000004,
        471361.17000000004,
        364185.52,
        256723.25,
        256738.63999999998,
        221619.63,
        221173.94999999998,
        257654.62,
        220623.6,
        77805.07999999999,
        256701.27,
        292773.91000000003,
        185042.43,
        148849.77,
        220621.84,
        220358.87,
        149203.15,
        220468.0,
        256148.38999999998,
        185224.22,
        185075.15
    ]
}