{
    "virtual_best": 2723.03,
    "single_best": 187135.45,
    "passive_learning": 329849.73000000004,
    "active_learning": [
        410551.78,
        329355.43000000005,
        328900.19,
        328741.69,
        329085.9,
        293279.87,
        293495.52,
        329033.37,
        293163.74000000005,
        364750.4,
        150386.61,
        186060.03,
        256729.37,
        329689.29000000004,
        220890.12,
        257115.36,
        257204.71,
        222374.1,
        257491.08,
        293327.39,
        293601.66000000003,
        329487.16000000003
    ]
}