{
    "virtual_best": 7613.0,
    "single_best": 8357.68,
    "passive_learning": 8398.44,
    "active_learning": [
        8389.84,
        8389.84,
        8389.84,
        8389.81,
        8389.79,
        8392.130000000001,
        8389.79,
        8389.79,
        8389.86,
        8392.130000000001,
        47009.6,
        46979.83,
        8389.79,
        46945.590000000004,
        8412.37,
        8389.79,
        8389.81,
        8389.79,
        8390.720000000001,
        8517.31,
        8608.130000000001,
        8608.130000000001,
        8608.15,
        8608.130000000001,
        8608.130000000001,
        191746.22999999998,
        155632.50999999998,
        191418.00999999998,
        155105.16999999998,
        8449.94,
        8449.92,
        8449.92,
        8449.92,
        8449.92
    ]
}