{
    "virtual_best": 2137.33,
    "single_best": 295340.47,
    "passive_learning": 2382.77,
    "active_learning": [
        74574.54999999999,
        110479.42,
        74598.25,
        74594.79,
        74542.51999999999,
        74541.04,
        38524.57,
        38524.8,
        38521.590000000004,
        38522.97,
        38525.13,
        38549.13,
        74547.04,
        38277.6,
        38283.22,
        2277.48,
        2278.64,
        2278.64,
        2278.0899999999997,
        2274.1,
        2272.94,
        2292.12,
        2296.3599999999997,
        2273.3199999999997,
        2273.5099999999998,
        38237.7,
        38387.590000000004,
        38275.02,
        2379.6099999999997,
        2380.1,
        2378.94,
        2379.43,
        2378.62,
        2379.7799999999997
    ]
}