{
    "virtual_best": 9258.7,
    "single_best": 149765.94,
    "passive_learning": 293508.25,
    "active_learning": [
        326161.1,
        327539.72000000003,
        328116.97000000003,
        293835.29,
        293795.94,
        293923.86,
        293586.18,
        219951.08000000002,
        252545.97,
        220555.4,
        364224.16000000003,
        396755.14,
        329237.78,
        397748.6,
        397713.1,
        397769.02,
        361838.13,
        398483.04,
        329513.27,
        362783.23,
        365756.5,
        365486.27,
        365775.66000000003,
        365819.95,
        365819.95,
        365819.95,
        365498.42,
        365498.42,
        365498.42,
        365498.42,
        365775.66000000003,
        365819.95,
        365819.95,
        365819.95,
        365819.95,
        365498.42,
        365502.99,
        365498.42,
        365492.75,
        365492.07,
        365498.42,
        365498.42,
        365492.75,
        365492.75,
        365492.75,
        365492.75,
        365492.75,
        365492.75,
        365492.75,
        365492.75,
        365492.75,
        365492.75,
        365492.75,
        329513.94,
        365498.27,
        329542.72000000003,
        365490.53,
        365490.53,
        329547.86,
        365490.53,
        365513.02,
        365513.02
    ]
}