{
    "virtual_best": 6994.92,
    "single_best": 111623.33,
    "passive_learning": 177359.11000000002,
    "active_learning": [
        105503.12,
        141443.48,
        141443.48,
        141684.41,
        177355.71,
        141373.83,
        177281.03,
        213212.29,
        177214.47,
        141199.53,
        213179.89,
        249139.32,
        177257.23,
        249214.42,
        177298.5,
        213268.74,
        213203.59,
        213214.72,
        213185.80000000002,
        177214.7,
        213450.78,
        213421.13,
        213421.13,
        177463.27000000002,
        177463.27000000002,
        141262.09,
        213219.94,
        213219.94,
        213190.83000000002,
        177266.12,
        213223.98,
        177266.12,
        177266.12,
        177266.12,
        177266.12,
        177266.12,
        177373.78,
        177373.78,
        177438.21,
        177403.31,
        177438.21,
        177438.21,
        177438.21,
        177438.21,
        177438.21,
        177438.21,
        177438.21,
        177438.21,
        177467.32,
        177438.21,
        213396.07,
        213396.07,
        213396.07,
        177473.07,
        141436.51,
        141431.95,
        141427.86,
        141398.95,
        141398.95,
        141394.91,
        141398.95,
        141398.95
    ]
}