{
    "virtual_best": 4732.94,
    "single_best": 293391.25,
    "passive_learning": 5095.55,
    "active_learning": [
        258266.13,
        330190.88,
        221767.61,
        220439.96,
        255024.71,
        112584.08,
        147157.58,
        147167.54,
        147158.21,
        112601.48999999999,
        112600.87999999999,
        76759.76,
        39549.850000000006,
        39546.770000000004,
        39546.91,
        4992.64,
        4999.23,
        39562.270000000004,
        5007.92,
        5020.9,
        4996.41,
        4996.41,
        5012.67,
        76687.59,
        5048.86,
        5048.86,
        5080.75,
        5054.05,
        40805.51,
        40877.420000000006,
        40853.62,
        76549.0,
        76572.79999999999,
        40815.16,
        40815.16
    ]
}