{
    "virtual_best": 7326.23,
    "single_best": 8091.91,
    "passive_learning": 44048.530000000006,
    "active_learning": [
        8124.01,
        726738.63,
        294151.1,
        43532.630000000005,
        186567.91,
        8160.57,
        8124.03,
        8124.03,
        8124.03,
        8124.03,
        8158.25,
        8124.03,
        8124.03,
        8124.48,
        8158.25,
        8146.61,
        8124.05,
        8124.03,
        8124.03,
        8124.03,
        8124.03,
        8124.03,
        8124.03,
        190991.32,
        44014.310000000005,
        8134.65,
        8134.65,
        8135.099999999999,
        297306.0,
        187796.65,
        187796.65,
        187798.99,
        187798.99,
        187798.99,
        187798.99
    ]
}