{
    "virtual_best": 2508.15,
    "single_best": 292818.78,
    "passive_learning": 40709.4,
    "active_learning": [
        186580.7,
        113956.81999999999,
        42236.89000000001,
        6212.9,
        6432.0,
        41665.61,
        5867.290000000001,
        76829.87,
        112804.45999999999,
        112776.09,
        76804.33,
        112356.2,
        112213.15999999999,
        112184.01,
        76107.33,
        111964.81,
        76804.76,
        40506.37,
        40601.07,
        40355.57
    ]
}