{
    "virtual_best": 2992.25,
    "single_best": 294911.1,
    "passive_learning": 401400.19,
    "active_learning": [
        588444.02,
        874844.6,
        732122.51,
        583956.7999999999,
        260160.16,
        188087.1,
        152686.39,
        115453.65,
        151559.31,
        186467.40000000002,
        474137.94,
        402837.61,
        401804.51,
        473371.16,
        546013.34,
        401927.85,
        402134.39999999997,
        403102.79,
        473990.81,
        437924.94
    ]
}