{
    "virtual_best": 3181.54,
    "single_best": 270071.03,
    "passive_learning": 438495.97,
    "active_learning": [
        801996.09,
        582864.59,
        295914.31,
        188430.63999999998,
        152652.11,
        152281.56999999998,
        223576.61,
        365933.01999999996,
        437894.08999999997,
        330555.20999999996,
        330764.85,
        330440.20999999996,
        331383.23,
        330485.44,
        366157.89999999997,
        403123.73,
        439704.39999999997,
        366738.55,
        366373.82,
        437908.33999999997
    ]
}