{
    "virtual_best": 2207.27,
    "single_best": 398218.82,
    "passive_learning": 148113.63999999998,
    "active_learning": [
        328067.98,
        292406.20999999996,
        148352.4,
        219962.71999999997,
        219620.97999999998,
        111751.62,
        183661.05,
        184341.78999999998,
        112621.67,
        184119.9,
        111769.53,
        148158.91999999998,
        148058.8,
        147858.19999999998,
        147398.0,
        148059.88999999998,
        147653.75999999998,
        112142.1,
        183838.40999999997,
        219752.44999999998
    ]
}