{
    "virtual_best": 7233.17,
    "single_best": 218219.52,
    "passive_learning": 179309.93,
    "active_learning": [
        253760.34000000003,
        287883.15,
        182829.19,
        218292.02000000002,
        256015.46999999997,
        115068.43,
        186854.86,
        218175.14,
        216470.15999999997,
        217221.02999999997,
        218109.40000000002,
        183536.37,
        183533.86,
        182108.99,
        182210.13,
        146511.47999999998,
        215354.63,
        181273.82,
        182108.02999999997,
        181252.15999999997,
        214370.2,
        180519.21000000002,
        181240.36,
        180173.13,
        144294.19,
        179322.88,
        179319.49,
        179306.53999999998,
        179306.53999999998
    ]
}