{
    "virtual_best": 8658.96,
    "single_best": 113992.92,
    "passive_learning": 259512.19,
    "active_learning": [
        254224.95,
        217923.58000000002,
        290611.36,
        326321.97,
        325192.51,
        360776.01,
        324509.61,
        289520.55,
        152840.63,
        187003.31,
        187019.61,
        187160.62,
        183990.77999999997,
        364603.47,
        329185.52999999997,
        292915.4,
        292891.37,
        289462.84,
        256139.09000000003,
        325495.3,
        325424.26999999996,
        259498.44,
        328771.94,
        223257.28999999998,
        327795.35,
        363734.55,
        331179.14999999997,
        295183.84,
        295183.84
    ]
}