{
    "virtual_best": 1096.49,
    "single_best": 150698.58,
    "passive_learning": 1472.76,
    "active_learning": [
        40147.28,
        41837.22,
        76139.23999999999,
        76186.2,
        1449.21,
        1352.48,
        1344.02,
        37289.1,
        1374.69,
        37338.880000000005,
        1466.72,
        1352.52,
        1345.47,
        1340.38,
        1345.65,
        73335.17,
        37344.69,
        37342.62,
        37622.93,
        1352.73,
        1352.73,
        1347.73,
        1352.73,
        1352.64,
        1345.6200000000001,
        1345.6200000000001,
        1345.8100000000002,
        1345.8100000000002,
        1352.92,
        1352.92,
        1334.46,
        1334.46,
        1334.46,
        1340.65,
        1340.65,
        1340.65,
        1340.65,
        1340.65,
        1340.65,
        1340.65,
        1340.65,
        1340.65,
        1340.65,
        1340.65,
        1340.65,
        1340.65,
        1268.75,
        1264.75,
        1261.5800000000002,
        1270.3100000000002,
        1261.5800000000002,
        1473.0900000000001,
        1342.1000000000001,
        37381.48,
        37381.69,
        37380.91,
        37310.58,
        37308.85,
        37308.85
    ]
}