{
    "virtual_best": 7685.13,
    "single_best": 8485.23,
    "passive_learning": 8689.27,
    "active_learning": [
        154877.91,
        9827.49,
        8520.06,
        8522.4,
        8522.4,
        8522.4,
        8520.06,
        8522.4,
        8522.85,
        8522.4,
        8522.85,
        8522.4,
        8522.4,
        8522.4,
        8522.4,
        8522.4,
        8522.4,
        8522.4,
        8522.4,
        8522.4,
        43894.46,
        8520.13,
        8520.06,
        43894.44,
        8520.08,
        8520.08,
        8520.06,
        8520.06,
        8520.08,
        8520.08,
        8520.08,
        8520.08,
        8520.08,
        8520.08,
        8520.08,
        8520.08,
        8520.08,
        8520.08,
        8520.08,
        8520.08,
        8520.08,
        8520.08,
        8520.08,
        8520.08,
        8520.08,
        8520.08,
        8522.38,
        8520.039999999999,
        8520.039999999999,
        8522.4,
        8522.4,
        8686.949999999999,
        8689.27,
        191695.62,
        191644.15,
        191676.38,
        191638.3,
        191689.77,
        191689.77
    ]
}