{
    "virtual_best": 1958.14,
    "single_best": 255466.45,
    "passive_learning": 111045.37,
    "active_learning": [
        76811.14,
        76073.98,
        183735.68999999997,
        111513.31,
        147397.46999999997,
        147636.28,
        112054.87,
        219234.59999999998,
        147411.87,
        183187.81999999998,
        255880.71999999997,
        255341.34,
        183792.90999999997,
        111292.43000000001,
        183989.84999999998,
        147789.28,
        111529.11,
        183720.86,
        111806.67,
        147387.27,
        147728.87999999998
    ]
}