{
    "virtual_best": 2898.52,
    "single_best": 259410.18,
    "passive_learning": 618235.35,
    "active_learning": [
        405055.72,
        408183.20999999996,
        511837.63,
        548146.35,
        476015.38,
        546217.77,
        401984.43,
        437216.64999999997,
        474539.64,
        401743.43,
        437276.19,
        222133.81999999998,
        257672.02,
        330090.01,
        473623.48,
        473581.7,
        473993.02999999997,
        545464.09,
        545478.02,
        508930.51,
        437271.81
    ]
}