{
    "virtual_best": 9754.78,
    "single_best": 146559.61,
    "passive_learning": 291075.44,
    "active_learning": [
        222054.34,
        221946.57,
        221886.14,
        257364.01,
        255540.09,
        182387.72,
        146480.9,
        147425.62,
        182590.78,
        220101.29,
        147052.65,
        256727.86000000002,
        256503.02,
        255559.55,
        256273.52,
        255593.4,
        255712.69,
        255571.25,
        255294.01,
        291222.85,
        327277.83999999997,
        291629.87,
        291024.82999999996,
        291094.0,
        291047.64,
        291128.73,
        291049.63,
        291023.95999999996,
        327022.77
    ]
}