{
    "virtual_best": 5568.36,
    "single_best": 146590.48,
    "passive_learning": 145886.58000000002,
    "active_learning": [
        144666.93,
        180232.41,
        216150.99,
        141678.51,
        106572.89,
        73969.23000000001,
        74551.14,
        77049.16,
        74015.23000000001,
        76619.53,
        73931.18,
        76620.36,
        112615.52,
        109919.44,
        110202.64,
        74207.47,
        109916.0,
        109946.79000000001,
        109946.79000000001,
        142564.78,
        145911.16,
        145899.97999999998,
        145838.96000000002,
        145886.58000000002,
        145886.58000000002,
        145886.58000000002,
        145886.58000000002,
        145886.58000000002,
        145886.58000000002
    ]
}