{
    "virtual_best": 7538.94,
    "single_best": 8267.14,
    "passive_learning": 442287.47000000003,
    "active_learning": [
        46855.340000000004,
        11480.960000000001,
        261622.81,
        261620.55000000002,
        190055.71000000002,
        261622.81,
        261622.81,
        154166.26,
        11483.23,
        154166.26,
        47371.44,
        83236.68999999999,
        118611.09,
        118611.09,
        118611.09,
        118611.09,
        118611.09,
        118613.37999999999,
        190175.88,
        225731.1,
        225731.1,
        261622.81,
        225731.1,
        261622.81,
        261622.81,
        261622.81,
        261622.81,
        261622.81,
        261622.81,
        261622.81,
        261622.81,
        261622.81,
        261622.81,
        261622.81,
        261622.81,
        261622.81,
        261622.81,
        261622.81,
        261622.81,
        261622.81,
        261622.81,
        261622.81,
        261622.81,
        261622.81,
        261622.81,
        261622.81,
        263847.16000000003,
        8301.83,
        8301.83,
        8336.050000000001,
        8301.83,
        8336.07,
        8324.41,
        8304.17,
        8323.25,
        8245.050000000001,
        8580.56,
        8220.13,
        8220.13,
        295269.8,
        259318.49000000002,
        8254.33,
        8220.13,
        8220.13
    ]
}