{
    "virtual_best": 4285.31,
    "single_best": 185863.09,
    "passive_learning": 4787.68,
    "active_learning": [
        218126.74000000002,
        75308.42,
        109957.08,
        109938.87,
        109930.42,
        109896.26,
        109914.95999999999,
        109915.29999999999,
        74100.18,
        109950.40999999999,
        74100.54999999999,
        109950.79,
        109950.42,
        109950.79999999999,
        109950.40999999999,
        109950.43,
        109950.40999999999,
        109950.40999999999,
        109950.95999999999,
        109950.95999999999,
        109950.40999999999,
        109950.40999999999,
        109950.40999999999,
        109950.40999999999,
        109947.79999999999,
        110001.73999999999,
        110001.73999999999,
        109947.81,
        109947.81,
        75511.98999999999,
        75565.93,
        75565.93,
        75565.93,
        75565.93,
        75565.93,
        75565.93,
        75565.93,
        75565.93,
        75565.93,
        75565.93,
        75565.93,
        75565.93,
        75565.93,
        75565.93,
        75490.48999999999,
        75512.0,
        39514.270000000004,
        39635.32,
        4647.820000000001,
        4647.360000000001,
        4733.7,
        4635.42,
        4727.110000000001,
        4632.21,
        4701.2,
        4803.08,
        4798.37,
        4690.4400000000005,
        4803.09,
        4718.7300000000005,
        4701.2,
        4800.570000000001,
        4807.26,
        4807.26
    ]
}