{
    "virtual_best": 2332.5,
    "single_best": 258364.41,
    "passive_learning": 38699.14,
    "active_learning": [
        182420.19999999998,
        181850.62999999998,
        146143.93999999997,
        146491.84999999998,
        110541.77,
        74516.81,
        74516.88,
        74517.09,
        74167.90000000001,
        74355.0,
        38583.66,
        38583.66,
        74580.25,
        73810.36,
        73810.36,
        73810.36,
        73810.36,
        73810.36,
        73810.35,
        73810.35,
        73810.35,
        73810.35,
        73810.35,
        73810.40000000001,
        38532.5,
        38532.5,
        38532.55,
        38532.55,
        38532.55,
        38532.5,
        38530.490000000005,
        38531.6,
        38530.65,
        38530.65,
        38530.65,
        38530.65,
        38529.55,
        38529.55,
        38529.55,
        38529.5,
        74390.5,
        74390.5,
        74390.5,
        74390.5,
        74390.5,
        74390.5,
        74391.6,
        74391.6,
        38530.62,
        38530.630000000005,
        38530.46,
        38530.78,
        38529.73,
        38530.78,
        74439.03,
        38578.03,
        74443.83,
        74439.03,
        74443.51,
        38578.03,
        38581.73,
        38581.73
    ]
}