{
    "virtual_best": 7511.28,
    "single_best": 8192.82,
    "passive_learning": 8215.800000000001,
    "active_learning": [
        119090.74,
        261703.86,
        261661.88999999998,
        261669.12999999998,
        261626.96,
        261626.96,
        261626.96,
        261624.62,
        261624.62,
        261643.68999999997,
        8227.08,
        8227.06,
        8227.16,
        8227.06,
        8227.06,
        8229.85,
        8227.06,
        8229.4,
        8227.06,
        8227.06,
        8227.06,
        8227.06,
        8227.06,
        8227.06,
        8227.06,
        8227.06,
        8227.06,
        8229.4,
        8227.06,
        8227.06,
        8229.4,
        8229.4,
        8229.4,
        8227.08,
        8227.06,
        8227.06,
        8229.4,
        8229.4,
        8229.4,
        8229.4,
        191231.87999999998,
        191231.87999999998,
        191231.87999999998,
        191231.87999999998,
        191231.87999999998,
        191231.87999999998,
        191254.46,
        191254.46,
        8229.42,
        8227.08,
        8227.08,
        8261.3,
        8227.1,
        8227.08,
        191362.22,
        8273.12,
        191185.62,
        81955.75,
        191275.59999999998,
        8273.14,
        8273.12,
        8273.12
    ]
}