{
    "virtual_best": 3023.95,
    "single_best": 327097.1,
    "passive_learning": 74258.25,
    "active_learning": [
        184404.91,
        148177.09,
        148217.53,
        148215.36000000002,
        146263.87,
        110323.14,
        110322.93999999999,
        110316.45,
        74344.98,
        110210.54,
        74344.84999999999,
        145584.98,
        38345.22,
        38327.700000000004,
        38328.14,
        38345.54,
        38328.1,
        74069.37999999999,
        38329.01,
        38328.770000000004,
        38328.75,
        74081.43,
        74291.84,
        38526.28,
        38449.98,
        38511.020000000004,
        38517.5,
        38517.89,
        38518.19,
        38511.66,
        38517.46,
        38517.85,
        38511.32,
        38511.32
    ]
}