{
    "virtual_best": 6902.92,
    "single_best": 7673.59,
    "passive_learning": 115305.54999999999,
    "active_learning": [
        441645.43,
        226349.88,
        226376.39,
        7547.08,
        7487.93,
        7512.860000000001,
        7490.29,
        7541.76,
        7541.74,
        43455.97,
        7541.76,
        153752.79,
        7539.400000000001,
        7541.74,
        7564.34,
        7607.09,
        7629.6900000000005,
        222929.87,
        7629.67,
        7944.35,
        8001.780000000001,
        441842.71,
        405958.24,
        226684.87,
        226654.94,
        7765.7,
        226706.7,
        7842.2,
        7842.2,
        79578.42,
        226760.84,
        226658.97,
        7796.56,
        7796.56
    ]
}