{
    "virtual_best": 2641.95,
    "single_best": 292655.22,
    "passive_learning": 147553.97,
    "active_learning": [
        364283.93,
        148593.85,
        220077.11000000002,
        183365.46000000002,
        183517.41,
        76118.9,
        76327.56,
        111849.39,
        76256.42,
        111416.56999999999,
        147394.29,
        147393.26,
        147814.42,
        147877.29,
        183873.25,
        219506.16,
        183527.46000000002,
        219512.88,
        184141.57,
        219317.39,
        183371.90000000002
    ]
}