{
    "virtual_best": 3011.66,
    "single_best": 161090.3,
    "passive_learning": 367137.34,
    "active_learning": [
        262191.61,
        187483.23,
        152173.54,
        79955.1,
        80283.74,
        80500.28,
        117141.02,
        80182.08,
        151991.71000000002,
        224337.42,
        151550.45,
        188008.17,
        151931.09000000003,
        188361.77000000002,
        260160.72,
        367748.9,
        367152.8,
        367386.25,
        367227.91000000003,
        259114.97,
        331319.82
    ]
}