{
    "virtual_best": 3160.67,
    "single_best": 435887.33,
    "passive_learning": 256401.22,
    "active_learning": [
        401477.83999999997,
        401035.89999999997,
        292892.97,
        293242.81,
        293221.14999999997,
        257061.07,
        292104.08,
        256928.36,
        257058.44,
        328777.37,
        185659.24,
        113939.84999999999,
        221272.05,
        220696.22999999998,
        185761.55,
        149893.65,
        220868.13,
        256609.47999999998,
        257354.57,
        220634.28,
        220982.31,
        220509.5,
        256083.28999999998,
        256362.18,
        220425.57,
        220922.5,
        220620.75999999998,
        256573.75,
        220688.69999999998,
        256581.69,
        220892.61,
        220458.66999999998,
        220445.09,
        220748.19999999998,
        220729.88999999998,
        220729.88999999998,
        220729.88999999998,
        220729.88999999998,
        220729.88999999998,
        220729.88999999998,
        220729.88999999998,
        220729.88999999998,
        220729.88999999998,
        220729.88999999998,
        220729.88999999998,
        220729.88999999998,
        220729.88999999998,
        220729.88999999998,
        220729.88999999998,
        220729.88999999998,
        220729.88999999998,
        220729.88999999998,
        220729.88999999998,
        220787.49,
        185309.63,
        149170.4,
        184665.59,
        220617.88999999998
    ]
}