{
    "virtual_best": 2894.76,
    "single_best": 294907.65,
    "passive_learning": 330167.67,
    "active_learning": [
        546876.6900000001,
        438196.04,
        401500.25,
        401656.64999999997,
        401739.61,
        401533.88,
        259096.09,
        259341.33,
        151827.07,
        260118.03999999998,
        366479.73,
        223661.46,
        258385.16,
        366314.68,
        151700.18,
        259032.28999999998,
        294681.82,
        366340.26,
        473804.17,
        365994.89,
        294444.46,
        294662.64,
        365902.76,
        402096.22,
        330517.69,
        473216.7,
        437338.33,
        474059.75,
        438107.56,
        366641.66,
        366262.19,
        329929.37,
        294270.64999999997,
        294424.64,
        366112.62,
        366112.62,
        366112.62,
        366112.62,
        366112.62,
        366112.62,
        366112.62,
        366112.62,
        366112.62,
        366112.62,
        366112.62,
        366112.62,
        366112.62,
        366112.62,
        366112.62,
        366112.62,
        366112.62,
        366112.62,
        366112.62,
        401577.49,
        473462.18,
        402410.42,
        366309.45,
        401682.39999999997
    ]
}