{
    "virtual_best": 2964.29,
    "single_best": 259352.98,
    "passive_learning": 509118.54,
    "active_learning": [
        585147.52,
        766350.55,
        842598.16,
        878264.67,
        697666.29,
        658299.26,
        438307.48,
        364779.51,
        401373.87,
        437451.87,
        436880.08,
        473395.58999999997,
        436856.95,
        401071.65,
        401660.5,
        508641.31,
        508633.74,
        473358.4,
        473157.32,
        509861.76,
        581057.18,
        545396.82,
        545393.68,
        510393.52999999997,
        510571.52999999997,
        510553.02,
        510855.55,
        510877.95,
        510855.55,
        510855.55,
        475080.61,
        510855.55,
        510855.55,
        510855.55,
        510855.55,
        510847.1,
        510847.1,
        510855.55,
        510855.55,
        510875.35,
        510855.55,
        510855.55,
        439073.05,
        474953.3,
        510855.55,
        510875.35,
        510855.55,
        510855.55,
        439261.13,
        439223.64,
        510927.24,
        510855.55,
        510855.55,
        475068.64,
        510877.95,
        510855.55,
        510885.73,
        510855.55,
        510928.64,
        510875.35,
        510949.97,
        510855.55,
        510877.95,
        474997.22,
        403155.61,
        510929.83999999997,
        510855.55
    ]
}