{
    "virtual_best": 4041.62,
    "single_best": 332411.08,
    "passive_learning": 148039.97,
    "active_learning": [
        472551.52,
        436898.21,
        401897.45,
        367458.3,
        257668.34,
        292696.66,
        220215.97999999998,
        184395.16,
        184466.22,
        148523.69999999998,
        184253.03,
        219921.72999999998,
        148069.09,
        147898.35,
        183825.91,
        148094.59,
        147907.47999999998,
        183957.49,
        147895.66,
        184115.34,
        183872.79,
        147855.22,
        147830.07,
        147952.41,
        147947.09,
        147987.82,
        147967.97,
        147967.97,
        147967.97,
        147967.97,
        147943.47,
        147943.47,
        147967.97,
        147967.97,
        147967.97,
        147967.97,
        147967.97,
        147967.97,
        147967.97,
        147967.97,
        147967.97,
        147967.97,
        147943.47,
        147967.97,
        147967.97,
        147967.97,
        147967.97,
        147967.97,
        147967.97,
        147967.97,
        147967.97,
        147967.97,
        147967.97,
        147967.97,
        147967.97,
        147967.97,
        147967.97,
        147967.97,
        147967.97,
        147967.97,
        147967.97,
        147967.97,
        147967.97,
        147967.97,
        147967.97,
        147967.97,
        147967.97
    ]
}