{
    "virtual_best": 3190.31,
    "single_best": 544352.85,
    "passive_learning": 184481.63,
    "active_learning": [
        796570.68,
        617116.92,
        652239.79,
        364797.49000000005,
        185342.27,
        149995.81,
        149648.71,
        185209.43,
        221301.71,
        113804.64,
        114149.47,
        42436.47,
        114082.86,
        113651.87,
        113642.67,
        149293.91999999998,
        220582.71,
        220722.63999999998,
        220850.56,
        184973.16,
        256290.69
    ]
}