{
    "virtual_best": 2723.03,
    "single_best": 187135.45,
    "passive_learning": 329847.78,
    "active_learning": [
        1128930.26,
        511257.43000000005,
        367101.80000000005,
        330395.47000000003,
        294951.27,
        294183.24000000005,
        223519.25999999998,
        115261.14,
        115322.70999999999,
        187187.29,
        187161.27,
        114551.76,
        150811.03,
        221529.33,
        294412.89,
        294291.27,
        293692.97000000003,
        294263.52,
        329939.11000000004,
        330184.59,
        365379.95
    ]
}