{
    "virtual_best": 8636.23,
    "single_best": 77948.0,
    "passive_learning": 257875.55,
    "active_learning": [
        221422.53999999998,
        185388.81,
        185457.22999999998,
        183789.58000000002,
        183720.63,
        183669.12,
        187281.82,
        151023.47,
        114311.33,
        114245.3,
        150456.61,
        255964.21999999997,
        255954.51,
        255956.47999999998,
        256159.03999999998,
        258577.66999999998,
        255956.37,
        222409.84999999998,
        294416.01,
        258350.18,
        258350.18,
        258401.43,
        258446.3,
        258401.90000000002,
        258402.0,
        258402.0,
        258402.0,
        258402.0,
        258402.0,
        258402.0,
        258402.0,
        258402.0,
        258402.0,
        258470.31,
        258470.31,
        222478.7,
        258470.41999999998,
        222453.55,
        258439.59999999998,
        222269.41999999998,
        222269.41999999998,
        258259.28999999998,
        258259.28999999998,
        258303.59000000003,
        258303.59000000003,
        258303.59000000003,
        258259.28999999998,
        258259.28999999998,
        258259.28999999998,
        258259.28999999998,
        258259.28999999998,
        258259.28999999998,
        258259.28999999998,
        258263.22999999998,
        258209.18,
        222191.52999999997,
        257841.33000000002,
        257880.95,
        258160.02000000002,
        258161.34999999998
    ]
}