{
    "virtual_best": 7598.93,
    "single_best": 149946.41,
    "passive_learning": 181463.88,
    "active_learning": [
        179875.40000000002,
        180126.26,
        180118.3,
        180065.61,
        180063.34000000003,
        180063.34000000003,
        180063.34000000003,
        216647.59000000003,
        216647.59000000003,
        183638.8,
        183638.8,
        183585.82,
        219379.82,
        219379.82,
        255624.97999999998,
        255675.13,
        219671.88,
        255674.01,
        218830.31,
        183736.16999999998,
        219624.02999999997,
        183738.46999999997,
        146000.53999999998,
        181981.68,
        182031.83000000002,
        145997.69,
        181981.68,
        181987.38,
        181987.38,
        218823.46000000002,
        217971.36,
        217971.36,
        218086.86,
        217973.65999999997,
        217973.65999999997,
        217973.65999999997,
        217973.65999999997,
        181991.37,
        181974.99,
        182090.49,
        182090.49,
        178999.8,
        179049.95,
        179869.83000000002,
        179869.83000000002,
        179869.83000000002,
        146861.03999999998,
        146861.03999999998,
        182020.27000000002,
        182020.27000000002,
        182020.27000000002,
        182020.27000000002,
        182020.27000000002,
        181517.49,
        181761.26,
        181505.40000000002,
        181490.99,
        215351.87,
        181485.45,
        181485.45
    ]
}