{
    "virtual_best": 2332.5,
    "single_best": 258364.41,
    "passive_learning": 38699.14,
    "active_learning": [
        181850.25999999998,
        110733.92,
        110719.91,
        146580.02,
        110716.67,
        146716.11,
        39116.5,
        75113.37,
        75253.42,
        3116.79,
        39113.380000000005,
        38529.05,
        38527.950000000004,
        38529.25,
        38529.25,
        38528.950000000004,
        38529.75,
        38530.8,
        38530.83,
        38529.67,
        38530.840000000004,
        38529.67,
        38530.770000000004,
        38647.82,
        38653.62,
        74561.19,
        38700.21,
        38699.89,
        38699.880000000005,
        38698.770000000004,
        38698.82,
        38699.92,
        74560.92,
        74560.92
    ]
}