{
    "virtual_best": 7511.28,
    "single_best": 8192.82,
    "passive_learning": 8215.800000000001,
    "active_learning": [
        261703.88999999998,
        190003.12,
        8228.91,
        191229.06999999998,
        8227.55,
        8314.61,
        8227.1,
        8227.08,
        8227.08,
        8227.08,
        154075.37,
        8227.08,
        8249.64,
        8227.08,
        8227.08,
        8229.42,
        8249.21,
        8229.42,
        8227.06,
        8227.08,
        8229.42,
        8227.08,
        8126.73,
        8161.17,
        151592.16999999998,
        83130.26,
        8215.710000000001,
        8215.69,
        8218.03,
        8215.69,
        8215.710000000001,
        8215.710000000001,
        190467.96,
        190467.96
    ]
}