{
    "virtual_best": 3428.79,
    "single_best": 75951.3,
    "passive_learning": 110529.52,
    "active_learning": [
        111002.83,
        71700.13,
        71665.39,
        71657.07,
        71423.43,
        71467.01000000001,
        72085.05,
        71372.27,
        107358.65000000001,
        73914.19,
        73915.51000000001,
        107353.85,
        71375.84,
        74022.85,
        107415.43000000001,
        107516.64,
        107446.95,
        107406.01000000001,
        107405.73,
        107416.84,
        107485.73,
        107485.74,
        107474.64,
        107474.64,
        107443.16,
        107455.65000000001,
        107444.53,
        107442.22,
        107442.22
    ]
}