{
    "virtual_best": 10365.78,
    "single_best": 149886.08,
    "passive_learning": 331754.68,
    "active_learning": [
        183828.57,
        297310.73,
        257563.8,
        405327.31,
        296231.58,
        257811.14,
        257794.58000000002,
        257797.49,
        332503.97,
        294103.82,
        294046.25,
        293396.53,
        257214.78999999998,
        296517.39,
        296317.93,
        296634.18,
        329639.97,
        331750.58,
        296644.85,
        329380.58,
        331750.63,
        332027.87,
        329336.14999999997,
        331754.67,
        332076.2,
        331754.67,
        332066.16,
        331749.3,
        331750.64
    ]
}