{
    "virtual_best": 7275.83,
    "single_best": 189089.78,
    "passive_learning": 44230.21,
    "active_learning": [
        148170.8,
        111600.64,
        111888.53,
        254458.23,
        184207.46,
        113627.91,
        150013.61,
        184386.66,
        79874.93,
        79983.06999999999,
        8370.46,
        8005.29,
        7996.360000000001,
        7572.9800000000005,
        7572.320000000001,
        7566.14,
        7563.240000000001,
        7563.56,
        7563.56,
        7533.200000000001,
        7534.39,
        7533.200000000001,
        7531.5,
        7528.77,
        44171.049999999996,
        44200.95,
        7531.900000000001,
        7531.910000000001,
        7538.34,
        44158.649999999994,
        7528.780000000001,
        7528.780000000001
    ]
}