{
    "virtual_best": 6670.74,
    "single_best": 7414.46,
    "passive_learning": 189858.71,
    "active_learning": [
        228425.72,
        118236.34,
        157517.03,
        228742.07,
        225801.88999999998,
        153655.6,
        225271.76,
        228742.07,
        228742.97,
        228740.03,
        10920.49,
        10920.449999999999,
        10893.949999999999,
        7485.490000000001,
        7471.530000000001,
        7473.870000000001,
        7473.870000000001,
        7471.530000000001,
        7473.870000000001,
        7485.51,
        7486.17,
        7485.51,
        7586.620000000001,
        7591.450000000001,
        189836.7,
        189850.73,
        7589.09,
        7591.43,
        7600.7300000000005,
        189802.48,
        7591.450000000001,
        7591.450000000001
    ]
}