{
    "virtual_best": 7727.45,
    "single_best": 8443.46,
    "passive_learning": 8572.24,
    "active_learning": [
        479999.78,
        732106.09,
        442469.12,
        191071.06,
        191071.1,
        442618.65,
        442446.97000000003,
        370248.31,
        191204.0,
        191200.01,
        191104.79,
        191108.78,
        8718.06,
        8641.06,
        442424.86,
        442466.09,
        191356.68000000002,
        442488.57,
        299002.57,
        191256.41,
        191235.94,
        118299.59,
        118299.59,
        191235.94,
        191235.47,
        334631.97000000003,
        442435.54000000004,
        442435.54000000004,
        191237.36000000002,
        442443.4,
        442420.82,
        442420.82,
        191257.6,
        191260.39,
        191260.39,
        191260.39,
        191260.39,
        191260.39,
        191260.39,
        191260.39,
        191235.92,
        191235.92,
        191235.92,
        191235.92,
        191235.92,
        191235.92,
        191235.92,
        191235.92,
        191235.92,
        191235.92,
        191235.92,
        191235.92,
        191235.92,
        191235.92,
        191235.92,
        191235.92,
        118299.56999999999,
        191237.83000000002,
        8628.85,
        8572.24,
        117410.37999999999,
        8574.58,
        191169.01,
        8574.58,
        191166.67,
        8574.58,
        8571.02,
        191166.69,
        8594.84,
        191166.67,
        8572.24,
        8574.58,
        8574.58
    ]
}