{
    "virtual_best": 2683.05,
    "single_best": 295640.02,
    "passive_learning": 38187.270000000004,
    "active_learning": [
        147474.45,
        147700.77000000002,
        146965.93000000002,
        146790.23,
        147284.04,
        147001.59,
        146953.54,
        146651.45,
        146811.21000000002,
        146785.86000000002,
        146837.83000000002,
        146837.83000000002,
        110739.39,
        110735.64,
        146967.29,
        147014.73,
        147023.03,
        147023.03,
        147023.03,
        147023.03,
        147023.03,
        110735.64,
        110735.64,
        147004.69,
        147004.75,
        147004.75,
        147014.79,
        147014.79,
        147023.07,
        147023.07,
        147023.07,
        147023.07,
        147023.07,
        147023.07,
        147023.07,
        147023.07,
        147023.07,
        147023.07,
        147023.07,
        110233.76,
        110234.54,
        110232.98999999999,
        110232.98999999999,
        110232.98999999999,
        110232.98999999999,
        110232.98999999999,
        110232.98999999999,
        110232.98999999999,
        110232.98999999999,
        110232.98999999999,
        110232.98999999999,
        110232.98999999999,
        110232.98999999999,
        110232.98999999999,
        110232.98999999999,
        110232.98999999999,
        73945.59999999999,
        110214.65,
        73906.95,
        73862.68,
        110197.26,
        73869.39,
        110205.18,
        38205.79,
        110138.43,
        73936.26,
        73869.53,
        110138.25,
        73861.29999999999,
        110138.56999999999,
        73869.18999999999,
        73869.56999999999,
        73869.56999999999
    ]
}