{
    "virtual_best": 9679.24,
    "single_best": 113986.92,
    "passive_learning": 326620.82,
    "active_learning": [
        254633.58,
        218588.68999999997,
        254286.06999999998,
        253189.12999999998,
        217254.22,
        217237.47,
        217337.25999999998,
        253199.93999999997,
        252535.36,
        252635.13999999998,
        288832.25,
        288569.56,
        289197.35,
        252783.74,
        324978.53,
        252896.84999999998,
        252896.59999999998,
        288998.45,
        216917.05,
        216818.77,
        215752.62999999998,
        289460.33,
        289404.18,
        289407.83,
        289259.48,
        289330.2,
        289333.02,
        256825.5,
        289333.02,
        217227.00999999998,
        217227.00999999998,
        253219.0,
        253219.0,
        253219.0,
        217227.87999999998,
        217227.87999999998,
        289332.82,
        253334.00999999998,
        288968.62,
        289004.2,
        289004.2,
        253020.22,
        253020.22,
        218046.25999999998,
        218046.25999999998,
        289063.89,
        289063.89,
        289063.89,
        289063.89,
        289063.89,
        289063.89,
        288972.66,
        288972.66,
        289005.07,
        289005.07,
        256448.78999999998,
        256448.78999999998,
        288973.53,
        288973.53,
        290656.53,
        258099.37,
        290614.63,
        290616.04,
        290615.52,
        290604.01,
        290603.43
    ]
}