{
    "virtual_best": 5469.37,
    "single_best": 146550.09,
    "passive_learning": 70341.34,
    "active_learning": [
        106414.72,
        106428.99,
        106791.19,
        141821.32,
        141444.04,
        177311.69999999998,
        141524.47999999998,
        106105.69,
        69730.95,
        69728.91,
        69677.77,
        69715.39,
        69700.31999999999,
        70430.54,
        70435.55,
        70437.59,
        70435.55,
        70435.55,
        70435.55,
        69716.44,
        69730.08,
        69716.43,
        70543.14,
        70555.62,
        70551.14,
        70558.19,
        69724.84999999999,
        69595.38,
        69517.16,
        69444.23,
        69350.74,
        69362.73,
        69460.24,
        69366.75,
        69366.75,
        69366.02,
        69330.38,
        69331.09,
        69362.45,
        69308.12,
        69308.12,
        69404.44,
        69344.97,
        69328.64,
        69357.95999999999,
        69331.42,
        69331.42,
        69424.91,
        69331.42,
        69424.91,
        69330.68,
        69424.17,
        69424.17,
        69355.86,
        69355.86,
        69360.73,
        69360.73,
        69355.86,
        69355.86,
        70338.20999999999,
        69384.20999999999,
        70323.41,
        70325.53,
        70325.53,
        70330.23,
        70334.78
    ]
}