{
    "virtual_best": 3112.14,
    "single_best": 268313.05,
    "passive_learning": 437286.38,
    "active_learning": [
        295183.41000000003,
        260442.85,
        188654.09,
        188000.62,
        403202.54,
        115783.34000000001,
        116819.53000000001,
        187246.16,
        151779.06,
        189245.64,
        294866.59,
        331704.60000000003,
        367852.67,
        510442.45,
        438944.52,
        366471.38,
        510336.57,
        474413.36,
        330821.5,
        402841.32,
        402296.37
    ]
}