{
    "virtual_best": 1464.29,
    "single_best": 149917.76,
    "passive_learning": 75514.94,
    "active_learning": [
        76004.12000000001,
        147900.13,
        40360.15,
        40847.65,
        40177.9,
        39153.01,
        3628.57,
        39478.21,
        75261.82,
        39580.63,
        75353.05,
        75257.29000000001,
        38816.68,
        39274.51,
        39149.28,
        39225.02,
        39060.46,
        38835.909999999996,
        39353.48,
        39324.99,
        75181.82
    ]
}