{
    "virtual_best": 3120.67,
    "single_best": 223286.53,
    "passive_learning": 329963.47,
    "active_learning": [
        586549.2,
        514090.58999999997,
        476005.13,
        656297.08,
        476752.92,
        509446.20999999996,
        330798.37,
        438441.26999999996,
        546960.6699999999,
        473671.57,
        473878.57,
        187817.01,
        473729.47,
        438060.20999999996,
        474087.05,
        473240.42,
        366331.89999999997,
        401434.13,
        330297.88999999996,
        365896.19999999995,
        401752.01999999996,
        437870.72,
        401576.17,
        437135.02999999997,
        437501.99,
        473657.61,
        401262.37,
        437980.04,
        402398.06,
        473982.68,
        437665.26,
        473823.26,
        474036.94,
        437909.32,
        437620.13,
        437620.13,
        437620.13,
        437620.13,
        437620.13,
        437620.13,
        437620.13,
        437620.13,
        437620.13,
        437620.13,
        437620.13,
        437620.13,
        437620.13,
        437620.13,
        437620.13,
        437620.13,
        437620.13,
        437620.13,
        437620.13,
        402073.23,
        401666.32999999996,
        509579.07999999996,
        437436.58999999997,
        473762.0
    ]
}