{
    "virtual_best": 2559.1,
    "single_best": 328781.18,
    "passive_learning": 76108.06999999999,
    "active_learning": [
        292459.89999999997,
        328075.43,
        327863.5,
        255553.32,
        220051.11000000002,
        183808.01,
        148273.86000000002,
        184569.83000000002,
        112557.73,
        76772.7,
        111955.56,
        111999.45999999999,
        112208.51999999999,
        111950.31999999999,
        76326.73,
        112351.65,
        76297.26999999999,
        76498.72,
        112175.06999999999,
        111853.01,
        111647.4,
        76568.12999999999,
        76480.87,
        76496.67,
        76499.12,
        76496.01999999999,
        76496.56,
        76466.94,
        112050.08,
        76108.51,
        76232.4,
        76239.61,
        76279.34999999999,
        76586.48,
        76602.51999999999,
        76602.51999999999,
        76602.51999999999,
        76602.51999999999,
        76602.51999999999,
        76602.51999999999,
        76602.51999999999,
        76602.51999999999,
        76602.51999999999,
        76602.51999999999,
        76602.51999999999,
        76602.51999999999,
        76602.51999999999,
        76602.51999999999,
        76602.51999999999,
        76602.51999999999,
        76602.51999999999,
        76602.51999999999,
        76602.51999999999,
        111996.14,
        111805.40999999999,
        76197.28,
        75984.83,
        76043.95999999999
    ]
}