{
    "virtual_best": 7650.11,
    "single_best": 74550.35,
    "passive_learning": 254453.03,
    "active_learning": [
        255756.05,
        253946.87,
        253970.58,
        218290.41999999998,
        219016.44,
        218188.41999999998,
        218034.66,
        183280.41,
        181950.74,
        146138.69,
        182836.53,
        181744.83,
        146101.87,
        145878.8,
        181881.19,
        147062.94999999998,
        146167.34,
        181865.74,
        181909.55,
        181863.59,
        182460.43,
        254400.22,
        218786.74,
        254770.34999999998,
        254753.78,
        254722.22999999998,
        254775.36,
        254404.74,
        254404.74
    ]
}