{
    "virtual_best": 11526.5,
    "single_best": 221400.42,
    "passive_learning": 182324.81999999998,
    "active_learning": [
        251940.66999999998,
        219878.37,
        218689.61,
        251286.72999999998,
        148301.21,
        181817.31,
        180489.31,
        215241.46,
        215314.06999999998,
        250981.05,
        250969.24,
        218557.18,
        218740.27,
        254689.93,
        182773.53999999998,
        218715.4,
        182711.58,
        182719.34999999998,
        146767.06,
        182719.34999999998,
        146795.48,
        146783.13,
        146294.96,
        146321.51,
        146321.51,
        146325.71,
        146325.71,
        146322.49,
        146322.49
    ]
}