{
    "virtual_best": 4361.14,
    "single_best": 6565.1,
    "passive_learning": 109948.68000000001,
    "active_learning": [
        146098.93,
        146094.91999999998,
        146094.91999999998,
        146204.86,
        146039.71000000002,
        146105.52000000002,
        146105.52000000002,
        146039.7,
        146039.7,
        107575.43000000001,
        107623.32,
        107578.23,
        107697.32,
        107732.16,
        107715.84,
        107706.33,
        107753.02,
        107709.83,
        107695.61,
        107608.48,
        71797.83,
        107493.33,
        107584.55,
        107525.47,
        107525.47,
        107515.29000000001,
        107621.2,
        107629.54000000001,
        107587.83,
        110035.75,
        110035.75,
        110056.29000000001,
        110056.29000000001,
        110012.21,
        110010.39,
        110011.69,
        110010.39,
        110011.69,
        107622.59,
        109945.05,
        109945.05,
        109935.66,
        109945.18000000001,
        109945.18000000001,
        109945.18000000001,
        109945.18000000001,
        109945.18000000001,
        109945.18000000001,
        109945.18000000001,
        109945.18000000001,
        109945.18000000001,
        109945.18000000001,
        109945.18000000001,
        109945.18000000001,
        109935.0,
        110047.36,
        109965.01,
        109948.86,
        109948.86,
        109948.86,
        109858.0,
        109858.0,
        109858.0,
        109858.0,
        109949.33,
        109945.29000000001,
        109854.72,
        109854.72
    ]
}