{
    "virtual_best": 9758.6,
    "single_best": 149361.72,
    "passive_learning": 328327.06,
    "active_learning": [
        216237.03999999998,
        216249.28000000003,
        360792.41000000003,
        360793.18,
        360731.33,
        324733.03,
        324730.72000000003,
        324720.10000000003,
        324722.4,
        324730.46,
        324640.16000000003,
        292114.92,
        292161.05,
        292164.32,
        292240.2,
        292020.26,
        219986.03000000003,
        219983.40999999997,
        219976.72000000003,
        184035.01,
        256188.94,
        292704.12,
        292693.91,
        328686.82,
        328723.53,
        328718.98000000004,
        328664.56,
        328668.2,
        328661.60000000003,
        328715.15,
        328715.15,
        328713.81,
        328713.81,
        328438.92000000004,
        328438.92000000004,
        328433.37,
        328413.03,
        328377.44,
        328377.44,
        328369.28,
        328368.49,
        328376.79000000004,
        328375.41000000003,
        328375.41000000003,
        328375.41000000003,
        328375.41000000003,
        328375.41000000003,
        328375.41000000003,
        328375.41000000003,
        328375.41000000003,
        328375.41000000003,
        328375.41000000003,
        328375.41000000003,
        328375.41000000003,
        328326.74,
        328318.61000000004,
        328326.36000000004,
        328377.45,
        328376.34,
        328376.34,
        328368.59,
        328368.59,
        328368.59,
        328368.59,
        328368.33,
        328369.28,
        328368.56,
        328368.58
    ]
}