{
    "virtual_best": 3011.66,
    "single_best": 161090.3,
    "passive_learning": 403222.47000000003,
    "active_learning": [
        764466.59,
        799407.26,
        473290.02,
        330438.52,
        188415.43000000002,
        79145.06999999999,
        258874.92,
        438019.24,
        222890.75,
        187388.64,
        295444.60000000003,
        222956.46000000002,
        331600.87,
        366896.87,
        331228.57,
        402822.10000000003,
        331395.22000000003,
        367136.79000000004,
        402639.52,
        402771.58
    ]
}