{
    "virtual_best": 2641.95,
    "single_best": 292655.22,
    "passive_learning": 183355.67,
    "active_learning": [
        294673.76,
        365374.61,
        220046.34000000003,
        76178.19,
        111859.6,
        112294.59,
        147820.65000000002,
        183836.6,
        75690.75,
        147363.46000000002,
        147425.43000000002,
        219151.98,
        219140.05000000002,
        183219.68000000002,
        183590.08000000002,
        183720.65000000002,
        183602.90000000002,
        183124.0,
        183219.90000000002,
        183288.65000000002
    ]
}