{
    "virtual_best": 6278.8,
    "single_best": 41864.67,
    "passive_learning": 35907.329999999994,
    "active_learning": [
        70977.17,
        71232.68,
        71053.84999999999,
        71565.51,
        71568.54999999999,
        71883.9,
        71603.47,
        71600.43,
        71799.12,
        72281.29,
        71643.81999999999,
        71578.54999999999,
        71699.01,
        72209.97,
        72295.66,
        71936.73999999999,
        35739.27,
        35924.909999999996,
        71767.75,
        71651.09,
        35769.38999999999,
        71774.31999999999,
        71845.51,
        35846.09999999999,
        35846.09999999999,
        35708.88999999999,
        35708.88999999999,
        35644.81999999999,
        71715.43,
        71644.23,
        71637.51,
        71715.43,
        71715.43,
        71715.43,
        35644.81999999999,
        35644.81999999999,
        35716.02,
        35644.81999999999,
        35636.049999999996,
        35642.77999999999,
        35642.77999999999,
        35642.77999999999,
        35642.77999999999,
        35642.77999999999,
        35642.77999999999,
        35642.77999999999,
        35642.77999999999,
        35642.77999999999,
        35642.77999999999,
        35642.77999999999,
        35642.77999999999,
        35642.77999999999,
        35642.77999999999,
        35638.229999999996,
        35636.049999999996,
        35636.049999999996,
        35636.049999999996,
        35636.049999999996,
        35636.049999999996,
        35642.77999999999,
        35643.81,
        35643.81,
        35643.81,
        35639.13999999999,
        35624.079999999994,
        35626.2,
        35646.88,
        35539.079999999994,
        35572.59,
        35570.079999999994,
        35541.17,
        35541.17,
        35771.27999999999
    ]
}