{
    "virtual_best": 8920.51,
    "single_best": 118448.67,
    "passive_learning": 257790.40999999997,
    "active_learning": [
        221060.52000000002,
        146568.83000000002,
        146543.69,
        146709.59999999998,
        179224.44,
        182460.40999999997,
        182448.81,
        146278.18,
        183803.91999999998,
        180114.34999999998,
        180439.52000000002,
        216531.36,
        289615.26,
        288592.88,
        257852.36,
        219909.11,
        257999.90999999997,
        293901.63,
        255445.28999999998,
        291171.56,
        258063.84999999998,
        294039.45,
        260256.22999999998,
        257617.82,
        329312.49,
        329181.2,
        257501.94,
        257497.25,
        293505.23,
        293691.21,
        257691.58999999997,
        257691.12,
        257691.12,
        257716.43,
        257692.96999999997,
        293698.63,
        257692.55,
        257693.02999999997,
        257690.34999999998,
        257656.89,
        257656.89,
        257656.89,
        257656.89,
        257656.89,
        257656.89,
        257585.74,
        257585.74,
        257399.76,
        257399.77000000002,
        257399.77000000002,
        257399.77000000002,
        257399.77000000002,
        257399.77000000002,
        257586.22999999998,
        257585.74,
        257585.74,
        257577.34999999998,
        257577.34999999998,
        257577.34999999998,
        257421.95,
        257423.66999999998,
        293135.52,
        293135.52,
        293136.36,
        224968.40000000002,
        257986.07,
        293538.22,
        257793.68,
        257802.40000000002,
        257798.36,
        224786.11,
        188811.46999999997,
        257804.25
    ]
}