{
    "virtual_best": 1464.29,
    "single_best": 149917.76,
    "passive_learning": 75514.94,
    "active_learning": [
        257107.13,
        41583.98,
        77420.12000000001,
        112472.33,
        41101.13,
        41225.15,
        112280.8,
        40345.67,
        76406.79000000001,
        76269.64000000001,
        40087.2,
        75477.19,
        75857.27,
        75443.13,
        111358.42000000001,
        75005.46,
        75277.44,
        75472.06000000001,
        75263.98000000001,
        75322.56000000001,
        75290.52,
        75172.1,
        110889.83,
        75649.73000000001,
        75607.65000000001,
        75220.42000000001,
        75168.22,
        75175.87000000001,
        75231.94,
        75232.0,
        75232.0,
        75232.0,
        75232.0,
        75232.0,
        75232.0,
        75232.0,
        75232.0,
        75232.0,
        75232.0,
        75232.0,
        75232.0,
        75232.0,
        75232.0,
        75232.0,
        75232.0,
        75232.0,
        75232.0,
        75232.0,
        75232.0,
        75232.0,
        75232.0,
        75232.0,
        75234.39000000001,
        75008.13,
        110821.06000000001,
        75057.37000000001,
        75036.1
    ]
}