{
    "virtual_best": 4732.94,
    "single_best": 293391.25,
    "passive_learning": 5095.55,
    "active_learning": [
        255078.99,
        290499.37,
        218952.15,
        217678.35,
        181609.9,
        181610.29,
        181610.01,
        111298.37999999999,
        147056.02,
        147056.02,
        147046.32,
        147045.99,
        147055.59,
        76612.12999999999,
        41976.16,
        40749.69,
        40749.69,
        40749.170000000006,
        40749.170000000006,
        40756.590000000004,
        40756.590000000004,
        40756.590000000004,
        40756.590000000004,
        4989.3,
        4989.3,
        4989.3,
        4989.3,
        4989.3,
        4989.28,
        4989.28,
        4989.28,
        4989.28,
        4989.28,
        4989.28,
        4989.28,
        4989.28,
        4989.28,
        4989.28,
        4989.28,
        4989.28,
        4989.28,
        4989.28,
        4989.28,
        4998.84,
        4994.099999999999,
        5027.55,
        5027.7699999999995,
        39581.96,
        5003.71,
        5020.87,
        5026.73,
        40938.91,
        5102.16,
        5107.349999999999,
        40868.46,
        5117.0,
        5107.349999999999,
        5102.17,
        5125.96
    ]
}