{
    "virtual_best": 1558.52,
    "single_best": 223372.63,
    "passive_learning": 73740.01000000001,
    "active_learning": [
        181557.59,
        109646.87000000001,
        145551.30000000002,
        145551.87,
        109640.94,
        73653.43000000001,
        109569.06,
        73660.45,
        73660.66,
        73653.32,
        73664.75,
        73653.09,
        73653.09,
        73653.16,
        73653.09,
        73653.09,
        73653.07,
        73653.09,
        73653.09,
        73653.08,
        73653.07,
        73653.09,
        73653.1,
        73653.1,
        73653.1,
        73653.1,
        73653.1,
        73653.1,
        73653.1,
        73653.1,
        73653.1,
        73653.09,
        73653.07,
        73649.86,
        73649.86,
        73649.86,
        73649.86,
        73649.86,
        73649.86,
        73649.86,
        73649.86,
        73649.86,
        73649.86,
        73649.86,
        73649.86,
        73649.86,
        73649.86,
        73649.86,
        73649.86,
        73649.86,
        73649.86,
        38054.240000000005,
        37806.0,
        37793.060000000005,
        1884.5900000000001,
        37793.12,
        73785.48000000001,
        73791.32,
        37783.5,
        37783.08,
        73773.90000000001,
        37782.030000000006,
        37781.12,
        37782.130000000005,
        73774.75,
        73774.76000000001,
        73684.6,
        73806.03,
        73803.96
    ]
}