{
    "virtual_best": 7558.05,
    "single_best": 8267.62,
    "passive_learning": 8449.4,
    "active_learning": [
        261623.58000000002,
        261556.45,
        261529.61000000002,
        261529.61000000002,
        46855.26,
        8301.78,
        191297.36000000002,
        8342.46,
        117978.41,
        8324.3,
        8326.64,
        8301.81,
        8301.72,
        8301.72,
        8304.06,
        8304.06,
        8301.72,
        8324.3,
        8301.72,
        8326.64,
        8326.64,
        8326.64,
        8301.72,
        8301.72,
        8301.72,
        44985.840000000004,
        44985.840000000004,
        44985.840000000004,
        44985.840000000004,
        44985.840000000004,
        44985.840000000004,
        44985.840000000004,
        44985.840000000004,
        8301.72,
        44985.840000000004,
        8304.06,
        8304.06,
        8304.06,
        8304.06,
        8304.06,
        8304.06,
        8304.06,
        8304.06,
        8304.06,
        8304.06,
        8304.06,
        8304.06,
        8304.06,
        8304.06,
        8304.06,
        8332.86,
        223441.04,
        8433.86,
        8387.77,
        8356.63,
        8358.97,
        8358.97,
        8356.63,
        8448.95,
        8448.95,
        8451.289999999999,
        8451.289999999999,
        8448.95,
        8451.289999999999,
        8448.95,
        8451.289999999999,
        8473.869999999999,
        8420.06,
        8397.48
    ]
}