{
    "virtual_best": 4285.31,
    "single_best": 185863.09,
    "passive_learning": 4787.68,
    "active_learning": [
        146786.55000000002,
        110519.14,
        110704.43999999999,
        74661.26999999999,
        74607.18,
        74562.68999999999,
        76181.62999999999,
        40084.76,
        39999.66,
        76090.79,
        40019.89,
        39983.170000000006,
        40004.72,
        39736.33,
        39450.87,
        4667.81,
        4584.91,
        4788.3,
        4801.0,
        4855.05,
        4757.64,
        4771.72,
        4742.610000000001,
        4754.38,
        4749.85,
        4786.62,
        4704.7300000000005,
        4750.3,
        4704.74,
        4747.21,
        4771.49,
        4778.6,
        4768.27,
        4771.4800000000005
    ]
}