{
    "virtual_best": 7538.94,
    "single_best": 8267.14,
    "passive_learning": 442287.47000000003,
    "active_learning": [
        731672.39,
        480574.01,
        480574.01,
        516919.9,
        227255.35,
        478353.73,
        265808.83,
        516904.96,
        8315.01,
        227176.15000000002,
        227255.37,
        478332.24,
        227236.27000000002,
        478352.86,
        8339.97,
        191378.99000000002,
        8348.09,
        43985.94,
        8242.26,
        259341.07,
        8220.11,
        187852.79,
        8220.11,
        8173.42,
        223552.68000000002,
        8242.710000000001,
        8220.11,
        8173.4400000000005,
        8399.050000000001,
        8245.03,
        8244.58,
        8203.369999999999,
        8203.369999999999,
        8203.369999999999
    ]
}