{
    "virtual_best": 2137.33,
    "single_best": 295340.47,
    "passive_learning": 2382.77,
    "active_learning": [
        112020.37,
        146436.63,
        75559.42,
        74406.48999999999,
        74449.7,
        38507.4,
        74345.79,
        74404.32999999999,
        74459.42,
        38450.74,
        147066.25999999998,
        74197.76,
        38282.43,
        2341.0499999999997,
        2277.3799999999997,
        2300.83,
        2384.64,
        2281.94,
        2331.3199999999997,
        2269.6299999999997,
        2296.29,
        2296.5299999999997,
        2397.87,
        2397.93,
        2381.97,
        2398.6099999999997,
        2377.8399999999997,
        2380.56,
        38277.87,
        38307.6,
        2415.16
    ]
}