{
    "virtual_best": 7613.0,
    "single_best": 8357.68,
    "passive_learning": 8398.44,
    "active_learning": [
        261667.03,
        261666.97999999998,
        261667.03,
        261669.3,
        154891.78,
        226294.9,
        261669.3,
        261669.3,
        261667.03,
        11632.84,
        335385.11,
        262363.64999999997,
        226294.9,
        8392.11,
        8389.77,
        8389.79,
        8392.11,
        8353.87,
        8392.11,
        8518.17,
        8515.83,
        9823.19,
        8449.92,
        8472.050000000001,
        8472.5,
        44278.13,
        8432.69,
        8421.03,
        191366.53999999998,
        191316.83,
        8348.76
    ]
}