{
    "virtual_best": 2663.82,
    "single_best": 223036.51,
    "passive_learning": 187068.72,
    "active_learning": [
        441656.05,
        304698.86,
        446723.37,
        476104.57999999996,
        476951.50999999995,
        366275.0,
        475062.0,
        293656.92,
        330314.42,
        402345.98,
        329608.44999999995,
        330379.51999999996,
        222400.93000000002,
        258295.92,
        293675.16,
        258174.55000000002,
        258466.62,
        293541.41,
        186832.2,
        258535.97,
        258201.44,
        258215.22,
        258753.21000000002,
        258172.11000000002,
        293422.83999999997,
        293425.23,
        258243.98,
        150853.2,
        258909.83000000002,
        258951.36000000002,
        259314.13,
        294653.76999999996,
        295056.29,
        294660.58999999997,
        295088.43,
        294940.47,
        294940.47,
        294940.47,
        294940.47,
        294940.47,
        294940.47,
        294940.47,
        294940.47,
        294940.47,
        294940.47,
        294940.47,
        294940.47,
        294940.47,
        294940.47,
        294940.47,
        186544.71000000002,
        186346.61000000002,
        296087.86,
        222501.2,
        186848.44
    ]
}