{
    "virtual_best": 3776.66,
    "single_best": 474565.42,
    "passive_learning": 114008.23,
    "active_learning": [
        508799.75,
        472300.45999999996,
        400886.77999999997,
        400706.64999999997,
        258394.58000000002,
        258061.78,
        222559.42,
        258017.23,
        222360.23,
        221467.27000000002,
        222341.0,
        186163.84,
        186470.78,
        221861.52000000002,
        185781.85,
        221818.06,
        149944.03,
        186472.08000000002,
        185913.98,
        150237.28,
        185816.53,
        150063.69,
        150195.26,
        221921.39,
        186185.79,
        186316.64,
        186320.96000000002,
        150224.04,
        186321.41,
        186320.01,
        186323.49000000002,
        186322.18000000002,
        186322.18000000002,
        186322.18000000002,
        186159.98,
        186328.56,
        186328.56,
        186328.56,
        186328.56,
        186328.56,
        186328.56,
        186328.56,
        186328.56,
        186328.56,
        186328.56,
        186328.56,
        186328.56,
        186328.56,
        186328.56,
        186328.56,
        257826.88,
        114346.09999999999,
        150441.88,
        149915.94,
        150587.51
    ]
}