{
    "virtual_best": 8230.0,
    "single_best": 146071.73,
    "passive_learning": 288960.0,
    "active_learning": [
        216429.6,
        216488.41999999998,
        219579.82,
        216500.07,
        252410.72999999998,
        216504.32,
        180530.76,
        216432.03,
        216249.72999999998,
        252270.94,
        252307.27,
        216316.31,
        216279.44999999998,
        219334.21,
        288808.61,
        251991.75,
        291486.12,
        256242.19,
        256067.15,
        255767.31,
        255738.65,
        219717.94,
        255736.8,
        255738.65,
        255736.8,
        255683.13999999998,
        255736.8,
        255683.13999999998,
        255736.8,
        255743.52,
        255689.87,
        255755.96,
        255755.96,
        255755.96,
        255755.96,
        255743.53,
        255695.58,
        255746.72999999998,
        255683.13999999998,
        255683.13999999998,
        255683.13999999998,
        255683.13999999998,
        255683.13999999998,
        255683.13999999998,
        255683.13999999998,
        255683.13999999998,
        255683.13999999998,
        255683.13999999998,
        255683.13999999998,
        255683.13999999998,
        255693.07,
        255693.07,
        255693.07,
        255693.07,
        255693.07,
        255693.07,
        288748.42,
        255685.97,
        291426.79000000004,
        324936.29,
        324925.23,
        360920.0,
        360915.35,
        324923.63,
        324923.63,
        360916.38
    ]
}