{
    "virtual_best": 8932.94,
    "single_best": 81730.37,
    "passive_learning": 114377.95,
    "active_learning": [
        218085.94999999998,
        219007.72999999998,
        218963.84,
        218943.31,
        217407.3,
        253408.19,
        217405.87,
        217405.72999999998,
        184828.88,
        184807.09,
        184840.46,
        181362.8,
        115792.81,
        220939.94,
        115776.62999999999,
        149526.63,
        149524.5,
        149526.59999999998,
        148810.02,
        112810.58,
        112812.18,
        112812.18,
        112816.73,
        112816.73,
        112816.73,
        112816.73,
        112817.34,
        112817.34,
        112813.09,
        112817.64,
        112813.98999999999,
        112816.73,
        112816.73,
        112816.73,
        112816.73,
        112816.73,
        112816.73,
        112816.73,
        112816.73,
        112816.73,
        112816.73,
        112816.73,
        112816.73,
        112816.73,
        112816.73,
        112816.73,
        112816.73,
        112816.73,
        112816.73,
        112816.73,
        112816.73,
        112816.73,
        112816.73,
        112816.73,
        112816.73,
        112816.73,
        114354.68,
        113379.86,
        112815.09999999999,
        112685.64,
        112816.93,
        112830.15,
        112840.04999999999,
        112840.04999999999,
        112783.76999999999,
        113345.31999999999
    ]
}