{
    "virtual_best": 2652.88,
    "single_best": 223430.75,
    "passive_learning": 329915.69,
    "active_learning": [
        478881.13,
        78882.06,
        186351.1,
        366264.53,
        259565.85,
        115602.79,
        366910.81,
        403263.33,
        332341.15,
        402021.58,
        438700.72000000003,
        402724.05000000005,
        366426.52,
        330535.13,
        330744.43000000005,
        330086.75,
        329918.23000000004,
        365441.16000000003,
        402243.42000000004,
        365821.36000000004,
        366574.83,
        329902.65,
        329634.47000000003,
        365562.48000000004,
        366373.37,
        330187.71,
        330857.28,
        330471.11000000004,
        330444.53,
        330444.53,
        330406.72000000003,
        330399.23000000004,
        330399.23000000004,
        330399.23000000004,
        330399.23000000004,
        330399.23000000004,
        330399.23000000004,
        330399.23000000004,
        330399.23000000004,
        330399.23000000004,
        330399.23000000004,
        330399.23000000004,
        330399.23000000004,
        330399.23000000004,
        330399.23000000004,
        330399.23000000004,
        330399.23000000004,
        330399.23000000004,
        330399.23000000004,
        330399.23000000004,
        330399.23000000004,
        330399.23000000004,
        330399.23000000004,
        330399.23000000004,
        331094.19,
        258203.21,
        331148.09,
        330246.04000000004,
        330797.45
    ]
}