{
    "virtual_best": 2292.96,
    "single_best": 401966.04,
    "passive_learning": 112193.84999999999,
    "active_learning": [
        364113.32,
        184102.16,
        147989.22999999998,
        148117.78,
        147698.13,
        220170.37,
        112385.68999999999,
        112194.28,
        76639.32999999999,
        112746.36,
        112672.29,
        112376.43999999999,
        112383.12999999999,
        112241.43999999999,
        112223.32999999999,
        112228.26999999999,
        112011.06,
        112137.26,
        111892.89,
        111926.15999999999,
        111925.87,
        111911.98,
        112190.67,
        112371.78,
        112050.22,
        111926.31999999999,
        111930.93999999999,
        111949.67,
        111949.68999999999,
        111945.15999999999,
        111943.90999999999,
        111943.93999999999,
        111943.93999999999,
        111943.93999999999,
        111943.93999999999,
        111943.93999999999,
        111943.93999999999,
        111943.93999999999,
        111943.93999999999,
        111943.93999999999,
        111943.93999999999,
        111943.93999999999,
        111943.93999999999,
        111943.93999999999,
        111943.93999999999,
        111943.93999999999,
        111943.93999999999,
        111943.93999999999,
        111943.93999999999,
        111943.93999999999,
        111943.93999999999,
        111943.93999999999,
        111943.93999999999,
        111943.93999999999,
        112008.98999999999,
        76794.93999999999,
        112374.82999999999,
        112239.93999999999,
        112033.09
    ]
}