{
    "virtual_best": 7906.34,
    "single_best": 8667.2,
    "passive_learning": 151953.82,
    "active_learning": [
        8766.62,
        47795.229999999996,
        8732.15,
        8725.62,
        8725.62,
        8703.09,
        11904.7,
        10574.74,
        8725.64,
        8703.04,
        8703.04,
        8703.04,
        8703.06,
        8700.72,
        8703.06,
        8703.06,
        8700.7,
        8700.7,
        8705.630000000001,
        8705.630000000001,
        8703.04,
        8703.06,
        8703.06,
        8703.04,
        8703.04,
        8703.06,
        8703.06,
        8703.06,
        8703.06,
        8703.06,
        8703.06,
        8703.06,
        8703.06,
        8703.06,
        8703.06,
        8703.06,
        8703.06,
        8703.06,
        8703.06,
        8703.06,
        8703.06,
        8703.06,
        8703.06,
        8703.06,
        8703.06,
        8703.06,
        8703.06,
        8703.06,
        8703.06,
        8700.72,
        8700.72,
        8700.72,
        8700.72,
        8700.72,
        478561.80000000005,
        8599.94,
        80106.51999999999,
        8599.94,
        8599.94,
        8599.94,
        8599.94,
        8599.94
    ]
}