{
    "virtual_best": 4186.6,
    "single_best": 365510.21,
    "passive_learning": 40178.6,
    "active_learning": [
        110815.98999999999,
        146605.28,
        110990.73,
        110990.42,
        75943.95999999999,
        75050.19,
        76104.23,
        75074.92,
        40515.009999999995,
        76039.65,
        74740.42,
        74736.95,
        74736.95,
        74912.23,
        74735.41,
        40180.38,
        40180.38,
        40355.399999999994,
        40179.49,
        40179.49,
        40180.63,
        40180.63,
        74734.59999999999,
        74734.59999999999,
        74734.59999999999,
        40180.399999999994,
        40180.38,
        40180.38,
        40180.38,
        40180.38,
        40180.38,
        40180.38,
        40180.38,
        40180.38,
        40180.38,
        40180.38,
        40180.38,
        40180.38,
        40180.38,
        40180.38,
        40180.38,
        40180.38,
        40180.38,
        40180.38,
        40180.38,
        40180.38,
        40180.38,
        40180.38,
        40180.28,
        40180.229999999996,
        40180.549999999996,
        40180.32,
        40180.649999999994,
        40180.28999999999,
        40180.32,
        40180.89,
        40178.95,
        40178.63,
        40178.63,
        40178.869999999995,
        40178.38,
        40178.38
    ]
}