{
    "virtual_best": 9016.51,
    "single_best": 149343.91,
    "passive_learning": 294935.23,
    "active_learning": [
        327152.76,
        218050.62,
        326932.51,
        291612.14,
        325129.22000000003,
        361079.02,
        326699.58,
        327102.92,
        294421.51,
        327676.5,
        294507.95999999996,
        295182.95999999996,
        327690.96,
        327735.15,
        295047.04,
        294960.23,
        294356.16,
        294465.88,
        222472.53,
        222472.53,
        258462.53,
        258344.5,
        258388.83000000002,
        294930.20999999996,
        294943.2,
        294926.06,
        295002.19,
        294921.33999999997,
        294930.23
    ]
}