{
    "virtual_best": 6344.47,
    "single_best": 116501.88,
    "passive_learning": 144021.59,
    "active_learning": [
        146188.51,
        146148.29,
        75853.07999999999,
        180764.75,
        180525.81,
        145406.31,
        181970.09,
        146816.48,
        145735.63,
        145683.05,
        144411.62,
        217691.63,
        180734.57,
        146195.88999999998,
        145052.24,
        179960.30000000002,
        179898.48,
        179973.19,
        144165.2,
        144495.46,
        108438.69,
        73390.29999999999,
        108042.66,
        144035.51,
        144035.51,
        179748.26,
        144021.59,
        144022.09,
        143976.66999999998
    ]
}