{
    "virtual_best": 3300.92,
    "single_best": 328709.16,
    "passive_learning": 3709.53,
    "active_learning": [
        149153.02000000002,
        111623.95,
        182533.26,
        218534.49000000002,
        182705.1,
        147208.90000000002,
        110589.18,
        74494.29,
        110526.3,
        74440.97,
        74466.3,
        74560.31,
        74562.91,
        74531.28,
        74559.94,
        74532.3,
        74559.95999999999,
        74559.72,
        74559.7,
        74559.7,
        74559.72,
        74531.04,
        74531.04,
        39716.1,
        3717.48,
        3717.66,
        3717.53,
        3716.77,
        3716.77,
        3717.75,
        3717.75,
        3717.77,
        3717.77,
        3716.78,
        3716.78,
        3716.78,
        3716.78,
        3716.78,
        3716.78,
        3716.78,
        3716.78,
        3716.78,
        3716.78,
        3716.78,
        3716.78,
        3716.78,
        3716.78,
        3716.78,
        3716.78,
        3716.78,
        3716.78,
        3716.78,
        3682.17,
        4315.7300000000005,
        3709.42,
        3720.4700000000003,
        39546.13,
        3744.9900000000002,
        3747.71,
        3744.9900000000002,
        3717.77,
        3717.77,
        3682.4300000000003,
        3711.09
    ]
}