{
    "virtual_best": 7787.1,
    "single_best": 8450.8,
    "passive_learning": 151828.08,
    "active_learning": [
        8479.8,
        8479.8,
        8479.75,
        8479.75,
        8479.75,
        8479.769999999999,
        8502.3,
        8504.619999999999,
        8479.72,
        8479.699999999999,
        8479.699999999999,
        8479.699999999999,
        8479.699999999999,
        8479.699999999999,
        8479.699999999999,
        8479.699999999999,
        8479.699999999999,
        8479.699999999999,
        8479.699999999999,
        8479.699999999999,
        8479.699999999999,
        8479.699999999999,
        8479.699999999999,
        8479.699999999999,
        8479.699999999999,
        8479.699999999999,
        8479.699999999999,
        8479.699999999999,
        8479.699999999999,
        8479.699999999999,
        8479.699999999999,
        8479.699999999999,
        8479.699999999999,
        8479.699999999999,
        8479.699999999999,
        8479.699999999999,
        8479.699999999999,
        8479.699999999999,
        8479.699999999999,
        8479.699999999999,
        8479.699999999999,
        8479.699999999999,
        8479.699999999999,
        8482.91,
        8534.22,
        8501.119999999999,
        8501.57,
        8521.359999999999,
        8498.76,
        8498.76,
        8521.34,
        8523.679999999998,
        8498.76,
        8498.779999999999,
        8498.779999999999,
        8498.8,
        8498.779999999999,
        8498.76
    ]
}