{
    "virtual_best": 7151.22,
    "single_best": 7908.92,
    "passive_learning": 8050.610000000001,
    "active_learning": [
        624293.65,
        370893.50999999995,
        621671.13,
        370891.85,
        443412.87,
        370856.49,
        226964.75,
        226942.62,
        404289.17,
        151867.23,
        151931.57,
        335026.89999999997,
        8081.85,
        226922.73,
        8023.83,
        8105.72,
        8070.87,
        8070.87,
        8130.64,
        8048.29,
        8105.72,
        8108.06,
        8105.72,
        8108.06,
        8108.06,
        8105.72,
        8048.29,
        8105.740000000001,
        8128.3,
        8106.150000000001,
        8187.17,
        9238.939999999999
    ]
}