{
    "virtual_best": 3996.35,
    "single_best": 257640.6,
    "passive_learning": 4378.38,
    "active_learning": [
        290219.01999999996,
        218462.15,
        218225.49,
        218437.72,
        219433.24,
        183538.14,
        110882.82,
        111060.07,
        183340.84,
        182061.83,
        147660.06,
        111662.34,
        4395.79,
        4395.97,
        40386.46,
        4378.59,
        40298.090000000004,
        4299.6900000000005,
        4371.89,
        4299.7300000000005,
        4299.7300000000005,
        4299.7300000000005,
        4300.09,
        4300.320000000001,
        4378.43,
        4378.25,
        4378.4400000000005,
        4378.37,
        4380.030000000001,
        4380.16,
        4380.06,
        4380.06
    ]
}