{
    "virtual_best": 7824.53,
    "single_best": 8509.72,
    "passive_learning": 299545.89,
    "active_learning": [
        841530.8700000001,
        841530.8700000001,
        696301.9600000001,
        696267.79,
        480944.04,
        297977.54,
        297977.54,
        297991.88,
        298034.63,
        226434.43,
        298012.05,
        298012.05,
        8824.42,
        8904.869999999999,
        8792.71,
        8825.4,
        8831.15,
        8883.859999999999,
        8829.56,
        8886.56,
        8886.56,
        8853.07,
        8853.07,
        8853.07,
        8853.07,
        8853.07,
        8853.07,
        8853.07,
        8853.07,
        8853.07,
        8853.07,
        8806.98,
        8829.56,
        80832.36,
        8815.35,
        8850.09,
        8850.09,
        8850.09,
        8850.09,
        8850.09,
        8850.09,
        8850.09,
        8850.09,
        8850.09,
        8850.09,
        8850.09,
        8850.09,
        8850.09,
        8724.63,
        8835.35,
        224239.65,
        8823.71,
        8806.98,
        8719.939999999999,
        8784.4,
        8783.949999999999,
        8790.189999999999,
        8761.82,
        8797.26,
        8761.82,
        8679.47,
        8761.82,
        8761.82,
        8761.82,
        8797.26,
        8797.26,
        8761.82,
        8761.82,
        8797.26
    ]
}