{
    "virtual_best": 2814.31,
    "single_best": 255134.72,
    "passive_learning": 110572.06999999999,
    "active_learning": [
        221554.79,
        221529.23,
        218602.82,
        182687.91,
        146358.26,
        146348.59,
        146361.46,
        181917.78,
        181964.24,
        181965.38,
        181947.0,
        181947.0,
        182021.91999999998,
        181961.15,
        182022.0,
        181946.62,
        146775.41,
        146882.85,
        146802.81,
        146882.85,
        146882.85,
        74889.51,
        74889.51,
        74889.51,
        74889.51,
        74889.51,
        74889.51,
        74888.13,
        74888.25,
        74888.25,
        74888.13,
        74886.45,
        74886.45,
        110623.42,
        74882.65,
        74882.65,
        74882.65,
        74882.65,
        74882.65,
        74882.65,
        74882.65,
        74882.65,
        74882.65,
        74882.65,
        74882.65,
        74882.65,
        74882.65,
        74882.65,
        74879.83,
        74888.31,
        110445.02,
        74707.97,
        74704.97,
        38696.31,
        38703.56,
        38669.63,
        38672.0,
        38669.659999999996,
        74669.31999999999,
        3175.66,
        3175.66,
        3177.34,
        3177.32,
        3259.0299999999997,
        38669.34,
        38669.369999999995,
        38669.369999999995,
        38670.09,
        38670.09
    ]
}