{
    "virtual_best": 2663.82,
    "single_best": 223036.51,
    "passive_learning": 187068.72,
    "active_learning": [
        438497.25999999995,
        441574.37,
        407059.62,
        439346.32,
        329153.75,
        329943.01999999996,
        365810.48,
        293931.87,
        152107.34,
        150640.42,
        151121.9,
        114069.76,
        185805.67,
        115157.31999999999,
        258583.48,
        151027.23,
        331416.06,
        151238.14,
        151027.84,
        187157.07,
        186578.33000000002
    ]
}