{
    "virtual_best": 3776.66,
    "single_best": 474565.42,
    "passive_learning": 78083.56,
    "active_learning": [
        401155.23,
        329825.25,
        258054.06,
        186154.41,
        149841.5,
        186777.25,
        150453.54,
        186082.69,
        42940.98,
        114099.79999999999,
        114417.2,
        150425.1,
        113500.39,
        77965.17,
        114293.65,
        113967.34,
        114146.46999999999,
        78618.98,
        78700.34999999999,
        78380.15,
        78576.37999999999
    ]
}