{
    "virtual_best": 10236.71,
    "single_best": 149878.53,
    "passive_learning": 222780.12,
    "active_learning": [
        148086.75,
        183997.11,
        148048.93,
        145322.53,
        148616.93,
        220703.64,
        148057.7,
        220365.95,
        220051.78999999998,
        183857.39,
        183292.09999999998,
        183291.74,
        183292.09999999998,
        183293.8,
        183292.09999999998,
        183294.22999999998,
        183311.87,
        255993.22000000003,
        255995.91999999998,
        255992.08000000002,
        256063.75,
        220168.84999999998,
        220081.25,
        256353.76,
        292291.83,
        294707.17,
        294661.91,
        294709.41,
        294705.37,
        294705.37
    ]
}