{
    "virtual_best": 4804.25,
    "single_best": 73429.65,
    "passive_learning": 106944.35,
    "active_learning": [
        143287.78,
        108191.45,
        107624.46,
        145744.58000000002,
        143256.43,
        71537.92,
        71594.34,
        71746.25,
        71592.07,
        71603.6,
        71129.74,
        70987.8,
        70970.57,
        71140.57,
        71095.0,
        70932.76000000001,
        71096.81,
        71109.56,
        35068.65,
        35161.36,
        35324.14,
        35329.520000000004,
        35288.17,
        107131.83,
        107129.48,
        107152.36,
        106990.79000000001,
        106953.7,
        106953.72,
        106791.68000000001
    ]
}