{
    "virtual_best": 7646.89,
    "single_best": 8318.92,
    "passive_learning": 227320.55,
    "active_learning": [
        442600.84,
        191485.18,
        8763.93,
        442603.16000000003,
        191472.69999999998,
        191447.81,
        296189.04000000004,
        439664.62,
        547711.9,
        730107.9,
        585259.42,
        622418.05,
        621061.48,
        406497.98000000004,
        8271.65,
        442349.81,
        259401.0,
        442271.95,
        191192.65,
        8271.67,
        115948.08,
        151334.22999999998,
        151586.50999999998,
        115856.94,
        116192.75,
        8271.69,
        8252.59,
        8344.91,
        259443.28999999998,
        223741.31,
        333513.95,
        259462.34999999998,
        406452.62,
        406452.62
    ]
}