{
    "virtual_best": 3047.92,
    "single_best": 331525.29,
    "passive_learning": 39351.189999999995,
    "active_learning": [
        110976.46,
        111394.79000000001,
        75342.56,
        75492.36,
        75344.42,
        75406.42,
        76642.67,
        41049.969999999994,
        41048.89,
        76647.40000000001,
        40670.53,
        40692.56,
        39349.579999999994,
        39327.32,
        3405.39,
        39424.78,
        3503.5099999999998,
        39350.21,
        39350.869999999995,
        3406.37,
        3504.36,
        3504.33,
        3406.21,
        3405.97,
        3406.21,
        3406.1,
        3406.37,
        3406.0,
        3406.0,
        3406.13,
        39350.95,
        3406.13,
        39350.95,
        39350.95
    ]
}