{
    "virtual_best": 9246.87,
    "single_best": 113842.19,
    "passive_learning": 295632.99,
    "active_learning": [
        149972.68,
        225769.75,
        186147.71000000002,
        223591.12,
        223378.06,
        223193.41999999998,
        223243.34000000003,
        223152.46000000002,
        223345.68,
        223423.96000000002,
        223220.63,
        223233.68,
        223120.64,
        223165.63,
        223150.59000000003,
        223166.43,
        223106.3,
        222829.06,
        222758.07,
        223022.02000000002,
        222756.31,
        223092.32,
        222778.27000000002,
        223073.05,
        222793.74,
        223138.26,
        223138.26,
        223093.96000000002,
        223117.06,
        223072.27000000002,
        223072.27000000002,
        223071.41000000003,
        223089.21000000002,
        223089.21000000002,
        223089.21000000002,
        223089.21000000002,
        223090.12,
        223090.12,
        223090.12,
        223090.12,
        223090.12,
        223090.12,
        223090.12,
        223090.12,
        223091.56,
        223188.36,
        223074.15000000002,
        223170.57,
        223182.52000000002,
        223182.52000000002,
        223182.52000000002,
        223182.52000000002,
        223182.52000000002,
        223182.52000000002,
        223066.95,
        222779.65000000002,
        187652.84000000003,
        186815.77000000002,
        295360.72000000003,
        223644.19,
        259340.43,
        295673.72000000003,
        295380.35,
        295570.1,
        295330.33
    ]
}