{
    "virtual_best": 5818.73,
    "single_best": 43164.42,
    "passive_learning": 72458.59,
    "active_learning": [
        254167.75,
        251098.62,
        214844.47000000003,
        250876.97999999998,
        250876.77000000002,
        250877.13,
        250896.44,
        250900.36,
        178924.11,
        178852.82,
        178897.91999999998,
        108600.04000000001,
        108597.95,
        142935.18,
        142853.19,
        142899.58000000002,
        142853.54,
        142781.75,
        142782.1,
        142877.97,
        142882.02000000002,
        142922.79,
        142875.13,
        108540.34000000001,
        108562.45,
        142947.34000000003,
        142947.34000000003,
        142947.73,
        142901.69,
        142901.69,
        142901.69,
        142901.69,
        142941.98,
        142941.98,
        142941.98,
        142941.98,
        142941.98,
        142941.98,
        142941.98,
        142941.98,
        142941.98,
        142941.98,
        142941.98,
        142941.98,
        107186.64,
        107167.04000000001,
        107114.97,
        107114.71,
        107117.6,
        107117.6,
        107117.6,
        107117.6,
        107117.6,
        107117.6,
        107120.71,
        106998.11,
        107033.17,
        106992.36,
        106820.22,
        106853.90000000001,
        106796.40000000001,
        106842.44,
        106795.79000000001,
        106823.93000000001,
        106777.88
    ]
}