{
    "virtual_best": 10042.46,
    "single_best": 149895.87,
    "passive_learning": 329461.06,
    "active_learning": [
        220257.87,
        220329.49000000002,
        220169.01,
        220060.46000000002,
        184447.73,
        184348.24000000002,
        187286.11000000002,
        254116.45,
        221625.71000000002,
        221931.06,
        259825.24000000002,
        257625.9,
        257258.96000000002,
        257146.16,
        257126.97,
        257162.21000000002,
        257210.17,
        329147.91000000003,
        296139.12,
        293078.43,
        293078.47,
        257071.82,
        257133.74000000002,
        257140.79,
        257079.03,
        257140.74000000002,
        257140.74000000002,
        257140.74000000002,
        257211.46000000002,
        257261.24000000002,
        257261.24000000002,
        257269.62,
        257269.62,
        257265.01,
        257265.01,
        257265.01,
        257265.01,
        257269.62,
        257269.62,
        257269.62,
        257269.62,
        257269.62,
        257269.62,
        257269.62,
        257269.62,
        257269.62,
        257269.62,
        257269.62,
        257269.62,
        257269.62,
        257269.62,
        257197.71000000002,
        329733.23,
        329803.95,
        329430.38,
        329465.33,
        329840.25,
        329460.04,
        329746.4,
        329574.5,
        329896.03
    ]
}