{
    "virtual_best": 6836.92,
    "single_best": 73100.59,
    "passive_learning": 105364.01999999999,
    "active_learning": [
        141518.82,
        141521.84,
        141137.17,
        105519.17000000001,
        141396.52,
        105388.54999999999,
        105325.25,
        105683.28,
        141704.47,
        105677.75,
        105247.94,
        105249.07,
        105247.43,
        105296.17000000001,
        105229.16,
        105249.95000000001,
        105249.42000000001,
        105281.16,
        105284.45999999999,
        105287.97,
        105287.97,
        105289.79999999999,
        105278.14000000001,
        105286.5,
        105289.79999999999,
        105286.5,
        105289.79999999999,
        105283.93,
        105280.63,
        105284.12,
        105287.97,
        105287.97,
        105287.97,
        105287.97,
        105287.97,
        105287.97,
        105287.97,
        105287.97,
        105287.97,
        105287.97,
        105287.97,
        105287.97,
        105287.97,
        105287.97,
        105287.97,
        105287.97,
        105287.97,
        105287.97,
        105287.97,
        105287.97,
        105287.97,
        105277.15,
        141277.0,
        105277.15,
        105277.68,
        105274.82999999999,
        105309.92000000001,
        105313.15,
        141330.03,
        141279.72,
        141279.72
    ]
}