{
    "virtual_best": 11526.5,
    "single_best": 221400.42,
    "passive_learning": 182324.81999999998,
    "active_learning": [
        291855.67,
        291263.74,
        256199.61,
        255813.97,
        255823.36,
        290384.9,
        290572.78,
        289343.31,
        324158.75,
        324172.79000000004,
        360128.62,
        360304.82,
        324415.44,
        324339.56,
        288422.63,
        253508.81999999998,
        252202.31,
        252219.43,
        218081.66999999998,
        218089.16999999998,
        218089.16999999998,
        183071.97,
        183083.97,
        183071.97,
        147156.02,
        182768.0,
        218764.5,
        182768.0,
        182768.0,
        182768.0,
        182768.0,
        182768.0,
        182768.0,
        182768.0,
        182768.0,
        182768.15,
        182768.0,
        182768.0,
        147144.63999999998,
        147144.63999999998,
        147144.49,
        147144.49,
        147144.49,
        147144.49,
        147445.97,
        147445.97,
        147445.97,
        147445.97,
        147445.97,
        147445.97,
        147445.97,
        147445.97,
        147445.97,
        147445.97,
        147445.97,
        147445.97,
        146807.69999999998,
        146832.19999999998,
        146795.46,
        146826.69,
        146826.34,
        146826.19,
        146327.88,
        146325.71,
        182324.81999999998,
        182324.81999999998
    ]
}