{
    "virtual_best": 7650.11,
    "single_best": 74550.35,
    "passive_learning": 254451.18,
    "active_learning": [
        107041.94,
        107033.04000000001,
        107211.51000000001,
        107180.87,
        107155.12,
        107323.45999999999,
        107853.34,
        107292.41999999998,
        107269.29999999999,
        106800.94,
        107126.41,
        179521.59999999998,
        179886.50999999998,
        179562.88999999998,
        217105.34,
        217511.96,
        216573.55,
        215954.34,
        215695.63999999998,
        215898.27,
        216781.58,
        216245.74,
        216459.41,
        216459.41,
        216613.47999999998,
        216249.38999999998,
        216047.19999999998,
        216047.19999999998,
        216047.19999999998,
        216049.05,
        216049.05,
        215691.93,
        215691.93,
        215691.93,
        215691.93,
        216048.56,
        215691.97999999998,
        215505.47,
        215509.87999999998,
        215509.97999999998,
        215512.34999999998,
        215510.50999999998,
        215501.22,
        215494.43,
        215499.37,
        215500.0,
        215500.19999999998,
        215500.19999999998,
        215500.19999999998,
        215500.19999999998,
        215500.19999999998,
        215500.19999999998,
        215500.19999999998,
        215500.19999999998,
        215500.19999999998,
        215500.19999999998,
        215663.77,
        215953.9,
        251993.36,
        251986.22,
        251987.22999999998,
        254450.65,
        254397.47999999998,
        254399.34,
        254398.86,
        254398.86
    ]
}