{
    "virtual_best": 6278.8,
    "single_best": 41864.67,
    "passive_learning": 35911.49999999999,
    "active_learning": [
        72533.69,
        72739.16,
        72039.78,
        71479.2,
        71143.51999999999,
        71200.2,
        71129.45,
        71131.56,
        71627.09999999999,
        71627.01999999999,
        107626.87,
        107674.64,
        107854.26,
        71909.97,
        72242.93,
        72241.48,
        107822.06999999999,
        71862.63,
        71737.5,
        71712.45999999999,
        71721.17,
        71719.15,
        71696.4,
        71706.92,
        71706.92,
        71738.81,
        71733.76,
        71733.76,
        71733.76,
        71733.76,
        71733.76,
        71733.76,
        71735.79999999999,
        71735.79999999999,
        71735.79999999999,
        71735.79999999999,
        71735.79999999999,
        71735.79999999999,
        71735.79999999999,
        71735.79999999999,
        71735.79999999999,
        71735.79999999999,
        71735.79999999999,
        71735.79999999999,
        71735.79999999999,
        71735.79999999999,
        71735.79999999999,
        71735.79999999999,
        71709.01,
        71709.01,
        71709.01,
        71709.01,
        71709.01,
        71709.01,
        71709.01,
        71709.01,
        71700.38,
        35732.06999999999,
        35770.38999999999,
        35971.619999999995,
        35971.59,
        35961.229999999996,
        35963.34999999999
    ]
}