{
    "virtual_best": 8920.51,
    "single_best": 118448.67,
    "passive_learning": 257792.26,
    "active_learning": [
        254076.15000000002,
        253987.69,
        221270.61,
        221131.55,
        184432.75,
        221160.18,
        221189.02999999997,
        220585.64,
        222522.15999999997,
        220600.97999999998,
        257552.55,
        257758.95,
        257688.15999999997,
        219270.90000000002,
        255800.93,
        327507.4,
        294140.52999999997,
        219463.7,
        255079.33999999997,
        255562.84999999998,
        255415.40999999997,
        255511.01,
        255511.71000000002,
        255479.11,
        255476.84999999998,
        255514.63,
        255520.99,
        255520.99,
        255510.16999999998,
        255410.40000000002,
        255476.68,
        255410.34999999998,
        255410.34999999998,
        255418.74,
        255524.40000000002,
        255524.40000000002,
        255524.40000000002,
        255524.40000000002,
        255524.40000000002,
        255524.40000000002,
        255524.40000000002,
        255524.40000000002,
        255524.40000000002,
        255524.40000000002,
        255524.40000000002,
        255524.40000000002,
        255516.01,
        255516.01,
        255380.94,
        255382.77999999997,
        291483.87,
        255522.88,
        255522.88,
        291413.24,
        291514.87,
        255516.06,
        255391.83000000002,
        257792.63,
        257794.08999999997,
        257740.90999999997,
        257740.90999999997,
        293851.77,
        257848.91999999998
    ]
}