{
    "virtual_best": 6348.17,
    "single_best": 112944.06,
    "passive_learning": 180882.04,
    "active_learning": [
        178608.23,
        143023.5,
        108872.44,
        144378.26,
        108801.26999999999,
        142880.23,
        142880.23,
        108787.17000000001,
        108852.20999999999,
        108836.43,
        108836.43,
        143005.26,
        107023.19,
        72843.67,
        75946.37,
        111224.20999999999,
        146013.41,
        146013.6,
        108967.73999999999,
        108965.87,
        108965.87,
        108965.87,
        108965.87,
        108965.87,
        108965.87,
        74886.91,
        74886.91,
        74880.18,
        108965.87,
        74886.91,
        74886.91,
        74886.91,
        108959.14000000001,
        108959.14000000001,
        108959.14000000001,
        108959.14000000001,
        108959.14000000001,
        108965.87,
        74886.91,
        108965.87,
        108959.67000000001,
        108959.67000000001,
        144952.72,
        144952.72,
        144952.72,
        144952.72,
        144952.72,
        144952.72,
        144952.72,
        108959.67000000001,
        110872.23999999999,
        110870.85,
        108955.92000000001,
        108956.76000000001,
        108956.76000000001,
        108956.76000000001,
        108956.76000000001,
        108972.73999999999,
        144957.8,
        144957.8,
        108966.29000000001,
        144957.8,
        144951.37,
        144894.03,
        180886.03,
        146807.07,
        146814.44,
        146813.49
    ]
}