{
    "virtual_best": 9812.93,
    "single_best": 149483.23,
    "passive_learning": 258802.22,
    "active_learning": [
        149857.53,
        149803.59,
        182878.19,
        147540.78,
        182810.93,
        182810.98,
        182811.46000000002,
        182811.46000000002,
        255862.48,
        255862.0,
        257457.9,
        257456.57,
        255686.56,
        255625.91,
        255622.74000000002,
        255561.44,
        222276.75,
        255281.89,
        255367.51,
        255346.95,
        255346.95,
        255346.95,
        255345.61000000002,
        254285.97,
        182621.98,
        182669.87,
        182669.87,
        182662.12,
        218314.37,
        218314.37,
        255340.67,
        254279.19,
        255338.83000000002,
        255338.83000000002,
        255338.83000000002,
        255338.83000000002,
        255340.67,
        255338.83000000002,
        255394.47,
        255338.83000000002,
        255337.87,
        255337.87,
        255338.83000000002,
        255338.83000000002,
        255338.83000000002,
        255338.83000000002,
        255338.83000000002,
        255338.83000000002,
        255338.83000000002,
        256052.03,
        255350.64,
        256173.58000000002,
        256129.56,
        256129.56,
        256129.56,
        256129.56,
        256129.56,
        255427.49000000002,
        219390.23,
        251208.33000000002,
        287956.12,
        287957.04,
        256006.14,
        255958.42,
        291804.86,
        291809.14,
        291809.68,
        291810.64
    ]
}