{
    "virtual_best": 8622.45,
    "single_best": 113812.44,
    "passive_learning": 250011.72,
    "active_learning": [
        431603.91,
        431574.39999999997,
        395650.07999999996,
        395598.47,
        395569.93,
        363180.54,
        398935.08999999997,
        435860.77999999997,
        436010.41,
        364454.41,
        432557.79,
        360840.98,
        399926.6,
        364220.06,
        364270.22,
        364311.49,
        363859.98,
        327852.81999999995,
        219914.98,
        255299.5,
        291279.69,
        219360.16,
        219368.38,
        183378.52000000002,
        219362.02000000002,
        219361.58000000002,
        219406.69,
        220952.09,
        183979.79,
        252417.06,
        252415.58000000002,
        252415.58000000002,
        216523.62,
        216523.62,
        214105.11000000002,
        214389.07,
        214389.07,
        214389.07,
        214389.07,
        214387.74000000002,
        286320.74,
        286043.51,
        286044.83999999997,
        286097.64,
        286097.64,
        286097.64,
        286097.64,
        286097.64,
        286097.64,
        286097.64,
        286097.64,
        286090.92,
        286090.92,
        214384.44,
        214107.2,
        214107.2,
        286049.85,
        250107.19,
        250107.19,
        250107.19,
        250107.19,
        286405.69,
        252832.79,
        249979.39,
        249882.97,
        250003.11000000002,
        215701.11000000002,
        219795.47,
        213213.93,
        213256.15
    ]
}