{
    "virtual_best": 8670.58,
    "single_best": 41362.22,
    "passive_learning": 139393.72,
    "active_learning": [
        143986.59,
        144025.58,
        144005.8,
        144005.63999999998,
        144005.63999999998,
        143271.58,
        71718.68,
        106095.95999999999,
        106077.82,
        106555.98999999999,
        106466.76999999999,
        142118.23,
        141860.48,
        142141.97,
        106336.42000000001,
        105802.85,
        105692.91,
        105672.98000000001,
        105673.13999999998,
        141478.34,
        141478.17,
        141478.17,
        141492.47,
        108548.76999999999,
        108469.38,
        108473.5,
        108496.23000000001,
        141964.57,
        141960.45,
        141950.99,
        141960.45,
        108951.66,
        109666.20999999999,
        109666.20999999999,
        142675.0,
        109666.20999999999,
        109666.20999999999,
        109666.20999999999,
        109666.20999999999,
        109666.20999999999,
        109666.20999999999,
        142675.0,
        142675.0,
        142675.17,
        142675.17,
        142675.17,
        142675.17,
        142675.17,
        142675.17,
        142675.17,
        142675.17,
        142675.17,
        142675.17,
        109666.38,
        142675.88999999998,
        109667.1,
        109667.1,
        109667.1,
        109667.1,
        109667.1,
        109667.1,
        140164.24,
        106440.87,
        106495.91,
        106495.73999999999,
        107210.26999999999,
        103539.70999999999,
        103428.01000000001,
        103539.70999999999,
        103539.70999999999
    ]
}