{
    "virtual_best": 3093.47,
    "single_best": 291482.39,
    "passive_learning": 38368.19,
    "active_learning": [
        185421.55000000002,
        113407.15000000001,
        185306.44,
        146970.73,
        112056.98000000001,
        110990.94,
        110830.26000000001,
        146837.14,
        146833.38,
        146833.57,
        110835.51000000001,
        146831.91,
        146821.23,
        146817.03,
        182816.74000000002,
        110831.06000000001,
        38888.36,
        74886.08,
        74886.07,
        74879.47,
        39036.53,
        74946.89000000001,
        74590.3,
        74394.85,
        74394.96,
        74394.96,
        110380.91,
        74394.85,
        74394.98000000001,
        74394.98000000001,
        74394.96,
        74394.96,
        74755.3,
        74755.41,
        38757.69,
        38757.69,
        38757.69,
        38757.69,
        38757.69,
        38757.69,
        38757.69,
        38757.69,
        38757.69,
        38757.69,
        38757.69,
        38757.69,
        38757.69,
        74394.96,
        38390.98,
        74388.68000000001,
        38749.659999999996,
        38374.8,
        38375.47,
        74372.56000000001,
        74365.95000000001,
        74294.89000000001,
        74288.3,
        38368.21,
        74294.53000000001,
        38296.81,
        38296.81
    ]
}