{
    "virtual_best": 7512.69,
    "single_best": 8209.02,
    "passive_learning": 8388.68,
    "active_learning": [
        8241.07,
        8241.07,
        8241.119999999999,
        8241.07,
        8241.07,
        8265.92,
        8241.449999999999,
        8241.07,
        8241.09,
        118213.5,
        8190.509999999999,
        8265.94,
        8265.94,
        8243.36,
        8243.81,
        8263.17,
        8263.619999999999,
        8263.619999999999,
        8263.6,
        8263.6,
        8277.58,
        8263.619999999999,
        8277.58,
        8243.36,
        8243.81,
        8243.81,
        8243.36,
        8243.36,
        8265.49,
        8265.49,
        8243.36,
        8243.36,
        226768.97,
        226768.97,
        226768.97,
        226768.97,
        226768.97,
        226768.97,
        226768.97,
        226768.97,
        226768.97,
        226768.97,
        226768.97,
        226768.97,
        226768.97,
        226768.97,
        226768.97,
        8275.24,
        8277.58,
        8277.58,
        8528.789999999999,
        8407.32,
        8393.449999999999,
        8388.25,
        8388.27,
        8410.81,
        8459.63,
        8330.8,
        8388.23,
        8388.23,
        8388.23
    ]
}