{
    "virtual_best": 10324.77,
    "single_best": 149942.15,
    "passive_learning": 361336.67,
    "active_learning": [
        220396.13999999998,
        220210.25999999998,
        218893.03,
        218840.66,
        218511.16999999998,
        218551.87,
        222151.72999999998,
        222473.25999999998,
        294185.5,
        258239.81,
        294203.58,
        294203.58,
        327128.82,
        363141.57,
        363141.57,
        363087.91,
        330087.06,
        363074.51,
        327135.14999999997,
        327127.41,
        258155.05,
        291149.44,
        327152.23,
        219177.44999999998,
        291161.7,
        291132.08,
        290570.83,
        291149.64,
        291160.69,
        291148.43,
        290851.73,
        290843.67,
        326794.81,
        326731.43,
        326731.43,
        326640.2,
        326640.2,
        358972.12,
        358972.12,
        358979.08,
        358979.08,
        358979.08,
        358979.08,
        358979.08,
        358979.08,
        358987.45999999996,
        358987.45999999996,
        358987.45999999996,
        358987.45999999996,
        358960.11,
        358960.11,
        358975.63,
        358978.55,
        358978.55,
        358978.55,
        358978.55,
        359035.51,
        361336.23,
        361658.33999999997,
        361701.74,
        361692.77
    ]
}