{
    "virtual_best": 11047.77,
    "single_best": 119865.93,
    "passive_learning": 108468.1,
    "active_learning": [
        214616.3,
        214626.50999999998,
        214606.34,
        178555.11,
        214570.44999999998,
        286524.46,
        214545.22,
        248987.74,
        178478.08,
        250483.88999999998,
        250454.49,
        250454.49,
        250450.05,
        250499.43,
        250658.59999999998,
        214532.55,
        214871.99,
        178486.75,
        178342.15,
        178677.65,
        214691.72,
        214688.33,
        214720.06,
        214691.72,
        110319.18,
        109955.35999999999,
        109955.35999999999,
        110665.35,
        110665.35,
        109859.38999999998,
        110198.73000000001,
        109852.66999999998,
        110152.07999999999,
        144631.94,
        110218.82,
        110225.54000000001,
        110225.54000000001,
        144321.66999999998,
        109901.82,
        109876.20999999999,
        109876.20999999999,
        109876.20999999999,
        110190.66,
        110190.66,
        110190.66,
        110190.66,
        110190.66,
        110190.66,
        110190.66,
        110074.73999999999,
        110074.73999999999,
        110420.9,
        110420.9,
        110420.9,
        110347.56,
        110347.56,
        110420.9,
        74074.23999999999,
        74054.98,
        73740.54000000001,
        73740.54000000001
    ]
}