{
    "virtual_best": 7420.13,
    "single_best": 8215.91,
    "passive_learning": 81074.43,
    "active_learning": [
        657666.9099999999,
        657666.9099999999,
        657666.9099999999,
        657666.9299999999,
        620985.2,
        657666.98,
        657666.9099999999,
        657689.21,
        657688.73,
        657602.23,
        442205.67000000004,
        657824.74,
        657772.45,
        657555.4299999999,
        442444.0,
        298224.4,
        370183.4,
        370178.19,
        223564.63,
        223564.63,
        187847.85,
        151522.09,
        8415.18,
        298094.17000000004,
        223667.75,
        151596.58,
        152569.32,
        187601.66,
        152146.25,
        296605.29000000004,
        151572.13999999998
    ]
}