{
    "virtual_best": 3067.75,
    "single_best": 221989.88,
    "passive_learning": 75159.98999999999,
    "active_learning": [
        220223.44999999998,
        256536.56,
        219849.43,
        219854.4,
        147293.51,
        220750.4,
        149151.69999999998,
        223226.98,
        185120.68,
        149178.59,
        113478.19,
        184906.84,
        184759.34,
        184700.69999999998,
        113311.28,
        111096.26,
        146806.35,
        146807.32,
        74519.39,
        74522.42,
        3222.27,
        3223.26,
        38878.25,
        75449.15,
        74560.12,
        38857.92999999999,
        3196.8900000000003,
        38857.439999999995,
        39498.88,
        110859.93,
        38857.689999999995
    ]
}