{
    "virtual_best": 7897.44,
    "single_best": 78606.68,
    "passive_learning": 111468.78,
    "active_learning": [
        179981.98,
        143983.95,
        143984.53,
        143869.41,
        180046.55000000002,
        179984.44,
        144216.96000000002,
        144070.38,
        144873.84,
        143677.83000000002,
        179686.88,
        179633.9,
        251008.80000000002,
        251028.84,
        215017.88,
        215967.0,
        215965.09,
        287806.76,
        214860.12,
        251050.0,
        251053.04,
        180992.49,
        145095.27000000002,
        111482.22,
        145560.91,
        145557.95,
        182494.26,
        146497.14,
        146497.14
    ]
}