{
    "virtual_best": 8862.24,
    "single_best": 149463.02,
    "passive_learning": 364095.24,
    "active_learning": [
        255739.36000000002,
        254902.71,
        254536.25,
        290928.79000000004,
        254815.33000000002,
        290440.42000000004,
        290455.70999999996,
        290798.49,
        328307.06999999995,
        253513.41,
        257604.05000000002,
        361735.6,
        325787.12,
        293014.25,
        292691.18,
        292739.68,
        328438.30000000005,
        328816.9,
        292806.31,
        328809.62,
        364791.87,
        328393.74,
        328201.58999999997,
        328169.68000000005,
        364169.14,
        364168.23,
        328225.14,
        364165.95999999996,
        364167.81000000006
    ]
}