{
    "virtual_best": 7863.53,
    "single_best": 8613.29,
    "passive_learning": 8564.92,
    "active_learning": [
        191339.71000000002,
        8682.59,
        8682.59,
        8742.740000000002,
        8742.720000000001,
        8742.740000000002,
        8742.740000000002,
        8742.210000000001,
        191339.2,
        8742.210000000001,
        8696.62,
        8733.84,
        8733.84,
        8483.54,
        8564.92,
        8599.140000000001,
        9244.240000000002,
        8564.92,
        8587.52,
        8568.42,
        8567.28,
        8567.28,
        8564.92,
        8587.070000000002,
        8564.960000000001,
        45627.07,
        118264.03,
        155316.49000000002,
        10470.84,
        10470.84,
        10470.84,
        8599.140000000001,
        8599.140000000001
    ]
}