{
    "virtual_best": 2025.29,
    "single_best": 290621.71,
    "passive_learning": 38298.53,
    "active_learning": [
        145761.37000000002,
        74143.45999999999,
        38486.409999999996,
        111100.64,
        74135.87999999999,
        75394.91,
        39418.56,
        38170.03,
        75711.05,
        3807.21,
        3771.54,
        2569.62,
        3789.48,
        3762.75,
        3761.7799999999997,
        39418.899999999994,
        39293.659999999996,
        3892.8599999999997,
        39548.85,
        39548.85,
        39518.549999999996,
        38260.869999999995,
        39519.28999999999,
        38298.78999999999,
        38298.799999999996,
        74565.02,
        39517.5,
        75784.5,
        39517.34,
        2707.68,
        39517.34,
        73858.11,
        38135.259999999995
    ]
}