{
    "virtual_best": 2061.4,
    "single_best": 219461.21,
    "passive_learning": 75335.29000000001,
    "active_learning": [
        363747.76999999996,
        255690.65999999997,
        184023.77,
        147219.09,
        183072.87999999998,
        147143.34999999998,
        182612.41999999998,
        146956.15,
        183038.24,
        146906.44999999998,
        182622.34,
        182592.49,
        182844.52,
        110747.40000000001,
        39732.98,
        39646.780000000006,
        39921.420000000006,
        39532.05,
        3835.79,
        4395.32,
        111927.61,
        111556.68000000001,
        39942.62,
        75932.6,
        75868.49,
        75868.49,
        40287.5,
        40171.69,
        40203.12,
        40171.670000000006,
        40203.100000000006,
        40171.670000000006,
        40203.100000000006,
        40171.670000000006,
        40203.100000000006,
        40171.670000000006,
        40203.100000000006,
        40220.130000000005,
        40204.44,
        40204.44,
        39994.950000000004,
        39963.51,
        39994.16,
        39994.950000000004,
        39994.950000000004,
        39994.950000000004,
        39980.54,
        39994.950000000004,
        39994.950000000004,
        39994.950000000004,
        39963.51,
        39963.51,
        39994.950000000004,
        39994.950000000004,
        39963.51,
        39994.950000000004,
        39963.51,
        39994.950000000004,
        39994.950000000004,
        39994.950000000004,
        39963.51,
        39980.54,
        39994.950000000004,
        39963.51,
        39963.51,
        39994.950000000004
    ]
}