{
    "virtual_best": 3210.23,
    "single_best": 259500.08,
    "passive_learning": 401901.93,
    "active_learning": [
        1052710.43,
        654825.8500000001,
        622722.79,
        624341.63,
        548876.4800000001,
        261345.36,
        260952.34999999998,
        296523.93,
        439732.67,
        545589.8400000001,
        474190.1,
        403533.95999999996,
        366127.81,
        295176.18,
        438785.42,
        402966.32,
        403044.88,
        474907.5,
        401623.12,
        331511.20999999996,
        331437.01999999996,
        402763.83999999997,
        403679.51999999996,
        403689.14999999997,
        367348.83,
        331421.37,
        402996.49,
        438692.44,
        438693.95,
        438760.23,
        438760.23,
        438760.23,
        438760.23,
        438760.23,
        438760.23,
        438760.23,
        438740.43,
        438744.68,
        438728.89,
        402801.42,
        438710.16,
        438710.16,
        438747.22,
        438710.16,
        438710.16,
        438732.57,
        438746.89999999997,
        438720.11,
        438710.16,
        402841.1,
        438713.91,
        438710.16,
        438709.95,
        438718.6,
        438710.16,
        438784.58,
        438710.16,
        438710.16,
        366843.14,
        438762.05,
        438710.16,
        439018.19,
        438684.75,
        438710.16,
        438710.16,
        438717.72
    ]
}