{
    "virtual_best": 3116.02,
    "single_best": 295826.87,
    "passive_learning": 330890.29,
    "active_learning": [
        546855.4,
        331251.99,
        259744.12,
        296216.01999999996,
        259524.48,
        151865.61000000002,
        79579.71,
        116514.02,
        222432.75,
        294224.01999999996,
        293744.88999999996,
        293825.31,
        223302.79,
        437205.48,
        437902.56,
        402861.18999999994,
        474895.81999999995,
        366895.79,
        438027.70999999996,
        438148.58999999997,
        402165.16,
        438352.33999999997
    ]
}