{
    "virtual_best": 3605.23,
    "single_best": 400156.97,
    "passive_learning": 148929.13,
    "active_learning": [
        364784.51999999996,
        507885.36,
        364700.12999999995,
        292918.73,
        256842.11000000002,
        149529.19,
        149283.69,
        148520.6,
        148855.71,
        184253.33,
        219836.36000000002,
        112888.75,
        219837.16,
        184456.83,
        148187.12,
        184215.37,
        148613.84,
        148736.72,
        220190.22,
        184103.97,
        184103.83,
        184065.34
    ]
}