{
    "virtual_best": 2722.12,
    "single_best": 291946.8,
    "passive_learning": 220593.97999999998,
    "active_learning": [
        328078.87,
        220402.24,
        221410.02,
        149433.66999999998,
        184991.5,
        184606.19,
        220254.61,
        219792.61,
        291848.3,
        291717.56,
        256389.62,
        255880.08,
        256176.57,
        256033.74,
        255889.71,
        220032.22999999998,
        256007.78,
        256189.63,
        256012.28,
        256140.6,
        256067.34
    ]
}