{
    "virtual_best": 3022.94,
    "single_best": 232867.96,
    "passive_learning": 438992.18,
    "active_learning": [
        368171.32,
        259619.11,
        295259.13,
        116007.56,
        223531.21,
        367080.08999999997,
        187084.34,
        366083.83,
        402233.39999999997,
        402543.52,
        401680.45,
        329539.51,
        474346.46,
        366739.73,
        402081.93,
        402230.05,
        401606.05,
        402335.46,
        329820.08,
        401891.47,
        402441.26
    ]
}