{
    "virtual_best": 4671.37,
    "single_best": 365187.1,
    "passive_learning": 5484.32,
    "active_learning": [
        220255.89,
        184896.51,
        185061.53,
        185070.92,
        150265.09,
        114089.65000000001,
        78133.75,
        78170.69,
        78132.5,
        78459.88,
        78428.19,
        78135.83,
        42583.08,
        77722.69,
        77138.37,
        77135.04000000001,
        41465.170000000006,
        77137.38,
        77112.23,
        77115.55,
        77115.55,
        77114.55,
        77114.55,
        77136.68000000001,
        77114.55,
        77114.56,
        41416.9,
        77114.56,
        77114.56,
        77114.56,
        77114.56,
        77114.56,
        77114.56,
        77114.56,
        77114.56,
        77114.56,
        77114.56,
        77114.56,
        77114.56,
        77114.56,
        77114.56,
        77114.56,
        77114.56,
        77114.56,
        77114.56,
        41433.11,
        41433.12,
        41433.200000000004,
        77113.3,
        77117.41,
        77057.01000000001,
        77059.1,
        77034.90000000001,
        5426.15,
        5415.599999999999,
        41330.44,
        5421.74,
        5460.53,
        41331.130000000005,
        41331.79,
        41210.240000000005,
        41213.16
    ]
}