{
    "virtual_best": 8711.23,
    "single_best": 149064.64,
    "passive_learning": 329887.32,
    "active_learning": [
        292524.14,
        289149.65,
        325080.66000000003,
        361320.39,
        362416.09,
        362362.5,
        400024.4,
        331628.79000000004,
        398534.56,
        365314.95,
        365875.67000000004,
        365931.67000000004,
        292873.0,
        260621.9,
        329272.0,
        257153.63999999998,
        221088.0,
        257138.69999999998,
        329865.91000000003,
        296881.09,
        263342.52,
        263334.77,
        293871.98,
        293884.89,
        257483.93,
        329869.80000000005,
        329918.78,
        329918.78,
        329922.82,
        329922.82,
        329922.82,
        329922.82,
        329922.82,
        329922.82,
        329922.82,
        329922.82,
        329934.77,
        329934.77,
        329934.77,
        329934.77,
        329934.77,
        329934.77,
        329934.77,
        329934.77,
        329934.77,
        329934.77,
        329934.77,
        329934.77,
        329934.77,
        329900.10000000003,
        329895.60000000003,
        329888.33,
        362444.32,
        329888.33,
        329888.38,
        329887.80000000005,
        329887.80000000005,
        329887.80000000005
    ]
}