{
    "virtual_best": 6589.28,
    "single_best": 182699.94,
    "passive_learning": 106879.41,
    "active_learning": [
        325686.49000000005,
        361598.34,
        361670.07,
        325320.87,
        289301.7,
        289051.56,
        288878.16000000003,
        288501.97000000003,
        288473.52,
        252761.44,
        288718.83,
        252717.93,
        288719.15,
        288674.87,
        252716.68,
        288711.95,
        288711.95,
        288728.31,
        288871.14,
        288826.85000000003,
        287631.52,
        179853.04,
        179633.22,
        179792.4,
        108012.79000000001,
        143855.76,
        143855.76,
        143864.1,
        143855.76,
        143855.76,
        108057.07999999999,
        72332.33,
        143719.66,
        71124.28,
        71445.94,
        71445.81,
        71604.98999999999,
        71604.98999999999,
        71604.98999999999,
        71604.98999999999,
        71604.98999999999,
        71604.98999999999,
        71604.98999999999,
        71445.81,
        71445.81,
        71445.81,
        71445.81,
        71445.81,
        71445.81,
        106932.86000000002,
        142816.19,
        178764.79,
        142706.44,
        106874.07999999999,
        142830.99,
        142831.25,
        142671.82,
        142671.82
    ]
}