{
    "virtual_best": 2418.09,
    "single_best": 256171.83,
    "passive_learning": 37899.7,
    "active_learning": [
        110445.0,
        73935.93000000001,
        73990.23,
        73991.26,
        74043.71,
        74084.1,
        73992.05,
        73978.83,
        73821.71,
        73822.81,
        73813.68000000001,
        73813.04,
        73798.57,
        73864.31,
        37969.53,
        37839.82,
        73731.53,
        37856.270000000004,
        37856.270000000004,
        37962.25,
        37837.81,
        37952.83,
        37870.24,
        37862.35,
        37862.35,
        37861.72,
        37852.18,
        37862.47,
        37862.47,
        73776.03,
        73776.03,
        37845.95,
        37845.95,
        37863.48,
        37863.48,
        37863.48,
        37863.48,
        74084.29,
        74084.29,
        74084.29,
        74084.29,
        37862.840000000004,
        37862.840000000004,
        37861.94,
        37862.91,
        37862.91,
        74113.97,
        109974.59,
        109974.59,
        109974.59,
        37853.71,
        37885.49,
        109845.22,
        109846.15,
        73970.89,
        109846.11,
        74108.22,
        74108.29,
        74108.29,
        74110.95,
        74110.95
    ]
}