{
    "virtual_best": 7544.61,
    "single_best": 8245.08,
    "passive_learning": 8284.480000000001,
    "active_learning": [
        45525.020000000004,
        261556.11,
        261556.11,
        11458.0,
        46832.35,
        46832.43,
        154164.72999999998,
        46832.33,
        46832.33,
        154438.31999999998,
        82746.56,
        8278.85,
        8278.960000000001,
        43653.29,
        43653.29,
        43653.270000000004,
        43653.270000000004,
        8278.87,
        8278.87,
        8281.210000000001,
        43655.61,
        8281.210000000001,
        43667.23,
        8281.210000000001,
        8281.210000000001,
        8281.19,
        8281.19,
        43655.61,
        43655.61,
        46898.66,
        46898.66,
        44962.97,
        44962.97,
        8281.19,
        8281.19,
        8278.85,
        8278.85,
        190920.87999999998,
        190920.87999999998,
        190920.87999999998,
        190920.87999999998,
        8281.19,
        8281.19,
        8339.99,
        8359.880000000001,
        8359.880000000001,
        368553.77999999997,
        478153.32,
        478153.32,
        478153.32,
        8278.87,
        8281.210000000001,
        406241.45999999996,
        262774.05,
        368396.64,
        406289.57,
        334573.14,
        190942.96,
        190942.96,
        190942.96,
        190942.96
    ]
}