{
    "virtual_best": 7420.13,
    "single_best": 8215.91,
    "passive_learning": 81074.45,
    "active_learning": [
        8329.18,
        8249.98,
        8249.98,
        8249.98,
        8250.01,
        8250.05,
        8249.91,
        8249.93,
        8249.98,
        8249.98,
        8249.98,
        8249.91,
        8250.0,
        8249.98,
        44931.78999999999,
        8249.91,
        8249.91,
        8249.91,
        8249.91,
        8249.91,
        8249.91,
        8249.93,
        8151.47,
        8149.13,
        8249.91,
        8249.91,
        8149.150000000001,
        154885.41999999998,
        224529.11,
        297828.12000000005,
        8268.99,
        8268.99,
        8249.91,
        8249.93,
        8249.91
    ]
}