{
    "virtual_best": 3067.75,
    "single_best": 221989.88,
    "passive_learning": 75159.98999999999,
    "active_learning": [
        292853.38,
        291938.03,
        148669.03,
        40698.92,
        147970.16999999998,
        148683.05,
        74872.66,
        74843.11,
        74843.44,
        74843.36,
        74850.72,
        74849.2,
        74842.28,
        38847.079999999994,
        3189.44,
        3168.52,
        3168.9100000000003,
        38826.07,
        3169.52,
        38825.509999999995,
        3169.8500000000004,
        38825.5,
        38857.92999999999,
        38858.09,
        38857.92999999999,
        38856.92999999999,
        38857.27,
        111104.98,
        75159.91,
        111105.05,
        38857.34,
        38858.27,
        3201.28,
        38857.27,
        3201.28
    ]
}