{
    "virtual_best": 1041.82,
    "single_best": 221095.88,
    "passive_learning": 39219.92,
    "active_learning": [
        40117.5,
        38045.48,
        37598.6,
        37370.450000000004,
        73308.73999999999,
        73288.03,
        75203.23,
        73216.59,
        37271.69,
        37269.37,
        37269.44,
        37307.53,
        37269.43,
        37270.68,
        37312.53,
        37307.24,
        37305.200000000004,
        37307.39,
        37314.520000000004,
        37311.85,
        39131.67,
        37269.4,
        37269.33,
        37269.97,
        37269.310000000005,
        37304.770000000004,
        37305.22,
        37305.23,
        37304.8,
        37304.86,
        37269.33,
        37303.79,
        37303.79,
        37303.79
    ]
}