{
    "virtual_best": 8017.21,
    "single_best": 8807.68,
    "passive_learning": 80750.37999999999,
    "active_learning": [
        728990.1,
        512068.71,
        653266.61,
        259776.22,
        80114.43,
        330280.15,
        476586.19,
        259733.56,
        259733.56,
        259733.56,
        259769.65,
        259733.56,
        259733.56,
        259733.56,
        259733.50999999998,
        8796.41,
        8702.82,
        8744.57,
        8742.23,
        8744.57,
        189749.97999999998,
        152409.87,
        8690.76,
        9016.67,
        9045.06,
        8943.359999999999,
        8985.06,
        8933.59,
        8911.46,
        8911.46,
        8962.93,
        8962.93,
        8962.93,
        8962.93
    ]
}