{
    "virtual_best": 3077.3,
    "single_best": 259993.53,
    "passive_learning": 402542.51,
    "active_learning": [
        196818.51,
        271042.21,
        232628.66999999998,
        232134.51,
        231024.82,
        230687.49,
        267078.45,
        81609.04999999999,
        117177.2,
        510894.44,
        367571.61,
        476442.62,
        260538.18,
        222870.05,
        367242.96,
        402803.71,
        367636.08,
        475187.29,
        439393.19,
        439408.23,
        402932.73,
        438912.76,
        331697.35,
        331270.44,
        510468.82,
        439295.87,
        474984.56,
        474804.8,
        474804.8,
        474992.85,
        474992.85,
        475288.13,
        475278.72,
        510967.41,
        511051.44,
        475288.13,
        475288.13,
        474670.33999999997,
        475022.83,
        403010.32,
        403010.32,
        403010.32,
        403010.32,
        403010.32,
        403010.32,
        403010.32,
        403010.32,
        403010.32,
        403010.32,
        403010.32,
        403010.32,
        403010.32,
        403010.32,
        403010.32,
        403010.32,
        403010.32,
        475609.92
    ]
}