{
    "virtual_best": 2522.6,
    "single_best": 329002.72,
    "passive_learning": 75516.06999999999,
    "active_learning": [
        255663.41999999998,
        256781.82,
        363377.43,
        184812.47999999998,
        255831.47,
        184228.37,
        184500.43,
        76221.84,
        75881.87,
        112129.73,
        111737.87,
        111843.29,
        111571.97,
        75119.33,
        110986.92,
        75455.56,
        75343.75,
        75299.37,
        75235.29999999999,
        75379.29999999999,
        75477.84,
        75475.70999999999,
        75467.84999999999,
        75548.39,
        75482.03,
        75233.28,
        75233.28,
        75208.73999999999,
        75208.73999999999,
        75641.62,
        75641.62,
        75641.62,
        75641.62,
        75641.62,
        75641.62,
        75641.62,
        75641.62,
        75678.98999999999,
        75678.98999999999,
        75582.94,
        75582.94,
        75582.94,
        75582.94,
        75582.94,
        75582.94,
        75582.94,
        75582.94,
        75582.94,
        75582.94,
        75582.94,
        75582.94,
        75582.94,
        75582.94,
        75582.94,
        75582.94,
        75582.94,
        111542.37999999999
    ]
}