{
    "virtual_best": 6115.33,
    "single_best": 78592.09,
    "passive_learning": 69747.58,
    "active_learning": [
        105136.92000000001,
        105119.03,
        105115.56,
        105202.04000000001,
        105195.56,
        141238.08,
        143549.56,
        105198.56,
        69187.94,
        69205.54999999999,
        33192.31,
        33055.69,
        33336.83,
        69981.35,
        69120.63,
        69107.15,
        68761.57,
        33710.979999999996,
        68994.13,
        33343.51,
        69112.16,
        33715.409999999996,
        69712.2,
        68755.32,
        69711.95,
        69711.95,
        69108.98999999999,
        69108.98999999999,
        69108.98999999999,
        69108.98999999999,
        68738.47,
        68733.47,
        68757.82,
        68757.82,
        68757.82,
        68757.82,
        68757.82,
        68757.82,
        69103.98,
        69103.98,
        69103.98,
        69103.98,
        69103.98,
        69103.98,
        69103.98,
        68757.82,
        68758.12,
        68758.12,
        68758.12,
        68758.12,
        68758.12,
        68758.12,
        68758.12,
        69712.45,
        68750.87,
        32718.66,
        68715.64,
        68628.2,
        68719.51000000001,
        104620.63,
        104715.95999999999,
        105678.04000000001,
        105678.04000000001
    ]
}