{
    "virtual_best": 9788.61,
    "single_best": 149910.62,
    "passive_learning": 325567.96,
    "active_learning": [
        182241.28,
        181818.06999999998,
        181846.69999999998,
        219270.72999999998,
        217533.66999999998,
        254238.31,
        254178.22999999998,
        255757.97999999998,
        254271.66,
        255820.25999999998,
        289828.78,
        289918.67,
        254210.9,
        254386.59,
        254379.16999999998,
        218310.65,
        254305.33,
        254382.88,
        254359.41999999998,
        254362.68,
        219085.59,
        251735.12,
        286902.55,
        287615.52,
        287616.85000000003,
        251082.28999999998,
        251082.28999999998,
        286851.08,
        286851.08,
        287323.08,
        322430.12,
        322375.49000000005,
        250974.94,
        286501.10000000003,
        250974.94,
        286601.87,
        286601.87,
        286849.36,
        287172.77,
        251437.46,
        250722.84,
        250722.84,
        250722.84,
        250722.84,
        250722.84,
        250723.31999999998,
        250722.74,
        250722.74,
        250722.74,
        250722.74,
        250722.74,
        250722.74,
        250722.74,
        286565.10000000003,
        253431.91,
        361598.59,
        361604.44,
        292600.23,
        325605.03,
        325581.93,
        325577.89,
        325569.5,
        325569.5
    ]
}