{
    "virtual_best": 10225.45,
    "single_best": 149760.65,
    "passive_learning": 257925.5,
    "active_learning": [
        185968.47999999998,
        255530.25,
        186564.69,
        218878.08,
        288249.49,
        324244.74,
        288316.9,
        288340.96,
        288147.19,
        324162.61,
        255406.12,
        254891.03999999998,
        290840.69,
        254856.75,
        254971.06,
        254922.22,
        254990.87,
        254923.53999999998,
        254928.16,
        255118.16999999998,
        254921.05,
        254945.0,
        254909.41,
        254908.44999999998,
        254919.75999999998,
        254920.34,
        254848.15,
        254848.15,
        255463.33,
        254919.75999999998,
        255276.88,
        254919.75999999998,
        254919.75999999998,
        254919.75999999998,
        254919.75999999998,
        254919.75999999998,
        254919.75999999998,
        254919.75999999998,
        254919.75999999998,
        254919.75999999998,
        254919.75999999998,
        254919.75999999998,
        254919.75999999998,
        254919.75999999998,
        254919.28,
        254919.28,
        254920.78,
        254920.3,
        254920.3,
        255469.49,
        255505.07,
        255469.49,
        255469.49,
        255469.49,
        257878.08,
        257971.37,
        257934.75999999998,
        257935.78,
        257970.84,
        257964.11
    ]
}