{
    "virtual_best": 8119.39,
    "single_best": 148836.36,
    "passive_learning": 76428.67,
    "active_learning": [
        252251.08,
        251545.18,
        252098.25,
        252049.71,
        216076.72,
        215981.49,
        217332.50999999998,
        217332.50999999998,
        217931.37,
        144032.03,
        144064.9,
        109481.81,
        109498.85,
        109498.70999999999,
        109480.09,
        147979.65,
        147967.67,
        112022.64000000001,
        112022.64000000001,
        147943.14,
        109452.73999999999,
        108987.25,
        108987.25,
        108987.25,
        108987.25,
        108987.25,
        108978.45000000001,
        108978.45000000001,
        108978.45000000001,
        76366.20999999999,
        76270.32,
        76270.32,
        76270.32,
        76270.32,
        76270.32,
        76270.32,
        76270.32,
        76270.32,
        76270.32,
        76270.32,
        76270.32,
        76270.32,
        76270.32,
        76270.32,
        76270.32,
        76270.32,
        76272.36,
        76259.11,
        76259.11,
        76281.17,
        76294.25,
        76294.25,
        76294.25,
        76294.42,
        76281.0,
        76276.51999999999,
        76324.41,
        76324.25,
        76270.64,
        76335.58
    ]
}