{
    "virtual_best": 9617.36,
    "single_best": 113984.86,
    "passive_learning": 292373.38,
    "active_learning": [
        219159.77000000002,
        219160.14,
        255138.63,
        326110.87,
        325889.46,
        254031.47999999998,
        253250.36,
        290009.33,
        289689.65,
        290501.96,
        326582.36,
        290648.95,
        290571.13,
        361794.34,
        325490.48000000004,
        325550.64,
        325785.03,
        361937.8,
        326259.46,
        326561.11,
        362226.53,
        361860.16000000003,
        326634.87,
        326387.18,
        362379.65,
        362379.12,
        362379.12,
        326437.53,
        362317.95,
        326441.02,
        326441.02,
        326441.5,
        326498.44,
        326195.11,
        326195.11,
        362124.81,
        362124.81,
        326182.68,
        326182.68,
        326182.68,
        326182.68,
        326182.68,
        326182.68,
        326182.68,
        326182.68,
        326182.68,
        326182.68,
        326182.68,
        326182.68,
        326182.68,
        326182.68,
        326182.68,
        326182.68,
        289462.05,
        289412.15,
        289719.2,
        289763.06,
        289789.97,
        361389.19,
        325179.26,
        325100.29000000004,
        327488.96,
        327205.2,
        327548.19,
        327544.15
    ]
}