{
    "virtual_best": 6676.43,
    "single_best": 112913.32,
    "passive_learning": 214390.07,
    "active_learning": [
        107008.81,
        107229.97,
        107280.69,
        107270.02,
        107087.4,
        143096.22999999998,
        145917.52000000002,
        145924.12,
        107161.51,
        145938.24,
        178858.31,
        145942.33000000002,
        106643.42,
        106636.25,
        142674.7,
        142662.45,
        106658.14,
        106646.59,
        142653.76,
        142684.62,
        106687.15,
        142718.9,
        142655.1,
        106653.65,
        142688.03,
        142688.03,
        142688.03,
        142688.16,
        142688.16,
        109715.87,
        109709.73,
        145742.91999999998,
        145709.99,
        145709.99,
        145709.99,
        145709.99,
        145709.99,
        145709.99,
        145709.99,
        145709.99,
        145709.99,
        145709.99,
        145709.99,
        145709.99,
        145709.99,
        145709.99,
        145709.99,
        145709.99,
        145709.99,
        145709.99,
        145709.99,
        145709.99,
        145709.99,
        181701.52000000002,
        178646.63,
        145709.99,
        106656.17,
        106656.17,
        145412.52000000002,
        142359.2,
        142352.02000000002,
        178372.40999999997,
        214344.88,
        214348.43,
        214348.43
    ]
}