{
    "virtual_best": 7512.69,
    "single_best": 8209.02,
    "passive_learning": 8388.68,
    "active_learning": [
        297445.92,
        443753.97000000003,
        297412.24,
        11422.42,
        297412.24,
        119028.41,
        119028.41,
        119028.41,
        47312.9,
        261520.53,
        119028.41,
        261520.53,
        297412.24,
        297412.24,
        297434.82,
        8243.34,
        8275.22,
        8265.92,
        8274.93,
        8418.96,
        8418.96,
        151475.73,
        8424.81,
        8424.789999999999,
        8390.57,
        8413.15,
        44290.47,
        8410.83,
        8388.23,
        8410.36,
        8410.36,
        8410.36
    ]
}