{
    "virtual_best": 3093.47,
    "single_best": 291482.39,
    "passive_learning": 38368.19,
    "active_learning": [
        74507.89000000001,
        147555.79,
        111215.46,
        183212.86000000002,
        147040.19,
        183061.49000000002,
        111065.20000000001,
        111065.1,
        147048.42,
        111050.57,
        147031.12,
        111107.27,
        75127.55,
        75127.55,
        38652.31,
        38397.9,
        38397.57,
        74395.29000000001,
        74395.29000000001,
        74372.41,
        38374.69,
        74372.41,
        38368.19,
        74372.41,
        74372.52,
        74372.41,
        74732.86,
        74372.75,
        74372.52,
        74372.41,
        74372.41,
        74372.41
    ]
}