{
    "virtual_best": 8636.23,
    "single_best": 77948.0,
    "passive_learning": 257875.55,
    "active_learning": [
        218045.0,
        185576.40999999997,
        185826.03999999998,
        183432.90000000002,
        183333.44,
        183337.46000000002,
        183329.77000000002,
        215876.38,
        182111.41999999998,
        182066.83000000002,
        149425.52000000002,
        181884.08000000002,
        216382.91999999998,
        183765.56,
        183404.21000000002,
        255767.63,
        220042.37,
        256106.2,
        255832.13,
        222721.61,
        258571.58000000002,
        258298.21999999997,
        258197.51,
        258198.09000000003,
        258202.13,
        258204.3,
        257881.93,
        257842.65999999997,
        257842.31,
        257842.31
    ]
}