{
    "virtual_best": 7598.93,
    "single_best": 149946.41,
    "passive_learning": 181463.88,
    "active_learning": [
        218270.05,
        216036.43,
        179974.5,
        216492.57,
        216736.09000000003,
        215967.02000000002,
        179909.56,
        180247.28999999998,
        216291.46999999997,
        180354.76,
        215994.99,
        215994.99,
        252546.69,
        180112.01,
        179862.96999999997,
        178881.7,
        178884.82,
        179073.09999999998,
        146058.34,
        146050.5,
        214550.13,
        181517.57,
        181478.40999999997,
        181428.25,
        181428.25,
        181433.78999999998,
        181428.25,
        182279.15999999997,
        182280.34000000003,
        182280.34000000003
    ]
}