{
    "virtual_best": 3033.36,
    "single_best": 329218.19,
    "passive_learning": 76919.96999999999,
    "active_learning": [
        364785.33999999997,
        292583.99,
        292497.83999999997,
        256951.1,
        184861.03999999998,
        257189.86,
        220690.84,
        221359.36,
        220309.5,
        220662.47999999998,
        184890.56,
        184817.8,
        185299.71,
        77077.96999999999,
        76744.29,
        77905.65,
        112636.23,
        148664.21,
        149264.59,
        112818.68999999999,
        112824.64,
        112855.53,
        112921.51,
        148491.27,
        148491.34,
        148757.06,
        148757.06,
        112868.39,
        76978.56,
        113572.04,
        113572.04,
        113572.04,
        113572.04,
        113572.04,
        113572.04,
        113572.04,
        113572.04,
        113572.04,
        113572.04,
        113572.04,
        113572.04,
        113572.04,
        113572.04,
        113572.04,
        113572.04,
        113572.04,
        113572.04,
        113572.04,
        113572.04,
        113572.04,
        113572.04,
        113572.04,
        113572.04,
        113572.04,
        113572.04,
        113572.04,
        113572.04,
        113572.04,
        113572.04,
        113572.04
    ]
}