{
    "virtual_best": 2832.25,
    "single_best": 223075.33,
    "passive_learning": 293170.29,
    "active_learning": [
        223054.41999999998,
        366094.0,
        366349.16,
        329753.94,
        293280.99,
        257311.75,
        365245.07,
        114081.56999999999,
        79078.18999999999,
        257274.88,
        328746.07,
        328618.76,
        293843.89999999997,
        257671.63999999998,
        329967.37,
        401844.99,
        294007.39,
        293244.04,
        293530.27,
        365356.33999999997,
        365963.64999999997,
        365326.92,
        365493.56,
        365843.75,
        365843.75,
        365631.45,
        365628.76,
        329551.98,
        329585.42,
        328673.37,
        328648.0,
        328648.0,
        328676.05,
        328650.68,
        328676.05,
        328676.05,
        328673.37,
        328673.37,
        328676.05,
        328676.05,
        328676.05,
        328650.68,
        328676.05,
        328676.05,
        328676.05,
        328676.05,
        328676.05,
        328650.68,
        328676.05,
        292782.27,
        328650.68,
        328676.05,
        328676.05,
        328676.05,
        328676.05,
        328676.05,
        328650.68,
        328650.68,
        292733.02,
        292777.49
    ]
}