{
    "virtual_best": 2683.05,
    "single_best": 295640.02,
    "passive_learning": 38187.270000000004,
    "active_learning": [
        183599.85,
        147824.44,
        182532.95,
        182371.03,
        110290.95,
        110288.43999999999,
        74416.72,
        74057.03,
        110014.84999999999,
        74055.84,
        74011.11,
        38088.29,
        73804.68999999999,
        73804.68,
        109693.51,
        109830.65,
        73922.06,
        110191.09,
        110073.31999999999,
        110073.54,
        73821.87,
        38060.810000000005,
        110021.09,
        73936.12999999999,
        38060.94,
        38060.8,
        73935.93999999999,
        110087.62999999999,
        110087.62999999999,
        38421.39,
        74254.93999999999,
        74263.23
    ]
}