{
    "virtual_best": 7727.45,
    "single_best": 8443.46,
    "passive_learning": 8572.24,
    "active_learning": [
        731638.0700000001,
        731638.0700000001,
        731638.02,
        731638.02,
        442469.14,
        442461.49,
        442447.07,
        8627.86,
        8628.19,
        8629.37,
        8417.36,
        8266.97,
        8502.41,
        8490.77,
        118395.93,
        118104.61,
        8504.75,
        191099.18000000002,
        191096.86000000002,
        189145.92,
        8523.03,
        8629.67,
        118245.95,
        8654.59,
        8652.25,
        8652.25,
        8608.800000000001,
        191248.57,
        191258.32,
        81624.70999999999,
        262899.96,
        191258.32
    ]
}