{
    "virtual_best": 2332.5,
    "single_best": 258364.41,
    "passive_learning": 38699.14,
    "active_learning": [
        74875.2,
        75298.49,
        75298.61,
        75298.26,
        110370.65000000001,
        74389.12,
        110389.14,
        110330.85,
        74390.96,
        74389.46,
        74393.09,
        74393.31,
        74393.40000000001,
        74393.03,
        74393.31,
        74393.22,
        74393.22,
        74393.22,
        74393.22,
        74393.22,
        74393.31,
        74393.22,
        74392.94,
        74393.03,
        39462.76,
        39115.46,
        39115.46,
        39115.46,
        39115.46,
        39115.46,
        39115.46,
        39115.46,
        39115.46,
        39115.46,
        39115.46,
        39115.46,
        39115.46,
        39115.46,
        39115.46,
        39115.46,
        39115.46,
        39115.46,
        39115.46,
        39115.46,
        39115.46,
        39115.46,
        74929.40000000001,
        39115.18,
        74391.85,
        38530.700000000004,
        74345.16,
        74391.97,
        38530.740000000005,
        74390.73,
        74391.78,
        38577.03,
        74396.05,
        38582.840000000004,
        38581.65,
        74442.74,
        38581.65,
        38578.04,
        74443.83,
        74443.84,
        74443.84
    ]
}