{
    "virtual_best": 7511.28,
    "single_best": 8192.82,
    "passive_learning": 8215.78,
    "active_learning": [
        8261.28,
        8229.85,
        189940.68999999997,
        8229.42,
        8264.28,
        8223.550000000001,
        8257.77,
        8227.13,
        8227.08,
        8154.08,
        8229.42,
        8229.42,
        8229.42,
        8227.08,
        8229.42,
        8229.42,
        8229.42,
        8229.42,
        8229.42,
        8229.42,
        8229.42,
        8229.42,
        8227.08,
        8227.08,
        8227.13,
        8227.11,
        8227.11,
        8227.11,
        8227.11,
        8227.11,
        8227.11,
        8227.11,
        8227.11,
        8227.11,
        8227.11,
        8227.11,
        8227.11,
        8227.11,
        8227.11,
        8227.11,
        8227.11,
        8227.11,
        8227.11,
        8227.11,
        8227.11,
        8227.11,
        191221.08,
        9329.26,
        191221.16999999998,
        8218.62,
        263020.31,
        155341.43999999997,
        8218.62,
        191221.09999999998,
        155341.43999999997,
        8273.14,
        189325.25,
        8273.16,
        44513.270000000004,
        191275.62,
        8145.38,
        8237.72,
        191242.5,
        191240.15999999997,
        191240.15999999997
    ]
}