{
    "virtual_best": 6708.77,
    "single_best": 7452.06,
    "passive_learning": 7558.349999999999,
    "active_learning": [
        261297.13,
        261360.7,
        261281.53,
        261306.4,
        261281.48,
        261306.76,
        444259.34,
        444175.37000000005,
        444209.57,
        261252.13,
        261318.04,
        334780.28,
        261283.82,
        261281.48,
        7487.0,
        7487.0,
        7449.37,
        7560.99,
        7642.28,
        7533.88,
        7554.849999999999,
        7578.09,
        7535.7699999999995,
        224909.92,
        369822.88,
        7559.03,
        7554.87,
        369864.38,
        7577.5,
        81238.25,
        81292.06
    ]
}