{
    "virtual_best": 2977.31,
    "single_best": 219741.02,
    "passive_learning": 3486.2400000000002,
    "active_learning": [
        110737.39,
        110705.2,
        38965.57,
        110875.11,
        74953.66,
        38901.38,
        74809.03,
        74814.36,
        74826.4,
        38920.36,
        38886.979999999996,
        39108.24,
        38871.47,
        38871.45,
        3487.48,
        3478.27,
        3507.1200000000003,
        3520.8100000000004,
        3429.3100000000004,
        3499.6200000000003,
        3489.6800000000003,
        3490.4900000000002,
        3407.73,
        3480.7200000000003,
        111165.98,
        3490.4900000000002,
        3460.53,
        111257.48,
        3515.98,
        3542.88,
        3541.7000000000003
    ]
}