{
    "virtual_best": 2852.5,
    "single_best": 327047.33,
    "passive_learning": 112225.33,
    "active_learning": [
        149427.11,
        256606.32,
        113472.84,
        77809.08,
        184553.94,
        148039.82,
        147906.65,
        112116.16,
        112465.08,
        76843.43,
        112313.62,
        112565.84999999999,
        148218.65,
        112633.62999999999,
        112599.98,
        148386.88999999998,
        148082.4,
        148409.58,
        147909.13,
        148258.98,
        112285.98999999999,
        184084.47,
        184019.87,
        184066.52,
        148435.69999999998,
        148134.59,
        112712.12999999999,
        112702.41,
        112702.41,
        112702.41,
        112702.41,
        112702.41,
        112702.41,
        112702.41,
        112702.41,
        112702.41,
        112702.41,
        112702.41,
        112702.41,
        112702.41,
        112702.41,
        112702.41,
        112702.41,
        112702.41,
        112702.41,
        112702.41,
        112702.41,
        112702.41,
        112702.41,
        112702.41,
        112702.41,
        112702.41,
        112702.41,
        112702.41,
        112702.41,
        112702.41,
        112702.41,
        112702.41,
        112702.41,
        112702.41,
        112702.41,
        112702.41,
        112702.41,
        112702.41,
        112702.41,
        112702.41,
        112702.41,
        112702.41,
        112702.41,
        112702.41,
        76759.37,
        112702.41,
        112702.41
    ]
}