{
    "virtual_best": 3287.98,
    "single_best": 198068.24,
    "passive_learning": 296323.82,
    "active_learning": [
        260505.73,
        438756.94,
        583191.2,
        655672.11,
        512952.63,
        296466.76,
        332249.27,
        189035.55,
        189399.62,
        188699.72,
        188178.57,
        188309.03,
        296393.86000000004,
        296151.33,
        439526.39,
        368590.99000000005,
        261368.93,
        368760.9,
        439594.59,
        403619.48000000004,
        296189.4,
        331859.12000000005,
        368498.36000000004,
        332570.56,
        296559.88,
        295659.11000000004,
        331688.76,
        403378.38,
        403378.38,
        403378.38,
        403184.22000000003,
        403148.81,
        403747.18000000005,
        403378.38,
        403186.16000000003,
        331621.53,
        367645.51,
        403378.38,
        403148.81,
        403148.81,
        367519.07,
        403378.38,
        403378.38,
        403378.38,
        367383.30000000005,
        331398.58,
        403517.60000000003,
        403378.38,
        403184.22000000003,
        403148.81,
        367251.27,
        331361.22000000003,
        403517.60000000003,
        403378.38,
        403148.81,
        331621.53,
        403148.81,
        403378.38,
        403148.81,
        403148.81,
        367289.5,
        331391.96,
        403148.81,
        403378.38,
        403378.38,
        403378.38,
        402935.67000000004,
        403378.38,
        331586.12000000005,
        367645.51,
        331294.42000000004,
        403148.81,
        367445.43000000005
    ]
}