{
    "virtual_best": 3190.31,
    "single_best": 544352.85,
    "passive_learning": 184481.63,
    "active_learning": [
        652265.15,
        544905.2100000001,
        579444.5,
        543252.88,
        400743.23000000004,
        292946.61000000004,
        293109.29000000004,
        292611.61000000004,
        256811.33,
        292704.4,
        256481.44999999998,
        185380.93,
        256754.38999999998,
        185407.66999999998,
        113128.18,
        149308.31,
        149161.15,
        185254.43,
        149216.19999999998,
        256534.05,
        220750.13999999998,
        256662.93,
        185279.31,
        148874.41,
        184502.58,
        220215.55,
        220214.79,
        184459.68,
        184459.68,
        220204.61,
        220204.61,
        184843.69,
        184852.86,
        184852.86,
        184672.71,
        184627.91999999998,
        113408.37999999999,
        113408.37999999999,
        113408.37999999999,
        113408.37999999999,
        113408.37999999999,
        113408.37999999999,
        113408.37999999999,
        113408.37999999999,
        113408.37999999999,
        113408.37999999999,
        113408.37999999999,
        113408.37999999999,
        113408.37999999999,
        113483.0,
        113408.37999999999,
        113408.37999999999,
        113408.37999999999,
        113483.0,
        113408.37999999999,
        113408.37999999999,
        113408.37999999999
    ]
}