{
    "virtual_best": 2723.03,
    "single_best": 187135.45,
    "passive_learning": 329849.73000000004,
    "active_learning": [
        448044.92000000004,
        409372.93000000005,
        444082.19,
        445713.68000000005,
        444985.15,
        331623.03,
        294208.94,
        329229.79000000004,
        293241.34,
        293502.89,
        293669.10000000003,
        149864.33,
        221758.55,
        329583.02,
        330536.66000000003,
        258566.36,
        293754.67000000004,
        293388.67000000004,
        257067.69999999998,
        293635.58,
        293725.35000000003,
        257728.83,
        294353.13,
        221577.13,
        257089.91999999998,
        293493.45,
        293493.45,
        293542.66000000003,
        293542.66000000003,
        256657.1,
        256657.1,
        257047.69,
        257035.62,
        256986.3,
        221014.25,
        293298.54000000004,
        292968.12,
        292968.12,
        292968.12,
        292968.12,
        292968.12,
        292968.12,
        292968.12,
        292968.12,
        292968.12,
        292968.12,
        292970.07,
        292968.12,
        292987.89,
        292968.12,
        292970.07,
        292968.12,
        292968.12,
        292968.12,
        292968.12,
        292968.12,
        292993.27
    ]
}