{
    "virtual_best": 2823.67,
    "single_best": 259329.19,
    "passive_learning": 295285.61000000004,
    "active_learning": [
        626817.44,
        196127.31999999998,
        230290.97999999998,
        302160.26,
        262903.75,
        262120.22,
        258610.00999999998,
        330028.31,
        330018.60000000003,
        401903.18,
        329841.41000000003,
        223603.16,
        295264.93,
        294191.82,
        367964.23000000004,
        294439.36000000004,
        329867.68,
        331669.29000000004,
        439249.59,
        366654.61000000004
    ]
}