{
    "virtual_best": 3567.06,
    "single_best": 295316.47,
    "passive_learning": 42093.22,
    "active_learning": [
        367184.94,
        331067.9,
        293370.08,
        293874.9,
        149627.06999999998,
        221219.22,
        185408.66999999998,
        149711.77,
        149469.03999999998,
        114144.75,
        77517.95000000001,
        114234.74,
        113897.04000000001,
        149097.16999999998,
        149502.78999999998,
        77614.78000000001,
        42185.14,
        41946.85,
        42080.84,
        41782.9
    ]
}