{
    "virtual_best": 3367.15,
    "single_best": 577993.46,
    "passive_learning": 255804.06999999998,
    "active_learning": [
        257309.87,
        292018.69,
        220730.49,
        220189.81999999998,
        184319.11,
        221145.99,
        220700.5,
        220720.34999999998,
        256155.65999999997,
        292331.25,
        328077.66000000003,
        256158.05,
        291788.48000000004,
        256028.65999999997,
        255994.15,
        255658.00999999998,
        291625.37,
        291369.73000000004,
        219761.38999999998,
        219726.59
    ]
}