{
    "virtual_best": 2754.69,
    "single_best": 196720.26,
    "passive_learning": 366343.61000000004,
    "active_learning": [
        472937.69,
        473575.37,
        365459.98000000004,
        186899.68,
        221342.22999999998,
        294178.59,
        329415.74,
        402108.08,
        329204.59,
        402048.67000000004,
        365512.96,
        222205.75,
        329242.47000000003,
        293775.68,
        365846.47000000003,
        365594.17000000004,
        365520.68,
        365992.55,
        258288.25999999998,
        258120.05
    ]
}