{
    "virtual_best": 9193.54,
    "single_best": 114701.98,
    "passive_learning": 285943.59,
    "active_learning": [
        287335.98,
        253415.63,
        212946.69999999998,
        215102.66,
        215959.69,
        216009.09,
        217547.16,
        251615.35,
        217407.5,
        251617.09,
        251667.85,
        251656.62,
        251634.24,
        251772.12,
        251523.34,
        251542.78999999998,
        251638.3,
        251651.35,
        251582.19999999998,
        287342.5,
        251637.49,
        287573.86,
        323454.22000000003,
        287458.11,
        287458.11,
        287572.34,
        287571.33,
        287571.33,
        285972.09,
        285970.83,
        250092.72,
        285914.48,
        285970.83,
        250154.38,
        250148.06,
        250154.38,
        250124.69,
        250323.58,
        285973.82,
        285973.82,
        286175.02,
        286175.02,
        286177.33,
        286177.33,
        286177.33,
        286177.33,
        286177.33,
        286177.33,
        286177.33,
        286177.33,
        286177.33,
        286177.33,
        286177.33,
        286177.33,
        285973.82,
        285973.82,
        285973.82,
        285973.82,
        285973.82,
        285942.87,
        285945.18,
        285941.14,
        285943.59,
        285943.59,
        285885.51
    ]
}