{
    "virtual_best": 8306.48,
    "single_best": 113628.52,
    "passive_learning": 220313.13,
    "active_learning": [
        181717.25999999998,
        149839.05,
        149034.95,
        147157.8,
        179122.44,
        145794.94,
        289960.96,
        290006.09,
        322531.92000000004,
        290028.27,
        290647.46,
        289911.9,
        289853.01,
        289861.68,
        289751.26,
        325887.15,
        292266.14,
        328310.75,
        292270.86,
        292258.04,
        222938.83,
        222949.91999999998,
        222951.21,
        187898.22,
        187891.93,
        256326.21,
        256322.22,
        256323.94,
        256311.93,
        256311.93,
        220327.94999999998,
        220313.12,
        220314.41,
        220314.41999999998,
        220314.41999999998,
        256313.22999999998,
        220314.41999999998,
        256313.22999999998,
        220314.41999999998,
        220314.41999999998,
        220313.97999999998,
        220315.83,
        220314.46,
        220314.46,
        220314.46,
        220314.46,
        220314.46,
        220314.46,
        220314.46,
        220314.46,
        220314.46,
        220314.46,
        220314.46,
        220314.46,
        220314.46,
        220314.46,
        220314.46,
        220314.46,
        220314.46,
        256313.22999999998,
        220314.46,
        220314.46,
        256314.88999999998,
        220306.4,
        220306.4
    ]
}