{
    "virtual_best": 10326.0,
    "single_best": 149838.5,
    "passive_learning": 365690.32999999996,
    "active_learning": [
        218539.06,
        218536.36,
        218540.94,
        220920.46,
        218441.48,
        218746.52,
        252994.74,
        253154.57,
        179806.05,
        252437.06,
        288453.94,
        288418.19,
        253086.41,
        253149.61,
        252873.44,
        252756.48,
        295814.20999999996,
        288637.7,
        288629.14,
        359821.41000000003,
        359889.16000000003,
        396072.68000000005,
        360775.58999999997,
        327613.47,
        328258.62,
        330031.77,
        329987.48,
        330424.79000000004,
        330426.64,
        330428.82999999996
    ]
}