{
    "virtual_best": 9651.15,
    "single_best": 155410.62,
    "passive_learning": 218770.29,
    "active_learning": [
        185790.59,
        185978.21,
        221860.68,
        218492.19,
        185879.43,
        216947.94,
        217084.47,
        217064.26,
        184464.16,
        148406.33000000002,
        148457.53999999998,
        183562.18,
        182132.12,
        182201.9,
        218037.5,
        182013.74,
        182013.21,
        181977.3,
        182374.49,
        182375.46,
        182705.37,
        182375.0,
        218363.18,
        218379.58,
        218359.83,
        219085.26,
        218771.78,
        219139.3,
        218884.78,
        218884.78
    ]
}