{
    "virtual_best": 10122.21,
    "single_best": 149780.78,
    "passive_learning": 329647.38,
    "active_learning": [
        398167.77,
        361957.85,
        361986.26,
        289172.48,
        291700.77,
        292930.16000000003,
        253436.17,
        291764.22,
        253548.86000000002,
        253116.15,
        293305.45999999996,
        295929.29000000004,
        188713.29,
        327874.4,
        327944.92000000004,
        327481.38,
        327552.6,
        327504.38,
        327508.48,
        296931.13,
        329981.19999999995,
        329975.81999999995,
        329995.78,
        329999.81999999995,
        329983.35,
        329647.91000000003,
        329921.68000000005,
        329705.57999999996,
        329705.57999999996
    ]
}