{
    "virtual_best": 7831.37,
    "single_best": 8585.02,
    "passive_learning": 8763.44,
    "active_learning": [
        625080.53,
        442745.85,
        11828.3,
        442675.06999999995,
        191522.9,
        191522.88,
        82297.71,
        442695.33999999997,
        8619.61,
        8619.63,
        191572.51,
        8570.0,
        191522.88,
        191574.83000000002,
        191563.19,
        8621.95,
        82261.37000000001,
        8619.63,
        8619.63,
        191538.29,
        191538.29,
        82255.35,
        82255.35,
        8621.93,
        8621.93,
        191538.25,
        191538.25,
        44499.270000000004,
        44449.880000000005,
        191538.27,
        8619.59,
        8619.59,
        8619.59,
        8619.59,
        8619.59,
        8619.59,
        8619.59,
        8619.59,
        8619.59,
        8619.59,
        8619.59,
        8619.59,
        8619.59,
        8619.59,
        8619.59,
        8619.59,
        8619.59,
        8619.59,
        8619.59,
        8619.59,
        8619.59,
        8619.59,
        8619.61,
        8619.61,
        223830.05000000002,
        8472.56,
        47395.600000000006,
        8472.539999999999,
        9779.92,
        8472.56,
        8472.56,
        8472.539999999999,
        8472.539999999999,
        8472.539999999999,
        8472.539999999999
    ]
}