{
    "virtual_best": 3957.95,
    "single_best": 186191.65,
    "passive_learning": 4368.18,
    "active_learning": [
        183329.64,
        145490.61000000002,
        110067.55,
        110067.24,
        110034.94,
        110872.57,
        110864.14,
        110331.64,
        74407.82,
        74407.82,
        110645.32,
        74721.04000000001,
        110279.57,
        110264.21,
        110261.17,
        74318.98000000001,
        110280.62000000001,
        38345.240000000005,
        38345.240000000005,
        74271.95,
        74274.58,
        74293.39,
        74293.39,
        38329.75,
        38329.75,
        40333.48,
        40333.43,
        38330.14000000001,
        38348.54,
        40313.91,
        4368.08,
        4368.08,
        4368.11,
        4368.11,
        4367.82,
        4367.82,
        4367.82,
        4367.82,
        4367.82,
        4367.82,
        4367.82,
        4367.82,
        4367.82,
        4367.82,
        4367.82,
        4367.82,
        4367.82,
        4367.82,
        4367.82,
        4367.82,
        4367.82,
        4367.82,
        4368.04,
        4367.95,
        4316.72,
        4316.8,
        4316.47,
        4316.71,
        4331.47,
        4316.95,
        4331.62,
        4316.41,
        4316.62,
        4316.86,
        4316.86
    ]
}