{
    "virtual_best": 3630.68,
    "single_best": 290793.57,
    "passive_learning": 4313.18,
    "active_learning": [
        290033.08999999997,
        253918.97,
        218080.16999999998,
        254074.63999999998,
        184056.22,
        183705.22,
        147800.44,
        75837.82,
        75829.94,
        183669.0,
        75982.43000000001,
        147392.84999999998,
        3908.76,
        3861.9,
        39793.93,
        3861.9500000000003,
        39518.57,
        39578.630000000005,
        3922.52,
        39578.51,
        3943.6400000000003,
        39595.01,
        39626.55,
        40235.83,
        3970.1400000000003,
        39917.47,
        4261.4800000000005,
        39626.25,
        39626.0,
        39716.21000000001,
        39649.520000000004,
        39597.44,
        3970.1400000000003,
        3970.1400000000003
    ]
}