{
    "virtual_best": 7870.17,
    "single_best": 8601.14,
    "passive_learning": 259500.52,
    "active_learning": [
        480692.72,
        8887.449999999999,
        442336.83,
        442367.51,
        442291.47,
        191492.33,
        8534.89,
        8895.34,
        8534.789999999999,
        191492.22999999998,
        226889.21,
        191492.25,
        43909.19,
        8534.81,
        191492.22999999998,
        8534.81,
        8895.259999999998,
        8526.89,
        8526.89,
        8537.15,
        8537.15,
        80740.0,
        8662.349999999999,
        259486.24,
        8671.259999999998,
        259486.24,
        259478.31999999998,
        8737.199999999999,
        8714.599999999999,
        8706.679999999998,
        8671.24,
        8685.539999999999,
        44412.030000000006,
        44412.030000000006
    ]
}