{
    "virtual_best": 4898.83,
    "single_best": 108898.05,
    "passive_learning": 142935.91999999998,
    "active_learning": [
        178895.06,
        143436.51,
        143192.95,
        143201.57,
        143201.34999999998,
        143201.34999999998,
        143218.06,
        179037.02000000002,
        178978.59000000003,
        215438.59000000003,
        215419.93,
        215430.0,
        215262.44,
        215319.49,
        214932.34000000003,
        214946.83000000002,
        214944.71999999997,
        214930.63,
        214930.63,
        214930.63,
        215240.71000000002,
        214931.15000000002,
        178961.24,
        215241.84999999998,
        215241.84999999998,
        215242.75,
        215241.84999999998,
        215241.84999999998,
        215241.84999999998,
        215239.28999999998,
        214941.46000000002,
        214941.46000000002,
        214941.46000000002,
        214942.12,
        214942.12,
        214942.12,
        214942.12,
        214942.12,
        214942.12,
        214942.12,
        214942.12,
        214942.12,
        214942.12,
        214942.12,
        214942.12,
        214931.28999999998,
        214937.03999999998,
        214937.03999999998,
        214937.03999999998,
        214952.55,
        214952.55,
        214952.55,
        214952.55,
        214952.55,
        214943.27999999997,
        178974.12,
        178938.8,
        178949.63,
        143034.28999999998,
        178950.8,
        142923.44,
        142935.44,
        142935.44,
        142935.44
    ]
}