{
    "virtual_best": 8618.76,
    "single_best": 113815.8,
    "passive_learning": 295433.87,
    "active_learning": [
        292649.77,
        327783.83,
        292436.95,
        256452.77000000002,
        256459.16999999998,
        256459.16999999998,
        289408.92,
        256621.61,
        256484.5,
        257472.59999999998,
        289205.62,
        256570.52999999997,
        293774.07,
        293317.31,
        293439.11,
        329441.73000000004,
        293334.3,
        293404.52,
        293080.47,
        293077.77,
        257368.64,
        293360.74,
        293087.55,
        257291.3,
        257138.11,
        257138.11,
        257150.53999999998,
        257185.03999999998,
        257421.58000000002,
        257145.16999999998,
        257146.19,
        257377.25,
        257422.40999999997,
        257507.46999999997,
        257507.46999999997,
        257507.46999999997,
        257507.46999999997,
        257507.46999999997,
        257507.46999999997,
        257507.46999999997,
        257507.46999999997,
        257507.46999999997,
        257507.46999999997,
        257507.46999999997,
        257507.46999999997,
        257501.37,
        257499.77999999997,
        257499.77999999997,
        257455.47999999998,
        257466.63,
        257466.63,
        257466.63,
        257466.63,
        257466.63,
        256975.64,
        220860.09999999998,
        220910.52999999997,
        220949.58000000002,
        259330.34000000003,
        259368.36,
        259357.58000000002,
        295323.91,
        295324.82,
        295324.82
    ]
}