{
    "virtual_best": 2418.09,
    "single_best": 256171.83,
    "passive_learning": 37899.7,
    "active_learning": [
        146713.50999999998,
        74822.72,
        110269.9,
        73876.55,
        73876.58,
        73968.77,
        73968.11,
        73971.68000000001,
        73905.1,
        74080.56,
        74026.48,
        73822.33,
        38147.04,
        37854.97,
        37855.22,
        37862.74,
        37853.61,
        37863.29,
        37920.89,
        37877.12,
        38288.18,
        73665.18000000001,
        73646.28,
        109874.06,
        109890.58,
        109836.02,
        37877.56,
        109845.15,
        109845.59,
        74099.01,
        73759.31,
        73623.7,
        73623.7
    ]
}