{
    "virtual_best": 7544.61,
    "single_best": 8245.08,
    "passive_learning": 8284.480000000001,
    "active_learning": [
        261556.11,
        226003.16999999998,
        261556.16999999998,
        8278.900000000001,
        8278.94,
        8278.890000000001,
        8278.94,
        8278.94,
        8290.53,
        8278.890000000001,
        8278.87,
        8278.94,
        8278.960000000001,
        8278.890000000001,
        8278.87,
        8278.87,
        8278.87,
        8280.900000000001,
        8354.12,
        8351.18,
        8357.400000000001,
        80133.43000000001,
        223676.93999999997,
        406437.77999999997,
        406298.29,
        406297.94,
        8339.59,
        334798.22,
        406310.91,
        191059.81999999998,
        82188.21,
        8603.82,
        8603.82
    ]
}