{
    "virtual_best": 5451.48,
    "single_best": 114157.87,
    "passive_learning": 145768.29,
    "active_learning": [
        145246.61,
        106757.53,
        106856.6,
        106786.11,
        106807.6,
        71830.88,
        71834.5,
        37889.31,
        106807.78,
        72009.95999999999,
        37953.19,
        73980.92,
        109936.36,
        109901.19,
        109933.82,
        109857.57,
        109864.21,
        109886.93000000001,
        145859.06,
        145881.56,
        109889.84,
        146357.16999999998,
        145859.06,
        145856.36,
        179896.53,
        179817.73,
        146232.08000000002,
        180313.73,
        146290.66
    ]
}