{
    "virtual_best": 3054.04,
    "single_best": 295169.23,
    "passive_learning": 295520.61,
    "active_learning": [
        800159.74,
        941791.54,
        475470.44,
        297422.45,
        295624.26,
        295613.81,
        45143.39,
        295158.24,
        294785.31,
        295409.14,
        187228.35,
        476494.3,
        511745.75,
        296015.94,
        366868.96,
        367416.51,
        295559.73,
        152102.89,
        330886.36,
        331576.82,
        402807.01,
        295305.91000000003,
        331060.0,
        367452.71,
        475504.94,
        404632.45,
        404199.22000000003,
        439562.35,
        332522.01,
        332522.01,
        332522.01,
        332522.01,
        332522.01,
        332522.01,
        332522.01,
        332522.01,
        332522.01,
        332522.01,
        332522.01,
        332522.01,
        332522.01,
        332522.01,
        332522.01,
        332522.01,
        332522.01,
        332522.01,
        332522.01,
        332522.01,
        332522.01,
        332522.01,
        332522.01,
        403347.66000000003,
        368273.7,
        367276.72000000003,
        403335.81,
        403477.45,
        403173.18
    ]
}