{
    "virtual_best": 1722.71,
    "single_best": 77119.55,
    "passive_learning": 75511.02,
    "active_learning": [
        292404.98,
        291991.97000000003,
        148057.45,
        40145.07,
        75514.95000000001,
        111707.5,
        111445.46,
        111332.78,
        75187.17,
        147293.33000000002,
        75340.26000000001,
        111223.68000000001,
        147190.4,
        182986.41,
        110796.16,
        110744.08,
        75135.96,
        74845.69,
        75181.72,
        110687.15000000001,
        39721.78,
        110786.38,
        110750.46,
        75512.94,
        111296.0,
        111219.91,
        111214.76000000001,
        110975.05,
        75020.84000000001,
        75020.84000000001,
        75020.84000000001,
        75020.84000000001,
        75020.84000000001,
        75020.84000000001,
        75020.84000000001,
        75020.84000000001,
        75020.84000000001,
        75020.84000000001,
        75020.84000000001,
        75020.84000000001,
        75020.84000000001,
        75020.84000000001,
        75020.84000000001,
        75020.84000000001,
        75020.84000000001,
        75020.84000000001,
        75020.84000000001,
        75020.84000000001,
        75020.84000000001,
        75020.84000000001,
        75020.84000000001,
        111098.44,
        39342.159999999996,
        75393.95000000001,
        39258.71,
        39868.59,
        39866.56
    ]
}