{
    "virtual_best": 2486.51,
    "single_best": 147590.98,
    "passive_learning": 2616.79,
    "active_learning": [
        39877.48,
        76563.21,
        39726.42,
        147413.71,
        38411.04,
        38380.43,
        38353.28,
        110466.89,
        39030.82,
        3164.25,
        38323.08,
        3120.1400000000003,
        3137.13,
        3137.46,
        2884.81,
        74745.15,
        74429.17,
        74429.15,
        74429.15,
        74718.94,
        2583.86,
        2586.4900000000002,
        2583.84,
        2583.84,
        2586.67,
        2586.67,
        2586.67,
        2586.67,
        2580.06,
        38482.06,
        2586.65,
        2586.65,
        74718.3,
        74718.3,
        74718.3,
        74718.3,
        74718.3,
        74718.3,
        74718.3,
        74718.3,
        74718.3,
        74718.3,
        74718.3,
        74718.3,
        74718.3,
        74718.3,
        38765.48,
        2616.08,
        2617.15,
        74524.62,
        2616.46,
        2627.19,
        74486.59,
        74524.71,
        74554.18000000001,
        38551.93,
        74547.57,
        2715.31,
        2715.31
    ]
}