{
    "virtual_best": 7473.9,
    "single_best": 8338.82,
    "passive_learning": 44420.36,
    "active_learning": [
        8209.92,
        8209.92,
        10164.210000000001,
        119353.53,
        8209.94,
        8209.94,
        8209.94,
        262601.61,
        81541.99,
        8209.94,
        8212.210000000001,
        8212.210000000001,
        8212.210000000001,
        8212.210000000001,
        8632.62,
        442037.23,
        155296.46999999997,
        155296.46999999997,
        155251.62,
        370138.13,
        8187.48,
        8189.82,
        8272.17,
        8272.17,
        8189.82,
        8189.82,
        8189.82,
        8189.82,
        8187.48,
        81521.94,
        8189.82,
        8189.82,
        406233.76999999996,
        406233.76999999996,
        406233.76999999996,
        406233.76999999996,
        406233.76999999996,
        406233.76999999996,
        406233.76999999996,
        406233.76999999996,
        406233.76999999996,
        406233.76999999996,
        406233.76999999996,
        406233.76999999996,
        406233.76999999996,
        406233.76999999996,
        153100.37999999998,
        8304.720000000001,
        8307.060000000001,
        155470.61,
        8540.25,
        8447.380000000001,
        155470.62999999998,
        155470.62999999998,
        155468.28999999998,
        297027.6,
        155492.75999999998,
        8445.04,
        8445.04
    ]
}