{
    "virtual_best": 9679.09,
    "single_best": 148672.21,
    "passive_learning": 104365.2,
    "active_learning": [
        143098.33000000002,
        143218.32,
        143183.86,
        107453.45,
        71454.61,
        107546.53,
        71545.01000000001,
        70407.95000000001,
        106311.01000000001,
        33429.47,
        105321.48000000001,
        69052.81,
        69037.99,
        33145.04,
        33144.41,
        69123.09,
        104577.79000000001,
        104613.62000000001,
        104613.62000000001,
        68614.25,
        104487.34,
        104424.43000000001,
        104347.37000000001,
        104344.54000000001,
        68422.78,
        104365.2,
        104364.31,
        68442.48000000001,
        104365.44
    ]
}