{
    "virtual_best": 9203.41,
    "single_best": 113820.96,
    "passive_learning": 291314.33999999997,
    "active_learning": [
        217898.98,
        253489.42,
        184282.44,
        219946.48,
        292742.87,
        292740.56999999995,
        292717.02,
        289861.0,
        256788.18,
        326219.16000000003,
        357585.94999999995,
        325144.17000000004,
        326024.52,
        394307.19999999995,
        358552.6,
        358284.23,
        322246.57999999996,
        286188.62,
        321962.42000000004,
        286050.53,
        289283.32,
        321794.86,
        321824.91000000003,
        323873.85,
        324143.28,
        290913.76,
        323935.56000000006,
        323923.81999999995,
        323923.03
    ]
}