{
    "virtual_best": 5795.08,
    "single_best": 41374.15,
    "passive_learning": 107757.19,
    "active_learning": [
        73446.62,
        73569.0,
        74239.39,
        109495.26999999999,
        108840.92000000001,
        144771.66,
        144774.48,
        144771.59,
        144771.59,
        179612.82,
        142595.37,
        107639.13,
        107209.14000000001,
        107211.88,
        142122.37,
        107198.0,
        107197.82999999999,
        107197.72,
        106356.85999999999,
        142115.84,
        142122.01,
        142122.02,
        142126.19,
        142120.02,
        142120.02,
        142120.02,
        142120.02,
        142120.02,
        142120.02,
        142120.02,
        142120.02,
        142120.02,
        142120.02,
        142120.02,
        142120.02,
        142120.02,
        142120.02,
        142120.02,
        142120.02,
        142120.02,
        107201.79999999999,
        107201.79999999999,
        107201.79999999999,
        107201.79999999999,
        107201.79999999999,
        107201.79999999999,
        142191.9,
        142680.43,
        107762.37,
        107762.34,
        107762.20999999999,
        107761.43,
        107749.82,
        107758.79000000001,
        107757.03,
        107758.89000000001,
        107760.47,
        107754.79000000001,
        107754.79000000001
    ]
}