{
    "virtual_best": 10340.85,
    "single_best": 149956.17,
    "passive_learning": 366143.48,
    "active_learning": [
        219061.09,
        330405.18,
        186425.1,
        219043.18,
        219051.44,
        219066.16,
        182665.50999999998,
        184798.58,
        220753.35,
        150226.61,
        182634.96,
        182634.28999999998,
        218590.56,
        292162.66000000003,
        216045.37,
        293960.24,
        291347.82,
        291370.18,
        291339.43,
        291340.45,
        291340.45,
        291340.45,
        291334.21,
        291340.45,
        291334.21,
        291334.21,
        291334.21,
        291334.21,
        291334.21,
        291334.21,
        291334.21,
        291334.21,
        291334.21,
        291334.21,
        291334.21,
        291334.21,
        291334.21,
        291334.21,
        291334.21,
        291334.21,
        293950.99,
        293950.99,
        293950.99,
        293950.99,
        293950.99,
        293950.99,
        291332.92,
        363316.64,
        363316.14999999997,
        363315.67,
        363314.02,
        363309.3,
        365805.52,
        365807.39999999997,
        365730.74,
        365798.89,
        365799.64999999997,
        365821.58,
        365798.8
    ]
}