{
    "virtual_best": 2579.05,
    "single_best": 255780.04,
    "passive_learning": 2780.15,
    "active_learning": [
        110652.66,
        110110.56,
        109743.61,
        74872.78,
        74865.31999999999,
        74870.87999999999,
        75133.3,
        38787.03999999999,
        38814.939999999995,
        2883.54,
        38881.259999999995,
        38881.92,
        38867.71,
        2869.96,
        2869.28,
        2803.26,
        38853.219999999994,
        2780.76,
        2770.65,
        2780.76,
        2780.1000000000004,
        2780.15,
        4731.2300000000005,
        4731.2300000000005,
        4731.2300000000005,
        4732.41,
        4731.2300000000005,
        4731.2300000000005,
        4731.2300000000005,
        2780.76,
        4730.57,
        4730.57,
        4731.2300000000005
    ]
}