{
    "virtual_best": 7244.1,
    "single_best": 8030.24,
    "passive_learning": 8183.68,
    "active_learning": [
        8063.83,
        8063.83,
        8063.83,
        8063.83,
        8063.81,
        8063.7300000000005,
        8063.74,
        8063.74,
        8060.7,
        8086.32,
        8063.76,
        8063.74,
        8066.1,
        8063.74,
        8063.74,
        8066.08,
        8066.1,
        8063.74,
        79946.41,
        8101.58,
        151490.87,
        8206.26,
        225096.69,
        261088.33,
        225096.66999999998,
        225341.3,
        225363.9,
        332663.11000000004,
        225130.91,
        116251.51999999999,
        188856.56,
        189217.01,
        225096.69
    ]
}