{
    "virtual_best": 10336.34,
    "single_best": 113896.09,
    "passive_learning": 293117.2,
    "active_learning": [
        186498.66,
        186644.63,
        219502.63,
        222833.65,
        222686.74,
        222774.96,
        293585.75,
        224734.97,
        224911.15,
        257836.39,
        293845.56,
        257965.92,
        257833.24,
        257737.9,
        256876.68,
        257939.79,
        224092.55,
        257093.11,
        257403.79,
        257331.86,
        257296.27,
        257193.91,
        257094.02,
        221093.76,
        293062.57999999996,
        220900.99,
        292858.06,
        292858.5,
        292866.24,
        292868.08999999997,
        292868.08999999997,
        292868.08999999997,
        292868.08999999997,
        292867.12,
        292867.12,
        292867.12,
        292867.12,
        292867.12,
        292867.12,
        292867.12,
        292867.12,
        292867.12,
        292867.12,
        292867.12,
        292867.12,
        292867.12,
        259850.59,
        292895.49,
        292861.67000000004,
        292862.2,
        292862.2,
        292861.67000000004,
        292862.2,
        292861.67000000004,
        292760.93,
        292762.91000000003,
        292762.91000000003,
        292760.57999999996,
        292760.57999999996
    ]
}