{
    "virtual_best": 6739.61,
    "single_best": 111934.57,
    "passive_learning": 110359.71,
    "active_learning": [
        73429.1,
        73404.73000000001,
        73442.63,
        73412.79000000001,
        106695.56,
        107844.7,
        107780.36,
        105739.94,
        72918.37,
        71767.39,
        73433.97,
        109420.47,
        109437.53,
        109425.68,
        109422.74,
        109377.41,
        109377.93,
        109375.43,
        109401.76,
        109402.29,
        109402.29,
        109402.29,
        109399.78,
        109391.32,
        74487.11,
        109393.83,
        110453.47,
        74481.36,
        74606.48000000001,
        74469.48000000001,
        110453.47,
        110446.74,
        110446.74,
        110446.74,
        110446.74,
        110453.47,
        110453.47,
        110453.47,
        110453.47,
        110453.47,
        110453.47,
        110453.47,
        110453.47,
        110453.47,
        110453.47,
        110453.47,
        110462.96,
        146462.26,
        110454.56,
        110454.56,
        110454.56,
        110454.56,
        110454.56,
        110442.69,
        110372.43,
        146357.22999999998,
        110371.71,
        110359.71,
        110359.71
    ]
}