{
    "virtual_best": 3115.26,
    "single_best": 259567.76,
    "passive_learning": 547452.4199999999,
    "active_learning": [
        259001.27000000002,
        258982.92,
        365972.27999999997,
        365731.66,
        473563.47,
        473226.81,
        293836.95999999996,
        365527.42,
        582109.7,
        437490.85,
        401832.26999999996,
        439598.77999999997,
        474776.76,
        474847.20999999996,
        510527.27999999997,
        547427.63,
        581969.96,
        438860.56,
        582234.69,
        473808.76,
        474119.86,
        475322.18,
        582716.72,
        547123.4,
        548072.33,
        511126.25,
        511389.54,
        511995.57999999996,
        512342.87,
        512342.87,
        512342.87,
        512342.87,
        512342.87,
        512342.87,
        512342.87,
        512342.87,
        512342.87,
        512342.87,
        512342.87,
        512342.87,
        512342.87,
        512342.87,
        512342.87,
        512342.87,
        512342.87,
        512342.87,
        512342.87,
        439335.24,
        403237.6,
        475648.99,
        474982.83999999997,
        438482.92
    ]
}