{
    "virtual_best": 2167.91,
    "single_best": 259061.69,
    "passive_learning": 184036.48,
    "active_learning": [
        437048.49,
        365937.51999999996,
        401260.04,
        400858.94,
        472934.14999999997,
        472089.41,
        471638.67,
        364191.32,
        435937.18,
        364060.74,
        435359.83999999997,
        363740.52999999997,
        435333.32999999996,
        292184.76999999996,
        363829.73,
        292053.82,
        327928.45999999996,
        291566.67,
        291841.6,
        328088.33999999997,
        291950.24,
        111769.04,
        148226.87000000002,
        147812.6,
        148878.31,
        112637.83,
        112203.51,
        112694.23999999999,
        148092.5,
        148092.5,
        148092.5,
        148092.5,
        148092.5,
        148092.5,
        148092.5,
        148092.5,
        148092.5,
        148092.5,
        148092.5,
        148092.5,
        148092.5,
        148092.5,
        148092.5,
        148092.5,
        148092.5,
        148092.5,
        148092.5,
        147900.99000000002,
        219677.31,
        111659.01,
        183936.26,
        147918.36000000002
    ]
}