{
    "virtual_best": 3484.78,
    "single_best": 221380.9,
    "passive_learning": 5241.0,
    "active_learning": [
        329001.64,
        292796.96,
        184912.15,
        185435.06,
        113553.45000000001,
        113517.59000000001,
        78265.65000000001,
        78119.18000000001,
        42307.46,
        41572.34,
        77408.53000000001,
        112938.71,
        41704.59,
        5589.43,
        77321.1,
        41400.44,
        5392.99,
        41243.96,
        5353.469999999999,
        5207.3099999999995,
        5343.280000000001,
        5363.73
    ]
}