{
    "virtual_best": 3362.53,
    "single_best": 269397.46,
    "passive_learning": 402681.17,
    "active_learning": [
        474792.81,
        620756.72,
        656071.6,
        473804.73,
        474391.57,
        510762.67,
        474425.23,
        474177.23,
        437322.19,
        366636.12,
        437865.85000000003,
        401996.91000000003,
        401651.46,
        224009.61000000002,
        366825.4,
        402550.39,
        331457.78,
        439044.36,
        259302.37,
        295613.17,
        367354.56,
        331597.47000000003
    ]
}