{
    "virtual_best": 6964.88,
    "single_best": 76994.88,
    "passive_learning": 70574.48000000001,
    "active_learning": [
        143104.33,
        143104.09,
        143333.98,
        107378.73999999999,
        107469.9,
        107432.1,
        107502.26999999999,
        141833.54,
        141782.94,
        141798.56,
        141796.23,
        105827.54000000001,
        105923.43,
        105872.78,
        105913.56,
        69826.6,
        70375.65,
        70359.45,
        70359.63,
        70457.81,
        70361.85,
        70358.87,
        70461.78,
        70363.38,
        70357.84,
        70359.63,
        70356.94,
        70357.54000000001,
        70572.58
    ]
}