{
    "virtual_best": 8288.39,
    "single_best": 113878.76,
    "passive_learning": 289862.59,
    "active_learning": [
        221351.28999999998,
        221391.78999999998,
        221390.49,
        258235.38,
        221741.49,
        291337.78,
        253418.33,
        221724.16999999998,
        187355.02,
        219930.22999999998,
        290393.95,
        257530.91999999998,
        257718.25999999998,
        188554.19999999998,
        221308.85,
        222301.63999999998,
        293727.11,
        293453.38,
        293405.88,
        293393.45,
        220661.05,
        289976.62,
        325945.47,
        325835.46,
        326158.83,
        289892.21,
        289892.79,
        289894.06,
        289892.21
    ]
}