{
    "virtual_best": 4186.6,
    "single_best": 365510.21,
    "passive_learning": 40178.6,
    "active_learning": [
        182237.0,
        76367.83,
        217549.08,
        76338.95999999999,
        76339.03,
        76342.31999999999,
        76326.09999999999,
        76325.67,
        76449.31,
        76401.16,
        76401.15,
        76300.72,
        76304.14,
        76304.67,
        76350.15,
        76304.06999999999,
        76300.53,
        76304.14,
        76304.14,
        76300.62,
        76300.69,
        76300.69,
        76300.69,
        76300.36,
        76300.29,
        76300.29,
        76300.29,
        76300.29,
        76300.29,
        76300.29,
        76300.29,
        76300.29,
        76300.29,
        76300.29,
        76300.29,
        76300.29,
        76300.29,
        76300.29,
        76300.29,
        76300.29,
        76300.29,
        76300.29,
        76300.29,
        76300.29,
        76300.29,
        76300.29,
        76300.29,
        110858.81,
        74913.83,
        40359.60999999999,
        74839.12,
        40180.28999999999,
        40355.31,
        40180.28999999999,
        74909.86,
        40180.31,
        40355.579999999994,
        40178.369999999995,
        40178.369999999995,
        40178.369999999995,
        40353.39,
        40178.35,
        40178.38,
        40178.38
    ]
}