{
    "virtual_best": 7906.34,
    "single_best": 8667.2,
    "passive_learning": 151953.82,
    "active_learning": [
        118252.61,
        478644.46,
        478644.46,
        660023.1699999999,
        154531.91,
        516715.98000000004,
        8619.47,
        512928.29000000004,
        767712.14,
        151923.87,
        8720.23,
        8960.37,
        767730.6799999999,
        624152.97,
        767797.9199999999,
        767733.02,
        696168.2,
        515424.4,
        515424.4,
        515424.4,
        515424.4,
        515424.4,
        516634.66000000003,
        731871.11,
        407407.11000000004,
        226206.34,
        226206.34,
        226206.34,
        226206.34,
        226206.34,
        226206.34,
        226206.34,
        226206.34,
        226206.34,
        226206.34,
        226206.34,
        226206.34,
        226206.34,
        226206.34,
        226206.34,
        226206.34,
        226206.34,
        226206.34,
        226206.34,
        226206.34,
        226206.34,
        226206.34,
        297771.18000000005,
        478561.80000000005,
        8602.28,
        8599.94,
        8602.28,
        116166.36,
        151907.13,
        44361.25,
        8599.94,
        8602.28,
        8599.94,
        259698.32,
        189021.69,
        8599.94,
        8599.94,
        8548.47,
        8548.47
    ]
}