{
    "virtual_best": 2218.03,
    "single_best": 400924.3,
    "passive_learning": 148505.44999999998,
    "active_learning": [
        256306.3,
        291840.11,
        183436.62,
        148166.3,
        112567.75,
        113198.54,
        148976.6,
        112661.31,
        184697.06,
        220214.94999999998,
        220172.55,
        184543.19,
        148282.54,
        112866.61,
        112973.34,
        148281.19999999998,
        148292.75,
        148525.34,
        148005.03,
        148478.81
    ]
}