{
    "virtual_best": 2767.33,
    "single_best": 223496.11,
    "passive_learning": 222908.62,
    "active_learning": [
        619636.07,
        294872.76,
        187911.5,
        188680.25,
        223474.49,
        223810.41999999998,
        222336.69,
        222682.5,
        294955.2,
        222339.84,
        185822.07,
        257246.07,
        223024.96,
        186634.19,
        221986.69999999998,
        329816.26,
        330573.57,
        294488.42,
        258600.13,
        294246.57
    ]
}