{
    "virtual_best": 8932.94,
    "single_best": 81730.37,
    "passive_learning": 114377.95,
    "active_learning": [
        181340.21,
        183664.94,
        182433.3,
        148788.03999999998,
        185410.05,
        184797.71,
        182579.84,
        218628.18,
        182626.79,
        149466.37,
        182006.85,
        146677.58000000002,
        148841.24,
        112857.92,
        112841.81999999999,
        112841.81999999999,
        112841.81999999999,
        112808.54,
        112809.97,
        112808.54,
        112809.22,
        112808.54,
        112809.87,
        112808.54,
        112809.87,
        112808.54,
        112808.54,
        112808.54,
        112808.54,
        112809.15,
        112809.15,
        112808.54,
        112808.54,
        112808.54,
        112809.15,
        112809.15,
        112808.54,
        112808.54,
        112808.54,
        112808.54,
        112808.54,
        112819.5,
        112819.5,
        112818.9,
        112818.9,
        112818.9,
        112823.47,
        112808.54,
        112808.54,
        112808.54,
        112834.43,
        112834.43,
        112839.58,
        112763.59,
        112810.67,
        112827.01,
        112828.34999999999,
        114317.87999999999,
        114317.87999999999
    ]
}