{
    "virtual_best": 8230.0,
    "single_best": 146071.73,
    "passive_learning": 288961.83999999997,
    "active_learning": [
        144185.31,
        180979.52,
        289669.44,
        289419.1,
        325266.93,
        256564.15,
        292476.92,
        253465.22,
        289234.58999999997,
        289302.86,
        325351.16,
        289359.38,
        289533.75,
        325576.02,
        325410.39,
        289361.06,
        289444.29000000004,
        289416.8,
        253140.32,
        256080.61,
        325443.64,
        289087.91000000003,
        325087.21,
        289090.42,
        289090.42,
        256081.63,
        256081.63,
        256081.63,
        256081.63,
        256081.63,
        256081.63,
        256081.63,
        256081.63,
        256081.63,
        256081.63,
        256081.63,
        325118.9,
        325117.3,
        325117.3,
        289036.76,
        289106.01,
        289106.01,
        289106.01,
        289110.57,
        289073.14,
        289074.98,
        325039.25,
        325041.1,
        325039.25,
        325041.1,
        325076.75,
        325076.75,
        325160.15,
        325037.73,
        361032.21,
        360930.7,
        360915.96,
        360931.12,
        360931.12
    ]
}