{
    "virtual_best": 3780.16,
    "single_best": 79725.81,
    "passive_learning": 70675.62,
    "active_learning": [
        107379.43,
        107443.01999999999,
        107429.23,
        106817.93,
        106613.20999999999,
        71997.76999999999,
        71899.04,
        72046.0,
        70815.23,
        34806.549999999996,
        34901.87999999999,
        34902.009999999995,
        34789.10999999999,
        34797.62999999999,
        34788.95999999999,
        34788.95999999999,
        34901.85999999999,
        34901.85999999999,
        34903.94999999999,
        34855.10999999999,
        70830.79,
        70388.29999999999,
        70427.34,
        70380.87,
        70692.73,
        70675.09999999999,
        70692.73,
        70692.59999999999,
        70692.73,
        70692.73
    ]
}