{
    "virtual_best": 10285.93,
    "single_best": 149803.98,
    "passive_learning": 363242.12,
    "active_learning": [
        181580.96,
        145111.82,
        180332.50999999998,
        216146.47,
        254459.55,
        253766.41,
        253137.15,
        253126.55,
        218004.28,
        217255.44999999998,
        256374.12,
        256532.13,
        256480.97999999998,
        225833.32,
        258418.56,
        256167.86,
        258427.22999999998,
        258467.03,
        222526.49,
        222254.82,
        258268.91999999998,
        258791.41,
        258862.71,
        294410.77,
        255377.13,
        222367.75999999998,
        256013.71,
        256175.75999999998,
        190612.56,
        190612.56
    ]
}