{
    "virtual_best": 10361.82,
    "single_best": 113954.88,
    "passive_learning": 184604.5,
    "active_learning": [
        400416.89,
        367630.14,
        437996.57,
        470368.13,
        435015.8,
        401857.89,
        365555.18,
        397611.02,
        289288.16000000003,
        395339.41,
        431811.79,
        430579.57,
        289836.28,
        326642.77,
        290651.52,
        289931.87,
        289988.04000000004,
        289860.94,
        181306.35,
        289551.99,
        252794.39,
        253019.23,
        252679.32,
        217040.98,
        181501.18,
        149165.19,
        183832.05,
        217834.82,
        217121.56,
        216979.19,
        252660.09,
        253640.44,
        217051.61,
        217217.64,
        217206.1,
        217206.1,
        217206.1,
        217206.1,
        217204.81,
        217204.81,
        217028.51,
        217028.51,
        217014.54,
        217014.54,
        216991.44,
        216991.44,
        181763.33,
        181763.33,
        181763.33,
        181763.33,
        181763.33,
        181763.33,
        181763.33,
        181763.33,
        181763.33,
        217884.37,
        217884.37,
        149160.77000000002,
        149160.77000000002,
        181219.62,
        181052.85,
        181052.85,
        181448.08,
        181448.08,
        220866.79,
        221053.9,
        289512.63,
        256605.52,
        254076.22,
        257064.57
    ]
}