{
    "virtual_best": 8271.09,
    "single_best": 117583.31,
    "passive_learning": 178052.9,
    "active_learning": [
        321455.74,
        286480.3,
        356822.1,
        288294.3,
        288370.33999999997,
        288683.20999999996,
        287928.64,
        215991.79,
        180008.99,
        323958.72,
        216032.42,
        180067.61,
        180009.33,
        215976.05,
        216003.78,
        216186.98,
        286362.35,
        215968.54,
        178458.05,
        250291.81,
        214335.96,
        179966.06,
        142532.45,
        142533.9,
        176911.34,
        212966.76,
        179190.74,
        213994.28,
        178008.63,
        142088.8,
        142226.25,
        177955.14,
        177955.14,
        177955.14,
        141958.19,
        107545.07,
        141958.19,
        141958.19,
        141956.52000000002,
        141956.52000000002,
        106038.37,
        71625.25,
        141860.03,
        141860.03,
        141900.59,
        141900.59,
        141809.46000000002,
        107396.34,
        141809.46000000002,
        141809.46000000002,
        141768.9,
        141768.9,
        141768.9,
        141768.9,
        141768.9,
        141864.56,
        141864.56,
        177948.63,
        177948.63,
        141972.87,
        177892.69,
        177892.69,
        177892.69,
        177892.69,
        141924.61,
        177845.23,
        107509.55,
        179523.76,
        179639.11,
        179541.74
    ]
}