{
    "virtual_best": 2329.7,
    "single_best": 290993.69,
    "passive_learning": 111835.9,
    "active_learning": [
        257272.72,
        292011.97,
        292911.57,
        112085.23,
        148086.06,
        111804.9,
        111851.09,
        111907.45999999999,
        75944.45,
        111516.89,
        111656.45999999999,
        147631.08,
        111673.4,
        111815.19,
        147417.6,
        111397.56999999999,
        75715.41,
        111322.56999999999,
        111447.63,
        75786.84999999999,
        75719.06999999999,
        112464.98,
        75796.95,
        75853.34999999999,
        75822.11,
        111786.86,
        147450.12,
        111927.83,
        112015.2,
        112015.2,
        111882.72,
        75883.20999999999,
        75883.20999999999,
        75883.20999999999,
        75852.2,
        75852.2,
        75852.2,
        75876.61,
        75876.61,
        75876.61,
        75876.61,
        75876.61,
        75876.61,
        75876.61,
        75876.61,
        75876.61,
        75876.61,
        75876.61,
        75876.61,
        75876.61,
        75876.61,
        75876.61,
        75876.61,
        75876.61,
        75886.3,
        75886.3,
        75876.61,
        75876.61,
        75876.61,
        75886.3,
        75876.61,
        75876.61,
        75876.61,
        75876.61,
        75876.61,
        75876.61,
        75876.61,
        75876.61,
        75876.61,
        75876.61,
        75876.61,
        75876.61,
        75876.61,
        75876.61,
        75876.61
    ]
}