{
    "virtual_best": 3307.26,
    "single_best": 305793.48,
    "passive_learning": 618265.1100000001,
    "active_learning": [
        411614.99,
        520973.57,
        341099.44,
        194469.04,
        190736.57,
        116778.98,
        298127.16,
        117080.56,
        81135.67,
        188960.45,
        331652.41,
        331080.67,
        404339.25,
        296077.71,
        296326.02,
        511388.27999999997,
        582245.5,
        474869.95,
        582158.17,
        583040.13,
        510792.04,
        582352.3400000001,
        510276.25,
        510533.76,
        474018.07,
        545217.3700000001,
        401896.06,
        474111.81,
        473934.17,
        473927.72,
        510194.47,
        548811.29,
        547950.1000000001,
        583305.5,
        548696.9600000001,
        548680.0700000001,
        548411.9600000001,
        618285.1100000001,
        547220.68,
        618640.4800000001,
        547220.68,
        582670.55,
        547220.68,
        546672.4900000001,
        618640.4800000001,
        547220.68,
        582891.2300000001,
        582889.67,
        582891.06,
        547220.68,
        546938.3200000001,
        547230.0900000001,
        547220.68,
        583062.9900000001,
        547651.14,
        511200.71,
        547069.3700000001,
        547220.68,
        582980.9,
        547295.9800000001,
        582618.1200000001,
        546927.15,
        618560.3600000001,
        547220.68,
        582907.9500000001,
        547239.64,
        547238.9500000001,
        582683.3200000001,
        547220.68,
        618640.4800000001,
        547295.29,
        582670.55,
        547220.68,
        582608.7100000001,
        547220.68
    ]
}