{
    "virtual_best": 10095.14,
    "single_best": 154520.4,
    "passive_learning": 113932.79000000001,
    "active_learning": [
        291643.34,
        256481.96,
        220441.57,
        220471.21,
        288062.52,
        220407.65,
        220775.44,
        185737.16,
        253480.85,
        185783.84,
        185783.84,
        149800.58,
        149796.83,
        150864.49,
        114865.14000000001,
        114869.75,
        182511.66999999998,
        78884.16,
        78898.62,
        78839.37,
        79031.95,
        113935.20999999999,
        79080.95999999999,
        113987.88,
        79070.65,
        113983.63,
        113982.95000000001,
        113931.82999999999
    ]
}