{
    "virtual_best": 9812.93,
    "single_best": 149483.23,
    "passive_learning": 258802.22,
    "active_learning": [
        363358.02,
        399237.56,
        431787.5,
        359901.9,
        468287.07,
        432693.14,
        432624.68,
        364148.36,
        400073.17,
        364154.08,
        364080.01,
        364082.28,
        364080.01,
        292067.83,
        328079.8,
        327744.67,
        360865.7,
        360440.04,
        328207.26,
        291945.68,
        291849.08,
        255754.81,
        256128.92,
        291757.12,
        292078.64999999997,
        291758.45,
        291758.96,
        291829.17,
        291794.04,
        292115.57,
        291793.93,
        291758.35,
        292115.47,
        292471.29,
        292541.48,
        292543.33999999997,
        292543.33999999997,
        292543.33999999997,
        292543.33999999997,
        292543.33999999997,
        292543.33999999997,
        292542.86,
        292542.33,
        292472.08,
        292542.75,
        292597.0,
        292597.0,
        292597.0,
        292597.0,
        292597.0,
        292597.0,
        292597.0,
        292597.0,
        291894.16,
        291894.16,
        291881.73,
        291881.73,
        292560.99,
        292560.99,
        292560.99,
        291823.35,
        291811.01,
        291811.98
    ]
}