{
    "virtual_best": 6348.17,
    "single_best": 112944.06,
    "passive_learning": 180882.04,
    "active_learning": [
        179051.54,
        251037.67,
        217004.31,
        216981.51,
        214536.97,
        178618.87,
        216959.54,
        178658.7,
        180991.31,
        145438.99,
        145353.55,
        145353.55,
        145353.02,
        145353.32,
        145088.74,
        144939.95,
        145324.43,
        145324.43,
        145321.66,
        145319.49,
        109318.32,
        110034.68,
        146026.28,
        145310.32,
        145310.32,
        181295.12,
        181295.12,
        180943.9,
        180943.9,
        180943.9,
        144958.52,
        144958.52,
        144958.52,
        144958.73,
        144956.26,
        144956.26,
        144955.54,
        144958.0,
        144958.0,
        144958.0,
        144958.0,
        144958.0,
        144958.0,
        144955.54,
        146807.07,
        180892.45,
        180892.45,
        180892.45,
        180892.45,
        180892.45,
        180892.45,
        180892.45,
        180892.45,
        180892.45,
        180892.45,
        180894.46000000002,
        180894.46000000002,
        180885.54,
        180885.54,
        180885.54,
        146813.5,
        180899.95,
        180882.04
    ]
}