{
    "virtual_best": 2207.27,
    "single_best": 398218.82,
    "passive_learning": 148023.02,
    "active_learning": [
        184557.81999999998,
        220303.28999999998,
        255441.87999999998,
        183820.41999999998,
        148568.86,
        148628.38999999998,
        147791.81,
        112225.66,
        219577.62,
        147767.25999999998,
        219560.06,
        219885.4,
        147899.81,
        76640.1,
        147730.63999999998,
        183967.37,
        184100.81,
        183909.78999999998,
        184116.65,
        148018.37
    ]
}