{
    "virtual_best": 3181.54,
    "single_best": 270071.03,
    "passive_learning": 438495.97,
    "active_learning": [
        764802.09,
        479367.86,
        442634.6,
        473709.86,
        509063.26,
        294616.82,
        437038.04,
        437540.49,
        403469.73,
        365393.68,
        474494.25,
        366740.24,
        438704.38,
        366235.48,
        403078.45999999996,
        510313.36,
        402614.38,
        365821.51999999996,
        473604.61,
        510174.45
    ]
}