{
    "virtual_best": 1767.52,
    "single_best": 255045.38,
    "passive_learning": 39208.62,
    "active_learning": [
        76851.69,
        111796.78,
        76154.70999999999,
        75988.95999999999,
        76288.15999999999,
        76176.81999999999,
        111546.03,
        40237.23,
        40214.61,
        40387.850000000006,
        40350.69,
        40621.87,
        76260.39,
        39836.07,
        39985.280000000006,
        75607.44,
        75407.39,
        39638.030000000006,
        75625.06,
        111087.54999999999,
        39490.98,
        111165.28,
        111240.73,
        111240.73,
        111331.79,
        111180.45,
        111180.45,
        75361.59,
        75284.70999999999,
        75284.70999999999,
        75284.70999999999,
        111121.94,
        111121.94,
        75248.75,
        111233.93,
        111233.93,
        111233.93,
        111233.93,
        111233.93,
        111233.93,
        111233.93,
        75345.06,
        75335.36,
        111233.93,
        111233.93,
        75421.94,
        75345.06,
        111233.93,
        111233.93,
        75421.94,
        111233.93,
        75335.36,
        111243.62,
        111233.93,
        111233.93,
        111233.93,
        111243.62,
        111233.93,
        75335.36,
        111243.62,
        111233.93,
        75421.94,
        111259.31,
        111233.93,
        111233.93,
        75412.23999999999,
        111233.93,
        111233.93,
        75415.94,
        111233.93,
        111233.93,
        111233.93,
        75345.06
    ]
}