{
    "virtual_best": 2978.81,
    "single_best": 269546.37,
    "passive_learning": 438730.15,
    "active_learning": [
        120443.9,
        45871.590000000004,
        45242.37,
        189792.97999999998,
        118934.59,
        153741.59,
        118410.33,
        116703.65999999999,
        223986.05,
        224602.91,
        151672.68,
        224531.41,
        439931.45,
        331940.4,
        330773.32,
        438085.23,
        330569.21,
        295147.83999999997,
        294431.51,
        258225.91,
        259899.26,
        258704.01,
        330549.99,
        294314.98,
        330153.06,
        330420.87,
        330465.22,
        366362.45,
        330277.33999999997,
        294344.5,
        330342.98,
        259196.38,
        259045.19999999998,
        259185.74,
        295159.46,
        330865.32,
        294919.58,
        294937.86,
        330865.32,
        330702.74,
        330914.33,
        330914.33,
        294956.89,
        294986.87,
        294986.3,
        294808.23,
        330979.91,
        294972.37,
        294937.86,
        295190.88,
        295159.46,
        294799.77999999997,
        294998.01,
        294972.37,
        330678.22,
        294972.05,
        294988.08999999997,
        330659.94,
        258768.49,
        330879.25,
        330865.32,
        295110.13,
        330959.3,
        294972.37,
        330678.22,
        330740.86,
        294981.39,
        294720.77999999997,
        258994.44,
        294941.48,
        294972.37,
        330678.22,
        223318.72999999998
    ]
}