{
    "virtual_best": 2128.61,
    "single_best": 255779.84,
    "passive_learning": 219542.13999999998,
    "active_learning": [
        327286.18,
        290982.32,
        291766.45999999996,
        219567.87,
        327296.13,
        291409.26,
        290795.32,
        290722.38,
        290635.12,
        183177.75999999998,
        183745.22999999998,
        326982.6,
        255810.03,
        291016.0,
        255005.46,
        291496.73,
        255277.12,
        254982.15,
        255252.0,
        218982.75,
        219338.61,
        290710.83,
        290804.52,
        254815.34999999998,
        255211.09,
        255071.86,
        219255.78,
        255215.94999999998,
        255148.69999999998,
        290897.27999999997,
        255274.19999999998,
        255273.41,
        255385.28,
        219293.97,
        219318.28999999998,
        254923.33,
        254941.13999999998,
        254941.13999999998,
        254941.13999999998,
        254941.13999999998,
        254941.13999999998,
        254941.13999999998,
        254941.13999999998,
        254941.13999999998,
        254941.13999999998,
        254941.13999999998,
        254941.13999999998,
        254941.13999999998,
        254941.13999999998,
        254941.13999999998,
        254941.13999999998,
        254941.13999999998,
        254941.13999999998,
        254941.13999999998,
        254941.13999999998,
        254941.13999999998,
        219111.77,
        219389.47,
        255187.03,
        219355.19999999998,
        291224.36
    ]
}