{
    "virtual_best": 2836.39,
    "single_best": 223471.02,
    "passive_learning": 366913.68,
    "active_learning": [
        476374.04,
        402075.45,
        295627.13,
        224649.99,
        260357.15,
        331700.68,
        294574.94,
        259307.12,
        440740.24,
        367255.17,
        512455.27999999997,
        439348.0,
        222879.00999999998,
        150999.36,
        331095.54,
        224209.66999999998,
        331862.92,
        295277.24,
        330594.26,
        331100.56,
        402656.35,
        294977.66,
        330509.81,
        294509.39,
        331823.02,
        330265.95,
        331110.82,
        401910.08,
        402264.22,
        401727.3,
        365996.29,
        365996.29,
        330508.11,
        330494.72,
        330603.27,
        330585.05,
        330593.49,
        330593.49,
        330593.49,
        330593.49,
        330593.49,
        330593.49,
        330593.49,
        330593.49,
        330593.49,
        330593.49,
        330593.49,
        330593.49,
        330593.49,
        330593.49,
        330593.49,
        330593.49,
        330593.49,
        330593.49,
        330593.49,
        330593.49,
        330782.88,
        438544.26,
        330564.82,
        331209.81,
        403608.39999999997
    ]
}