{
    "virtual_best": 2977.31,
    "single_best": 219741.02,
    "passive_learning": 3486.2400000000002,
    "active_learning": [
        111765.7,
        75503.18,
        111260.03,
        39420.42,
        111263.86,
        3493.21,
        3493.2900000000004,
        3494.3900000000003,
        3494.4700000000003,
        3503.0800000000004,
        3502.94,
        3485.42,
        3485.4,
        3485.4,
        3485.4,
        3485.42,
        3485.42,
        3484.2400000000002,
        3484.2400000000002,
        3485.4,
        3475.86,
        3474.6800000000003,
        3484.19,
        3475.7400000000002,
        3475.09,
        3484.1400000000003,
        3484.1400000000003,
        3484.1400000000003,
        3484.1400000000003,
        3484.1400000000003,
        3485.32,
        3487.4,
        3487.4,
        3487.4,
        3486.2400000000002,
        3484.1600000000003,
        3519.48,
        3439.36,
        3575.1600000000003,
        3560.32,
        3562.9700000000003,
        3566.13,
        3564.9500000000003,
        3564.9500000000003,
        3564.9300000000003,
        3564.9500000000003,
        3564.9500000000003,
        3564.9500000000003,
        3564.9500000000003,
        3564.9500000000003,
        3564.9500000000003,
        3564.9500000000003,
        3541.6800000000003,
        3541.6800000000003,
        3519.63,
        3471.3700000000003,
        3480.52,
        3498.44,
        3406.94,
        39324.21,
        3418.17,
        3418.17
    ]
}