{
    "virtual_best": 6708.77,
    "single_best": 7452.06,
    "passive_learning": 7558.349999999999,
    "active_learning": [
        7487.07,
        7517.69,
        369764.0,
        190578.86,
        369802.59,
        7511.9,
        7547.07,
        7547.07,
        7547.07,
        7566.219999999999,
        7566.219999999999,
        7566.2,
        7524.219999999999,
        7517.71,
        7521.219999999999,
        7489.34,
        7489.34,
        7511.92,
        7511.92,
        7489.34,
        7489.34,
        7511.92,
        7523.5599999999995,
        7489.79,
        7523.5599999999995,
        7489.34,
        7489.34,
        7489.34,
        7489.34,
        7489.34,
        7489.34,
        7489.34,
        7487.0,
        7487.0,
        7511.61,
        7511.61,
        7677.74,
        7642.3,
        7524.53,
        7503.4,
        7633.84,
        7582.37,
        7582.37,
        7582.37,
        7582.37,
        7582.37,
        7582.37,
        7582.37,
        7582.37,
        7582.37,
        7582.37,
        7577.45,
        7577.45,
        7525.98,
        7861.509999999999,
        43405.64,
        7523.639999999999,
        7608.9,
        7577.45,
        190151.86,
        7552.53,
        7552.53
    ]
}