{
    "virtual_best": 6739.61,
    "single_best": 111934.57,
    "passive_learning": 110359.71,
    "active_learning": [
        109744.53,
        74118.0,
        74116.56,
        74124.9,
        72509.51000000001,
        72507.26000000001,
        108499.05,
        108499.39,
        108499.45,
        108501.3,
        108501.3,
        108501.3,
        110103.79,
        110103.79,
        108439.27,
        110042.29,
        110049.01,
        110049.01,
        109877.11,
        109779.26,
        109779.26,
        109974.82,
        109967.17,
        109905.36,
        109905.36,
        145902.15,
        109905.36,
        109875.68,
        145851.82,
        109860.0,
        109860.0,
        109860.0,
        145856.78999999998,
        145851.82,
        109860.0,
        145856.78999999998,
        145856.78999999998,
        145856.78999999998,
        145856.78999999998,
        145856.78999999998,
        110335.89,
        110335.89,
        110335.89,
        110335.89,
        110335.89,
        110323.41,
        110323.41,
        108787.88,
        110323.41,
        110323.41,
        109847.52,
        109847.52,
        109847.52,
        109847.52,
        109847.52,
        109847.52,
        109847.52,
        109847.52,
        109847.52,
        109847.52,
        109847.52,
        109847.52,
        145842.31,
        73655.6,
        145637.3,
        109647.24,
        110418.02,
        74445.91,
        110364.86,
        74380.88
    ]
}