{
    "virtual_best": 10336.34,
    "single_best": 113896.09,
    "passive_learning": 293115.35,
    "active_learning": [
        222488.3,
        222489.25,
        222487.34,
        219760.85,
        219767.61,
        220000.16,
        256123.78,
        187635.41,
        256192.87,
        221795.52,
        185709.43,
        254768.99,
        257642.72,
        185702.44,
        185652.15,
        220927.82,
        220880.24,
        220879.76,
        220877.12,
        220868.14,
        220865.05,
        220859.18,
        220557.7,
        220898.14,
        220835.9,
        220897.61,
        220835.9,
        220735.59,
        220644.37,
        220541.47,
        220541.47,
        220541.47,
        220540.51,
        220541.04,
        220694.51,
        220834.94,
        256541.03,
        220550.19,
        220602.75,
        220602.75,
        220584.8,
        220584.8,
        220584.8,
        220584.8,
        220584.8,
        220584.8,
        220584.32,
        148919.36,
        220620.39,
        220620.39,
        220584.8,
        220584.8,
        220584.8,
        220584.8,
        220584.8,
        220584.8,
        220584.8,
        220584.8,
        220584.8,
        220584.8,
        220584.8,
        220584.8,
        220577.59,
        220634.58,
        220348.68,
        257209.95,
        292858.5,
        260064.57,
        292760.57999999996,
        292760.57999999996
    ]
}