{
    "virtual_best": 9357.94,
    "single_best": 109026.14,
    "passive_learning": 105396.03,
    "active_learning": [
        68455.65,
        104167.76,
        104578.66,
        176401.94,
        140318.34,
        140326.66,
        104294.59,
        104772.32,
        69036.73000000001,
        70125.03,
        70292.32,
        34188.54,
        106310.71,
        106264.67,
        106027.57,
        106031.44,
        140407.68,
        104459.18000000001,
        106026.61,
        70031.69,
        70035.08,
        105557.92,
        69942.85,
        105469.09,
        105469.09,
        141482.5,
        105891.29,
        141500.15,
        141417.38,
        175830.14
    ]
}