{
    "virtual_best": 9018.43,
    "single_best": 149582.46,
    "passive_learning": 396599.8,
    "active_learning": [
        216865.76,
        181890.59999999998,
        179206.36,
        181775.21999999997,
        178793.36,
        214165.90999999997,
        250589.34000000003,
        359310.16,
        359318.7,
        359315.52999999997,
        287601.64,
        359302.0,
        359216.29,
        394894.42,
        394839.93,
        358903.88,
        358912.58999999997,
        394784.89999999997,
        394781.18,
        358221.93,
        394066.07999999996,
        360584.54,
        360660.51,
        329137.81,
        329137.81,
        361371.69,
        360656.56,
        360655.22,
        360657.62,
        361371.69
    ]
}