{
    "virtual_best": 2812.77,
    "single_best": 259152.87,
    "passive_learning": 365804.01,
    "active_learning": [
        230540.51,
        225120.35,
        190733.91,
        192169.39,
        116642.58,
        154045.64,
        151692.65,
        187010.84,
        365139.18,
        365688.65,
        329887.14,
        329784.8,
        436963.01,
        401649.43,
        401731.5,
        401853.09,
        437467.53,
        365645.38,
        437793.09,
        401213.24,
        364839.98,
        473706.94,
        258334.0,
        258534.2,
        257662.36000000002,
        257577.85,
        401734.59,
        330874.27,
        330874.27,
        330116.65,
        330116.65,
        294408.6,
        294270.52,
        330042.54,
        402053.94,
        402053.94,
        402053.94,
        402053.94,
        402053.94,
        402053.94,
        402053.94,
        402053.94,
        366110.9,
        330194.3,
        366137.34,
        402057.95,
        402057.95,
        366141.35,
        366141.35,
        402057.95,
        366114.91000000003,
        402057.95,
        402057.95,
        330198.31,
        402057.95,
        402057.95,
        366141.35,
        366141.35,
        402057.95,
        366141.35
    ]
}