{
    "virtual_best": 3337.43,
    "single_best": 403074.24,
    "passive_learning": 113470.84000000001,
    "active_learning": [
        363704.45,
        220804.69,
        256549.98,
        328640.04,
        291361.25,
        185080.34,
        148970.41,
        184279.22,
        147969.11000000002,
        76993.09000000001,
        76847.35,
        76593.87000000001,
        112911.91,
        113635.33,
        113126.5,
        113512.6,
        149403.85,
        149432.87,
        149957.92,
        149094.39,
        113397.70000000001,
        149923.39,
        113736.09000000001,
        113740.17,
        149688.39,
        149690.55000000002,
        113394.51000000001,
        113530.54000000001,
        113530.54000000001,
        113471.28,
        113471.28,
        149389.45,
        149389.45,
        113522.68000000001,
        78195.72,
        78195.72,
        78195.72,
        78195.72,
        78195.72,
        78195.72,
        78195.72,
        78195.72,
        78195.72,
        78195.72,
        78195.72,
        78314.89,
        78314.89,
        78314.89,
        78797.39,
        78314.89,
        78314.89,
        78314.89,
        78314.89,
        78314.89,
        78314.89,
        78314.89,
        78314.89,
        78314.89,
        78314.89,
        78314.89
    ]
}