{
    "virtual_best": 3022.94,
    "single_best": 232867.96,
    "passive_learning": 438992.18,
    "active_learning": [
        478371.83999999997,
        550492.9,
        442390.72,
        332227.62,
        262105.21,
        440310.08999999997,
        261951.47,
        404278.51,
        475561.83999999997,
        332371.37,
        403159.14999999997,
        401774.83,
        437780.86,
        473706.01,
        366115.8,
        473857.22,
        401150.47,
        402468.37,
        402545.24,
        402590.91,
        366693.02,
        401695.1,
        436774.49,
        365543.41,
        437954.29,
        402203.96,
        401809.74,
        401547.55,
        402019.93,
        401290.76,
        401741.27,
        437091.27999999997,
        401079.79,
        473356.36,
        473423.42,
        473067.54,
        472994.17,
        472994.17,
        472994.17,
        472994.17,
        472994.17,
        472994.17,
        472994.17,
        472994.17,
        472994.17,
        472994.17,
        472994.17,
        472994.17,
        472994.17,
        472994.17,
        472994.17,
        472994.17,
        472994.17,
        472994.17,
        401208.05,
        438040.83999999997,
        365902.11,
        329707.37,
        329927.54
    ]
}