{
    "virtual_best": 2722.12,
    "single_best": 291946.8,
    "passive_learning": 220593.97999999998,
    "active_learning": [
        435862.72,
        293083.3,
        293557.58999999997,
        256735.91,
        220575.47999999998,
        185011.61,
        185615.84,
        292514.12,
        257005.88999999998,
        219975.44,
        220768.75,
        220890.66999999998,
        256456.62,
        219787.66999999998,
        219527.3,
        220633.52,
        184307.44,
        220233.91,
        256410.69999999998,
        291962.87,
        292023.2,
        255943.97,
        292395.08999999997,
        220573.97999999998,
        255874.78999999998,
        255747.85,
        255836.71,
        220116.91,
        220066.37,
        256049.5,
        255771.66999999998,
        255711.77,
        255646.6,
        291775.7,
        291606.41,
        291520.61,
        291519.58,
        291519.58,
        291519.58,
        291519.58,
        291519.58,
        291519.58,
        291519.58,
        291519.58,
        291519.58,
        291519.58,
        291519.58,
        291519.58,
        291519.58,
        291519.58,
        291519.58,
        291519.58,
        291519.58,
        291519.58,
        291922.35,
        292016.7,
        292081.36,
        255880.25999999998,
        255824.93
    ]
}