{
    "virtual_best": 2530.23,
    "single_best": 292416.05,
    "passive_learning": 184365.94,
    "active_learning": [
        329225.7,
        327784.51,
        221923.31,
        149499.69,
        148738.41,
        112453.61,
        149155.27000000002,
        183784.92,
        184078.55000000002,
        220024.08000000002,
        184084.26,
        184214.39,
        148123.74000000002,
        148763.31,
        148742.49000000002,
        148355.89,
        112888.11,
        220063.92,
        184099.88,
        149055.92,
        184248.15000000002,
        183946.95,
        148695.78,
        148805.21000000002,
        184397.92,
        184294.95,
        184294.95,
        184294.95,
        184296.09,
        184296.09,
        220179.35,
        220179.35,
        220179.35,
        184245.42,
        184314.83000000002,
        184314.83000000002,
        184314.83000000002,
        184314.83000000002,
        184314.83000000002,
        184314.83000000002,
        184314.83000000002,
        184314.83000000002,
        184314.83000000002,
        184314.83000000002,
        184314.83000000002,
        184314.83000000002,
        184314.83000000002,
        184314.83000000002,
        184314.83000000002,
        184314.83000000002,
        184314.83000000002,
        184314.83000000002,
        184314.83000000002,
        184314.83000000002,
        184314.83000000002,
        255985.34,
        220100.2
    ]
}