{
    "virtual_best": 2776.26,
    "single_best": 223508.31,
    "passive_learning": 185475.5,
    "active_learning": [
        662250.59,
        478980.13,
        408988.09,
        261880.91,
        189338.83000000002,
        115541.61,
        259121.1,
        295835.89,
        295067.44,
        223049.36000000002,
        222418.71000000002,
        150464.02000000002,
        114755.54999999999,
        186431.21000000002,
        115056.78,
        150469.86000000002,
        186277.43000000002,
        294008.63,
        149354.65000000002,
        186423.05000000002,
        186362.95,
        222320.68000000002,
        186639.93000000002,
        150838.92,
        221561.07,
        258463.06,
        258463.06,
        258463.06,
        258455.18000000002,
        258455.18000000002,
        293521.22000000003,
        293521.22000000003,
        257590.7,
        257590.7,
        257647.58000000002,
        257647.58000000002,
        257647.58000000002,
        257647.58000000002,
        257647.58000000002,
        257647.58000000002,
        257647.58000000002,
        257647.58000000002,
        257647.58000000002,
        257647.58000000002,
        257647.58000000002,
        257647.58000000002,
        257647.58000000002,
        257647.58000000002,
        257647.58000000002,
        257637.40000000002,
        257647.58000000002,
        257647.58000000002,
        257647.58000000002,
        257647.58000000002,
        257647.58000000002,
        257897.71000000002,
        221632.92
    ]
}