{
    "virtual_best": 1872.66,
    "single_best": 328507.43,
    "passive_learning": 183645.50999999998,
    "active_learning": [
        328290.75,
        256364.72,
        221388.97999999998,
        292557.5,
        328545.95,
        292519.93,
        221013.65999999997,
        256228.06999999998,
        256140.47,
        291481.2,
        291344.75,
        219518.06,
        291272.99,
        254754.9,
        183390.24,
        255429.55,
        291653.7,
        219545.27,
        219194.33,
        220083.69999999998,
        220083.69999999998
    ]
}