{
    "virtual_best": 3117.08,
    "single_best": 259733.49,
    "passive_learning": 474246.26999999996,
    "active_learning": [
        153836.34999999998,
        153738.96,
        154148.37999999998,
        117059.28,
        366919.25,
        188257.58,
        116892.29000000001,
        294995.6,
        403379.95,
        474869.2,
        438790.37,
        438754.54,
        401825.95999999996,
        438366.88,
        402796.0,
        473908.77999999997,
        437963.86,
        438748.44,
        402721.62,
        367146.36,
        367188.81
    ]
}