{
    "virtual_best": 3501.14,
    "single_best": 147496.79,
    "passive_learning": 3656.81,
    "active_learning": [
        110704.03,
        111101.33,
        110650.15000000001,
        110650.62000000001,
        110694.32,
        110634.24,
        110914.40000000001,
        110628.87000000001,
        74934.71,
        74794.45000000001,
        39980.5,
        75469.69,
        75500.05,
        39503.13,
        3696.29,
        3669.15,
        3703.85,
        3661.04,
        3660.28,
        3661.27,
        3660.28,
        3703.85,
        3703.85,
        3661.27,
        3660.05,
        3660.05,
        3660.05,
        3660.05,
        3660.05,
        3661.17,
        3661.04,
        3661.04,
        3661.17,
        3660.05,
        3660.05,
        3660.05,
        3660.05,
        3660.05,
        3660.05,
        3660.05,
        3660.05,
        3660.05,
        3660.05,
        3660.05,
        3660.05,
        3645.42,
        3660.08,
        3660.05,
        3659.51,
        3655.15,
        3655.26,
        3659.82,
        3597.86,
        3656.2400000000002,
        3656.2400000000002,
        3690.4100000000003,
        39381.619999999995,
        3640.85,
        3640.85,
        3640.85
    ]
}