{
    "virtual_best": 7752.65,
    "single_best": 8551.58,
    "passive_learning": 227495.32,
    "active_learning": [
        8649.429999999998,
        83505.17,
        47657.719999999994,
        11764.449999999999,
        11764.449999999999,
        8585.369999999999,
        8585.439999999999,
        8585.39,
        8659.429999999998,
        8585.39,
        8585.39,
        8585.39,
        8585.39,
        8585.39,
        8585.39,
        8587.73,
        8587.73,
        8587.71,
        8587.71,
        8585.369999999999,
        8585.369999999999,
        8585.39,
        8585.369999999999,
        8585.369999999999,
        8587.71,
        8587.71,
        8587.73,
        8587.73,
        8587.73,
        8587.73,
        8587.73,
        8587.73,
        8587.73,
        8587.73,
        8587.73,
        8587.73,
        8587.73,
        8587.73,
        8587.73,
        8587.73,
        8587.73,
        8587.73,
        8587.73,
        8587.73,
        8587.73,
        8587.73,
        8587.73,
        8587.71,
        8587.73,
        8539.519999999999,
        8615.619999999999,
        8631.859999999999,
        8654.42,
        8631.839999999998,
        8631.839999999998,
        8631.82,
        188270.33000000002,
        8632.269999999999,
        8632.289999999999,
        8632.269999999999
    ]
}