{
    "virtual_best": 2376.59,
    "single_best": 219102.75,
    "passive_learning": 2591.82,
    "active_learning": [
        254604.16999999998,
        219496.19999999998,
        74468.54000000001,
        74564.47,
        74562.88,
        110466.02,
        74565.09,
        74563.59,
        74563.32,
        74563.41,
        74574.94,
        74563.84,
        38570.700000000004,
        38570.71000000001,
        38373.810000000005,
        38342.14,
        38335.840000000004,
        2569.3900000000003,
        2533.7000000000003,
        2525.8500000000004,
        2591.8300000000004,
        38584.590000000004,
        38584.57,
        2591.8300000000004,
        110851.63,
        38593.560000000005,
        38584.590000000004,
        38585.04,
        38584.590000000004,
        74342.68000000001,
        38349.94
    ]
}