{
    "virtual_best": 7696.76,
    "single_best": 8595.81,
    "passive_learning": 8726.359999999999,
    "active_learning": [
        47178.840000000004,
        515907.52999999997,
        297794.26,
        297794.26,
        297794.26,
        297794.26,
        297794.26,
        297794.24,
        297794.26,
        297794.26999999996,
        297794.24,
        297794.24,
        297794.26999999996,
        297794.26999999996,
        8625.359999999999,
        8625.39,
        8625.39,
        8625.39,
        8625.39,
        8659.16,
        8632.609999999999,
        8690.9,
        8646.55,
        8644.21,
        406394.66,
        8690.9,
        8693.24,
        8715.369999999999,
        8693.24,
        8727.009999999998,
        8727.009999999998
    ]
}