{
    "virtual_best": 3011.66,
    "single_best": 161090.3,
    "passive_learning": 403222.47000000003,
    "active_learning": [
        767012.4,
        728073.13,
        546423.4,
        190178.98,
        475637.05,
        152803.34000000003,
        296410.34,
        187965.75,
        330233.06,
        330706.92000000004,
        223594.47,
        223250.35,
        294630.38,
        260405.1,
        260182.39,
        258697.78000000003,
        223810.56000000003,
        223436.75,
        151066.27000000002,
        296198.41000000003,
        295862.21,
        259934.95,
        259885.97,
        188788.18000000002,
        188172.26,
        259427.57,
        187186.93000000002,
        186938.76,
        187960.04,
        188104.74000000002,
        188046.61000000002,
        259100.37000000002,
        259178.24000000002,
        258857.97,
        223329.28000000003,
        223329.28000000003,
        223329.28000000003,
        223329.28000000003,
        223329.28000000003,
        223329.28000000003,
        223329.28000000003,
        223329.28000000003,
        223329.28000000003,
        223329.28000000003,
        223329.28000000003,
        223329.28000000003,
        223329.28000000003,
        223329.28000000003,
        223329.28000000003,
        223329.28000000003,
        223329.28000000003,
        223329.28000000003,
        223329.28000000003,
        223329.28000000003,
        223329.28000000003,
        223329.28000000003,
        223329.28000000003,
        223329.28000000003,
        223329.28000000003,
        223329.28000000003,
        367739.73000000004,
        403189.96,
        368006.88,
        295788.7,
        367212.52
    ]
}