{
    "virtual_best": 2641.95,
    "single_best": 292655.22,
    "passive_learning": 183355.67,
    "active_learning": [
        402419.51,
        437079.42000000004,
        256214.42,
        112526.34,
        255850.87000000002,
        219536.78000000003,
        183250.89,
        218951.48,
        183184.42,
        254788.71000000002,
        183300.55000000002,
        182790.61000000002,
        218579.2,
        218804.51,
        254955.21000000002,
        219095.79,
        219127.36000000002,
        218626.91,
        219066.7,
        183958.69,
        183620.95,
        183216.51,
        183238.98,
        183229.32,
        183219.74000000002,
        183560.30000000002,
        183358.49000000002,
        219615.47,
        219129.65000000002,
        219166.08000000002,
        219533.21000000002,
        219655.03000000003,
        219204.94,
        219581.43000000002,
        219581.43000000002,
        219581.43000000002,
        219581.43000000002,
        219581.43000000002,
        219581.43000000002,
        219581.43000000002,
        219581.43000000002,
        219581.43000000002,
        219581.43000000002,
        219581.43000000002,
        219581.43000000002,
        219581.43000000002,
        219581.43000000002,
        219581.43000000002,
        219581.43000000002,
        219581.43000000002,
        219581.43000000002,
        219581.43000000002,
        219581.43000000002,
        219581.43000000002,
        219581.43000000002,
        219581.43000000002,
        219581.43000000002,
        219581.43000000002,
        219581.43000000002,
        219581.43000000002,
        219515.5,
        255079.62000000002,
        219490.72,
        183527.49000000002,
        183527.49000000002
    ]
}