{
    "virtual_best": 9788.61,
    "single_best": 149910.62,
    "passive_learning": 325567.96,
    "active_learning": [
        324507.59,
        221738.78,
        324535.44,
        253223.03999999998,
        291309.15,
        323942.31,
        324026.54000000004,
        326600.67000000004,
        326640.74000000005,
        362349.18,
        323899.36000000004,
        290630.86,
        323271.79000000004,
        323982.68,
        324070.66000000003,
        323460.98000000004,
        323326.34,
        323329.87,
        323320.44,
        323583.87,
        325589.42000000004,
        253560.81,
        325722.81,
        325108.95,
        326384.17000000004,
        325569.5,
        325891.03,
        325629.82,
        325629.82
    ]
}