{
    "virtual_best": 6115.33,
    "single_best": 78592.09,
    "passive_learning": 69747.58,
    "active_learning": [
        104760.09,
        68750.32,
        104942.01000000001,
        68911.16,
        104741.09,
        69422.89,
        32790.409999999996,
        32783.24,
        68774.63,
        33668.909999999996,
        33652.32,
        32776.84,
        70244.51999999999,
        69725.04999999999,
        32783.83,
        68778.22,
        33618.38,
        68690.0,
        68661.2,
        68661.2,
        32860.97,
        68677.95999999999,
        68657.20999999999,
        68681.56,
        104881.42000000001,
        104691.12,
        68629.23999999999,
        68854.23999999999,
        68626.26999999999
    ]
}