{
    "virtual_best": 2684.66,
    "single_best": 257269.01,
    "passive_learning": 184494.76,
    "active_learning": [
        401867.19,
        364162.72000000003,
        220713.54,
        113202.1,
        112962.57,
        185442.41,
        184643.55000000002,
        148825.46000000002,
        148196.74000000002,
        41325.85,
        112402.15000000001,
        112660.98000000001,
        184395.63,
        184627.08000000002,
        149042.51,
        256680.76,
        184264.29,
        184143.23,
        148657.81,
        184441.07
    ]
}