{
    "virtual_best": 2939.35,
    "single_best": 269252.07,
    "passive_learning": 474239.39,
    "active_learning": [
        444841.75,
        332351.75,
        120047.40000000001,
        188938.43,
        153408.51,
        401923.41000000003,
        223556.25,
        116348.09000000001,
        224210.15,
        151213.57,
        330931.52,
        366586.33,
        367674.38,
        366246.75,
        366730.62,
        439796.29,
        403223.16000000003,
        402866.19,
        474645.2,
        439328.34
    ]
}