{
    "virtual_best": 4041.62,
    "single_best": 332411.08,
    "passive_learning": 148039.97,
    "active_learning": [
        437972.08999999997,
        293226.63,
        220526.04,
        185113.8,
        113714.56999999999,
        113521.04,
        113503.7,
        113124.95,
        113021.28,
        112764.73999999999,
        148973.85,
        149007.16,
        148967.91999999998,
        183847.8,
        184053.07,
        147840.52,
        183934.31,
        147886.26,
        147993.88,
        147897.13
    ]
}