{
    "virtual_best": 2964.29,
    "single_best": 259352.98,
    "passive_learning": 509160.64,
    "active_learning": [
        228725.55,
        262457.93,
        81378.01,
        82035.67,
        79975.14,
        80876.95,
        403801.57,
        330611.33999999997,
        330196.97,
        223396.46,
        186503.91,
        151865.93,
        186159.47,
        402008.24,
        366677.4,
        510591.63,
        581818.05,
        473183.72,
        510067.05,
        473982.08999999997
    ]
}