{
    "virtual_best": 4144.72,
    "single_best": 508239.47,
    "passive_learning": 328776.8,
    "active_learning": [
        545069.65,
        579533.73,
        400307.31,
        435782.8,
        472420.52,
        436155.01,
        400646.43,
        257338.79,
        399551.4,
        293223.24,
        293209.82,
        293185.03,
        400404.96,
        328763.42000000004,
        328671.11,
        328991.24,
        328845.58,
        293258.2,
        328537.41000000003,
        328557.77
    ]
}