{
    "virtual_best": 3294.32,
    "single_best": 305095.08,
    "passive_learning": 403451.74,
    "active_learning": [
        620857.51,
        548021.4400000001,
        116670.15,
        116339.45,
        403121.13,
        583343.16,
        188659.49000000002,
        438703.13,
        402488.85000000003,
        619358.58,
        367760.13,
        583088.67,
        438825.47000000003,
        296103.25,
        474648.3,
        403384.14,
        439044.37,
        403894.43,
        438798.82,
        367992.94
    ]
}