{
    "virtual_best": 7646.89,
    "single_best": 8318.92,
    "passive_learning": 227320.55,
    "active_learning": [
        442661.99,
        442604.85000000003,
        82231.52,
        442545.30000000005,
        191446.9,
        8584.23,
        366360.08,
        296225.26,
        296167.2,
        116028.46,
        259363.06,
        260843.34999999998,
        296597.52,
        45498.729999999996,
        43591.939999999995,
        8252.59,
        8252.59,
        8252.59,
        8252.59,
        8290.65,
        44144.28,
        8252.57,
        8252.57,
        8307.54,
        187938.16999999998,
        187949.78999999998,
        8307.54,
        8309.43,
        223312.91999999998,
        223312.91999999998,
        8274.44,
        8271.65,
        8271.65,
        8273.99,
        8273.99,
        8273.99,
        8273.99,
        8273.99,
        8273.99,
        8273.99,
        8273.99,
        8273.99,
        8273.99,
        8273.99,
        8273.99,
        8273.99,
        8273.99,
        8273.99,
        8273.99,
        8273.99,
        8273.99,
        8271.67,
        8273.99,
        8271.67,
        8271.67,
        8363.99,
        8363.970000000001,
        8364.07,
        8363.970000000001,
        8363.970000000001,
        8363.970000000001,
        8363.970000000001
    ]
}