{
    "virtual_best": 3047.92,
    "single_best": 331525.29,
    "passive_learning": 39351.189999999995,
    "active_learning": [
        217808.66,
        181911.11,
        183154.46,
        217891.91999999998,
        181958.03999999998,
        110039.2,
        110618.7,
        111548.34000000001,
        111668.23000000001,
        110228.14,
        110225.29000000001,
        40750.369999999995,
        39631.299999999996,
        75607.65000000001,
        75630.77,
        38276.399999999994,
        38276.399999999994,
        3411.68,
        3411.68,
        3509.67,
        3408.54,
        3408.67,
        3408.67,
        3429.78,
        3430.44,
        3429.78,
        3430.44,
        3407.65,
        3406.34,
        3406.37,
        3428.5,
        3406.37,
        3406.23,
        3504.33,
        3504.33,
        3504.33,
        3504.33,
        3504.33,
        3504.33,
        3504.33,
        3504.33,
        3504.33,
        3504.33,
        3504.33,
        3504.33,
        3504.33,
        3504.33,
        3504.33,
        3504.33,
        3504.33,
        3504.33,
        3406.2599999999998,
        3406.2599999999998,
        3406.2599999999998,
        3406.2599999999998,
        3406.37,
        3406.37,
        3406.37,
        3406.13,
        3406.2599999999998,
        3406.37,
        3406.37
    ]
}