{
    "virtual_best": 2935.52,
    "single_best": 364268.64,
    "passive_learning": 148482.27,
    "active_learning": [
        437652.45999999996,
        293786.04,
        221644.78999999998,
        292234.26,
        256284.06999999998,
        292281.86,
        292748.98,
        220882.87999999998,
        256297.43,
        184365.59999999998,
        184506.19999999998,
        220025.37999999998,
        148074.25999999998,
        219878.02,
        183890.55,
        219353.91999999998,
        183945.28,
        219910.87999999998,
        219996.88999999998,
        219773.08,
        183493.13999999998,
        183727.13999999998,
        183768.63999999998,
        183720.44999999998,
        183766.38999999998,
        183741.08,
        183677.69999999998,
        183746.87999999998,
        183775.12,
        183780.75,
        183781.37999999998,
        183781.37999999998,
        183781.37999999998,
        183781.37999999998,
        183781.37999999998,
        183781.37999999998,
        183781.37999999998,
        183781.37999999998,
        183781.37999999998,
        183781.37999999998,
        183781.37999999998,
        183781.37999999998,
        183781.37999999998,
        183781.37999999998,
        183781.37999999998,
        183781.37999999998,
        183781.37999999998,
        183781.37999999998,
        183781.37999999998,
        183781.37999999998,
        183781.37999999998,
        184320.27,
        220187.56999999998,
        184054.77,
        220294.22999999998,
        255994.47999999998,
        219911.25
    ]
}