{
    "virtual_best": 2909.69,
    "single_best": 233774.07,
    "passive_learning": 293895.29,
    "active_learning": [
        1056506.04,
        264886.76999999996,
        334613.95999999996,
        438493.41,
        258827.69999999998,
        294640.23,
        293874.86,
        222953.96999999997,
        223014.5,
        222080.97999999998,
        294400.68,
        222442.93,
        257709.91999999998,
        258047.91999999998,
        259157.94999999998,
        294456.14999999997,
        330744.5,
        330969.51999999996,
        330760.0,
        402220.38,
        330191.91,
        330799.81,
        330721.7,
        331102.14,
        367206.91,
        330927.39999999997,
        330172.32999999996,
        330728.16,
        294838.57999999996,
        294392.22,
        294233.23,
        294233.23,
        294233.23,
        294233.23,
        294233.23,
        294233.23,
        294233.23,
        294233.23,
        294233.23,
        294233.23,
        294233.23,
        294233.23,
        294233.23,
        294233.23,
        294233.23,
        294233.23,
        294233.23,
        294233.23,
        294233.23,
        294233.23,
        294233.23,
        402577.43,
        473574.56,
        294869.5,
        295219.79,
        222866.88999999998,
        295066.51
    ]
}