{
    "virtual_best": 6964.88,
    "single_best": 76994.88,
    "passive_learning": 70574.48000000001,
    "active_learning": [
        178935.81,
        142894.44,
        142926.83,
        142599.83,
        144208.7,
        144396.2,
        142573.97,
        142876.63,
        142922.9,
        142923.51,
        142923.8,
        142713.33,
        142744.69,
        142627.44,
        142630.51,
        71083.59,
        71087.8,
        71089.31,
        71085.59,
        71087.92,
        71087.63,
        71048.89,
        70558.13,
        70574.73000000001,
        70574.47,
        70571.58,
        70572.91,
        70574.47,
        70578.82
    ]
}