{
    "virtual_best": 3307.26,
    "single_best": 305793.48,
    "passive_learning": 582661.1100000001,
    "active_learning": [
        586574.2400000001,
        477331.12,
        155429.41999999998,
        153412.73,
        259890.11,
        297648.52999999997,
        333999.37,
        332821.64,
        368477.52,
        403806.08,
        511819.12,
        474957.89,
        475419.86,
        547092.4600000001,
        510971.77999999997,
        583609.9,
        655511.8400000001,
        727769.66,
        546795.7300000001,
        439600.77999999997,
        439675.12
    ]
}