{
    "virtual_best": 2329.7,
    "single_best": 290993.69,
    "passive_learning": 111835.9,
    "active_learning": [
        327247.0,
        290889.58,
        255563.59,
        39891.579999999994,
        40007.119999999995,
        39887.52,
        40264.85,
        4558.24,
        75975.29,
        75864.51,
        75796.48999999999,
        111434.98,
        111476.59,
        147332.46,
        111781.73,
        147889.07,
        111930.84,
        111979.45,
        111806.81,
        76001.12,
        76003.51
    ]
}