{
    "virtual_best": 3033.36,
    "single_best": 329218.19,
    "passive_learning": 76919.96999999999,
    "active_learning": [
        725641.78,
        724810.7100000001,
        761051.7300000001,
        724188.56,
        581054.3200000001,
        292523.66,
        220789.49,
        256329.71,
        220571.05,
        220105.00999999998,
        184614.97999999998,
        184853.63999999998,
        185104.13999999998,
        148629.02,
        112550.2,
        149367.71,
        112916.01999999999,
        76877.70999999999,
        112521.71999999999,
        77323.96999999999
    ]
}