{
    "virtual_best": 2832.25,
    "single_best": 223075.33,
    "passive_learning": 293170.29,
    "active_learning": [
        365461.79,
        365947.42,
        293001.83999999997,
        365371.05,
        329571.27999999997,
        329046.81,
        329268.83999999997,
        364680.19,
        365461.29,
        328522.12,
        365995.06,
        328902.52,
        258526.32,
        222433.85,
        293603.97,
        294288.14999999997,
        401367.62,
        365645.2,
        330310.24,
        330646.64999999997
    ]
}