{
    "virtual_best": 6753.47,
    "single_best": 7372.73,
    "passive_learning": 7361.530000000001,
    "active_learning": [
        7622.52,
        7558.79,
        7559.900000000001,
        7644.9800000000005,
        7644.91,
        7644.91,
        7596.400000000001,
        7644.91,
        7644.91,
        7568.030000000001,
        7568.030000000001,
        7568.030000000001,
        7567.72,
        7554.47,
        7614.72,
        7612.54,
        7567.72,
        7611.67,
        7580.33,
        7567.34,
        7539.04,
        7487.2300000000005,
        7481.41,
        7483.7300000000005,
        7481.39,
        7382.97,
        7382.95,
        78882.70999999999,
        7418.1900000000005,
        7382.97,
        7382.97
    ]
}