{
    "virtual_best": 4583.8,
    "single_best": 259860.46,
    "passive_learning": 40990.46,
    "active_learning": [
        111756.54,
        75874.54999999999,
        75780.43999999999,
        75708.89,
        147597.13,
        75662.5,
        75615.06,
        77646.43,
        77610.95999999999,
        77584.54,
        41626.520000000004,
        41626.36,
        41636.08,
        5714.35,
        5693.030000000001,
        5005.8,
        5019.1,
        5005.8,
        5023.280000000001,
        5001.76,
        5005.030000000001,
        40925.83,
        4983.530000000001,
        40970.05,
        40947.15,
        40947.15,
        40952.6,
        40925.58,
        4946.7300000000005,
        40947.15,
        40925.490000000005
    ]
}