{
    "virtual_best": 9112.95,
    "single_best": 146206.42,
    "passive_learning": 288709.77,
    "active_learning": [
        218239.77000000002,
        252062.55000000002,
        258375.59,
        258342.16,
        218790.24000000002,
        254020.09,
        218732.80000000002,
        217974.58000000002,
        215392.67,
        179602.80000000002,
        215607.57,
        215603.97,
        287613.33999999997,
        323603.51,
        250942.03,
        215722.62,
        214982.6,
        214950.59,
        287526.89,
        286707.02999999997,
        286832.3,
        214593.54,
        214593.54,
        250586.11000000002,
        250586.11000000002,
        250586.11000000002,
        250586.11000000002,
        286577.31,
        286577.83,
        286577.83,
        286577.31,
        286577.31,
        286577.31,
        286577.31,
        288995.82,
        288995.82,
        288995.82,
        289087.05,
        288995.82,
        288995.82,
        252932.48,
        252932.48,
        288924.21,
        288924.21,
        288924.21,
        288924.21,
        288924.21,
        288924.21,
        255959.71000000002,
        255959.71000000002,
        219983.02000000002,
        219983.02000000002,
        220000.66,
        220000.66,
        220000.66,
        252999.55000000002,
        288983.54,
        255931.51,
        288708.46,
        289052.61,
        288689.85,
        288690.38,
        288690.38
    ]
}