{
    "virtual_best": 7899.44,
    "single_best": 115833.75,
    "passive_learning": 215784.84,
    "active_learning": [
        143367.64,
        179543.21000000002,
        178044.63,
        215463.34,
        179585.65,
        179759.88,
        179539.80000000002,
        215404.89,
        213743.0,
        215671.59,
        179836.18,
        180094.25,
        147270.89,
        147321.04,
        147284.76,
        147543.93,
        147284.76,
        179858.85,
        179829.06,
        215825.24000000002,
        215833.89,
        215822.78,
        215822.78,
        215833.89,
        215833.89,
        215822.78,
        215817.31,
        215817.31,
        215833.89,
        215833.89,
        215833.89,
        215833.89,
        215833.89,
        215833.89,
        215833.89,
        215833.89,
        215833.89,
        215847.57,
        215833.89,
        215833.89,
        215798.43,
        215798.43,
        215798.43,
        215798.43,
        215798.43,
        215798.43,
        215798.43,
        215812.11000000002,
        215798.43,
        215798.43,
        215798.43,
        215798.43,
        183243.02000000002,
        215798.43,
        215798.43,
        183241.19,
        215796.6,
        215798.93,
        215803.30000000002,
        215794.04,
        215802.94,
        183247.53,
        183247.53
    ]
}