{
    "virtual_best": 3116.02,
    "single_best": 295826.87,
    "passive_learning": 366575.18,
    "active_learning": [
        473388.81999999995,
        473382.0,
        330360.33999999997,
        187082.76,
        473416.5,
        438052.07999999996,
        403506.83999999997,
        474170.06999999995,
        582627.11,
        509723.57999999996,
        510279.51999999996,
        473299.87999999995,
        474198.95999999996,
        510140.75,
        438898.35,
        473564.35,
        438440.1,
        474114.19999999995,
        510573.05,
        474315.01999999996
    ]
}