{
    "virtual_best": 8017.21,
    "single_best": 8807.68,
    "passive_learning": 80750.37999999999,
    "active_learning": [
        766217.26,
        8994.33,
        477082.23000000004,
        225986.1,
        477060.21,
        476960.62,
        476960.62,
        8994.32,
        8985.75,
        8994.32,
        8996.66,
        8996.66,
        8988.09,
        8996.66,
        512418.96,
        223828.75999999998,
        8759.369999999999,
        8761.71,
        8868.27,
        152222.15,
        8870.609999999999,
        8770.109999999999,
        8851.69,
        8911.46,
        8905.5,
        8960.59,
        8909.119999999999,
        8913.9,
        8934.48,
        8909.119999999999,
        8909.1
    ]
}