{
    "virtual_best": 1041.82,
    "single_best": 221095.88,
    "passive_learning": 39219.92,
    "active_learning": [
        111333.37,
        73224.76999999999,
        111166.07999999999,
        75166.06,
        39273.770000000004,
        39272.98,
        111170.76,
        73223.37,
        73216.22,
        73218.36,
        73218.29,
        73218.31,
        37268.840000000004,
        37268.85,
        37734.72,
        37279.21,
        37271.43,
        37271.5,
        37270.42,
        37271.450000000004,
        37270.380000000005,
        37305.85,
        37304.82,
        37304.8,
        37269.340000000004,
        37305.89,
        37304.82,
        37268.53,
        37268.33,
        37303.8,
        37303.8
    ]
}