{
    "virtual_best": 2260.66,
    "single_best": 222324.66,
    "passive_learning": 2584.0600000000004,
    "active_learning": [
        74535.67,
        111149.78,
        74377.25,
        74410.23999999999,
        74542.78,
        74422.11,
        74523.01,
        75628.53,
        2523.0400000000004,
        2527.84,
        2438.3,
        2564.6600000000003,
        2435.9900000000002,
        2434.3500000000004,
        2573.98,
        2573.98,
        2573.98,
        2564.75,
        2573.98,
        2573.98,
        2564.42,
        37128.18,
        37118.64,
        37128.18,
        37128.18,
        37128.200000000004,
        37128.200000000004,
        37122.33,
        37122.33,
        37118.64,
        37118.64,
        37118.64,
        37128.18,
        37128.200000000004,
        37128.200000000004,
        37146.53,
        37128.200000000004,
        37128.200000000004,
        2465.84,
        2465.84,
        2485.3300000000004,
        2578.98,
        2578.98,
        2578.98,
        2578.98,
        2583.9100000000003,
        2583.9100000000003,
        2583.5,
        2593.0600000000004,
        2593.0600000000004,
        2583.9,
        2583.9,
        2583.9,
        2593.03,
        2593.05,
        2593.05,
        39392.93,
        2583.4900000000002,
        39238.590000000004,
        2593.05,
        2593.2900000000004,
        2593.2900000000004,
        2593.2900000000004
    ]
}