{
    "virtual_best": 8254.0,
    "single_best": 9137.89,
    "passive_learning": 9315.6,
    "active_learning": [
        11053.880000000001,
        480529.99,
        47769.950000000004,
        298299.25,
        298347.13,
        47692.200000000004,
        9169.89,
        9169.89,
        9192.27,
        9169.91,
        9192.01,
        10477.12,
        9167.4,
        9189.51,
        9169.72,
        9192.300000000001,
        9169.72,
        9169.72,
        45851.520000000004,
        9169.74,
        9169.74,
        9169.74,
        9169.74,
        45851.5,
        45851.5,
        9170.17,
        9170.17,
        9192.300000000001,
        9192.300000000001,
        45851.5,
        45851.5,
        9169.72,
        9169.72,
        9203.94,
        9203.94,
        44583.520000000004,
        9203.94,
        9203.94,
        44558.4,
        9184.0,
        9236.050000000001,
        9299.25,
        9299.25,
        9276.67,
        9276.67,
        9271.49,
        9265.94,
        9271.49,
        9269.15,
        9269.15,
        9269.15,
        9269.15,
        9269.15,
        9269.15,
        9269.17,
        45868.58,
        190922.38,
        191451.6,
        226817.53,
        45944.810000000005,
        45944.83,
        9263.03,
        9263.03
    ]
}