{
    "virtual_best": 7824.53,
    "single_best": 8509.72,
    "passive_learning": 299545.89,
    "active_learning": [
        297999.94,
        300408.1,
        297712.81,
        297789.24,
        8620.34,
        8566.699999999999,
        47086.71,
        262450.83,
        47225.759999999995,
        47233.92,
        297881.57,
        8693.14,
        223910.24,
        8819.84,
        8813.99,
        8813.99,
        8727.08,
        8699.1,
        8739.939999999999,
        8797.26,
        8791.41,
        8915.84,
        8761.82,
        8761.82,
        8761.82,
        8761.82,
        8762.269999999999,
        8797.26,
        8801.4,
        8761.82,
        8790.189999999999,
        44625.899999999994,
        44625.899999999994,
        44625.899999999994
    ]
}