{
    "virtual_best": 2814.31,
    "single_best": 255134.72,
    "passive_learning": 110572.09,
    "active_learning": [
        183340.46,
        182533.04,
        110953.70999999999,
        146264.05,
        110265.65,
        111149.87,
        111561.27,
        146512.65,
        110625.02,
        74622.84,
        74624.93,
        110858.95,
        146521.04,
        110586.33,
        74749.09,
        38671.14,
        3178.7799999999997,
        38671.99,
        38673.079999999994,
        38672.7,
        3178.64,
        74670.41,
        38670.77,
        3176.37,
        38671.729999999996,
        3178.7,
        3262.75,
        38756.479999999996,
        38672.43,
        38672.43,
        38670.11,
        3178.72,
        38672.43,
        38671.049999999996
    ]
}