{
    "virtual_best": 11047.77,
    "single_best": 119865.93,
    "passive_learning": 108468.1,
    "active_learning": [
        249018.84999999998,
        249265.28,
        249393.88999999998,
        249162.61,
        249187.15,
        249182.22999999998,
        249167.81,
        249217.31,
        214753.68,
        214753.68,
        214755.28,
        214740.91,
        214781.13,
        214787.72999999998,
        214899.43,
        214957.78,
        214831.75,
        146071.1,
        110111.19,
        110433.72,
        109949.20000000001,
        110230.63,
        74228.98,
        74115.73,
        74039.04999999999,
        74228.32,
        74043.22,
        74080.15,
        73652.36,
        73655.75
    ]
}