{
    "virtual_best": 10324.77,
    "single_best": 149942.15,
    "passive_learning": 361336.67,
    "active_learning": [
        290043.43,
        325113.13,
        221344.49,
        325523.33,
        293656.08,
        254450.63999999998,
        221164.72,
        217960.49,
        289314.68,
        256539.71,
        220595.69,
        220528.08,
        289072.7,
        253202.03,
        220444.62,
        288977.71,
        289005.52,
        218166.47,
        292201.13,
        364061.22,
        252877.16999999998,
        328779.98,
        325098.6,
        293067.02,
        361613.88,
        361600.32,
        361601.83999999997,
        289412.6,
        325711.48,
        361045.19
    ]
}