{
    "virtual_best": 2776.26,
    "single_best": 223508.31,
    "passive_learning": 185475.5,
    "active_learning": [
        404630.96,
        294992.24,
        296322.68,
        403214.3,
        222496.91,
        294479.88,
        330933.37,
        259172.24000000002,
        187838.5,
        151126.66,
        187371.79,
        186464.73,
        222898.11000000002,
        221696.02000000002,
        114766.18,
        115482.22,
        293915.79000000004,
        258984.31,
        222526.15000000002,
        222758.03
    ]
}