{
    "virtual_best": 2530.23,
    "single_best": 292416.05,
    "passive_learning": 184365.94,
    "active_learning": [
        220869.65000000002,
        148563.80000000002,
        219778.82,
        112442.95999999999,
        41400.78,
        112974.87999999999,
        148829.26,
        148919.27000000002,
        148804.34,
        184001.37,
        183643.98,
        184391.1,
        184293.64,
        112929.01,
        112961.83,
        184476.64,
        184240.67,
        219988.29,
        148000.91,
        219845.21000000002
    ]
}