{
    "virtual_best": 7330.3,
    "single_best": 8027.59,
    "passive_learning": 226877.9,
    "active_learning": [
        8119.47,
        8095.96,
        8138.6,
        8144.47,
        8138.62,
        8059.400000000001,
        8059.4800000000005,
        8059.47,
        8059.400000000001,
        11238.48,
        8059.400000000001,
        8059.47,
        8093.62,
        8062.1900000000005,
        8081.53,
        8083.87,
        8081.9800000000005,
        8084.95,
        8032.91,
        191018.67,
        115330.02,
        7993.1900000000005,
        8027.31,
        8027.31,
        8024.97,
        7958.46,
        8004.0,
        8032.51,
        8009.95,
        8032.53,
        8032.53
    ]
}