{
    "virtual_best": 5420.28,
    "single_best": 220470.78,
    "passive_learning": 5760.3,
    "active_learning": [
        75049.97,
        74955.5,
        74781.94,
        74779.91,
        74782.65000000001,
        74888.93000000001,
        74888.93000000001,
        74886.55,
        39701.909999999996,
        5761.07,
        5741.34,
        5744.32,
        5744.38,
        5729.72,
        5733.150000000001,
        5730.11,
        5729.82,
        5730.17,
        5773.12,
        5735.68,
        5762.72,
        5762.67,
        5716.12,
        5716.12,
        5762.62,
        5760.88,
        5733.64,
        5761.13,
        5733.07,
        5733.07,
        5733.07
    ]
}