{
    "virtual_best": 2979.95,
    "single_best": 295728.79,
    "passive_learning": 257882.81,
    "active_learning": [
        625814.27,
        411713.60000000003,
        625497.78,
        481976.38,
        334587.28,
        116178.62,
        222785.49000000002,
        185994.19,
        294370.89,
        151816.08000000002,
        294765.32,
        258384.05000000002,
        330317.24,
        258950.90000000002,
        258186.31,
        294267.15,
        366830.05,
        295385.42,
        294693.16000000003,
        222298.99000000002,
        294488.18,
        439120.49,
        439556.63,
        403707.08,
        439391.99,
        402538.52,
        402538.52,
        367050.82,
        367050.82,
        330786.29000000004,
        330786.29000000004,
        330836.08,
        330786.29000000004,
        330786.29000000004,
        367175.46,
        367175.46,
        367175.46,
        367605.93,
        366869.3,
        367165.51,
        366869.3,
        366869.3,
        366346.55,
        366346.55,
        366346.55,
        366346.55,
        366346.55,
        366346.55,
        366346.55,
        366421.16000000003,
        366346.55,
        366346.55,
        366520.22000000003,
        366346.55,
        366642.76,
        366618.26,
        366373.76,
        366331.54000000004,
        366310.09,
        366370.42,
        366318.53,
        366317.74,
        366345.92,
        366318.53,
        366318.53,
        366318.53
    ]
}