{
    "virtual_best": 3462.39,
    "single_best": 363281.14,
    "passive_learning": 148146.47,
    "active_learning": [
        257540.58000000002,
        221492.53,
        221444.64,
        221121.69,
        183909.19,
        184257.64,
        183978.51,
        183634.05000000002,
        219387.76,
        76681.29,
        147693.04,
        112807.84999999999,
        76572.56,
        76497.39,
        76778.09999999999,
        76712.01999999999,
        112979.26999999999,
        112723.61,
        112726.48999999999,
        147954.21000000002,
        112458.12999999999,
        112466.73999999999,
        112458.90999999999,
        112458.90999999999,
        112463.95999999999,
        112430.34999999999,
        112430.34999999999,
        112420.04999999999,
        112420.04999999999,
        112416.92,
        112416.92,
        112416.92,
        112418.97,
        112899.40999999999,
        112423.18999999999,
        112423.18999999999,
        112415.29,
        112420.11,
        112423.11,
        112423.11,
        112423.11,
        112423.11,
        112186.01,
        112186.01,
        112186.01,
        112186.01,
        112186.01,
        112186.01,
        112186.01,
        112186.01,
        112186.01,
        112186.01,
        112186.01,
        112186.01,
        112185.7,
        112186.01,
        112186.01,
        148179.6,
        112711.70999999999,
        112711.70999999999,
        112711.70999999999,
        112711.70999999999,
        112711.70999999999,
        112711.70999999999,
        112711.70999999999,
        112711.70999999999
    ]
}