{
    "virtual_best": 2741.42,
    "single_best": 222900.42,
    "passive_learning": 330268.15,
    "active_learning": [
        475092.89,
        294544.17,
        511625.76,
        330968.74,
        223197.89,
        334238.2,
        440148.16000000003,
        330364.60000000003,
        329593.87,
        330589.78,
        366424.76,
        330026.17,
        329945.71,
        329606.31,
        437502.31,
        366428.93,
        293714.71,
        330668.68,
        436873.81,
        401051.17,
        437279.27,
        365759.18,
        329667.36,
        402008.58,
        365748.16000000003,
        365639.59,
        365641.17,
        366048.15,
        366051.78,
        365652.37,
        365538.06,
        365700.08,
        438175.98,
        438175.98,
        438588.49,
        402595.09,
        402595.09,
        366922.24,
        402504.47000000003,
        438588.49,
        402504.47000000003,
        438588.49,
        402776.19,
        402528.16000000003,
        402595.09,
        437962.74,
        437962.74,
        437962.74,
        401432.69,
        401969.34,
        365882.76,
        401880.67,
        437962.74,
        401878.72000000003,
        401969.34,
        401343.14,
        401344.03,
        437962.74,
        437962.74,
        437962.74,
        437962.74,
        437962.74,
        401971.29000000004
    ]
}