{
    "virtual_best": 2595.73,
    "single_best": 294572.73,
    "passive_learning": 111860.75,
    "active_learning": [
        220097.74000000002,
        291860.37,
        291827.61,
        184422.79,
        148368.19,
        148495.65000000002,
        112799.48,
        76686.28,
        112419.23,
        148239.78,
        112336.90999999999,
        76713.64,
        76183.28,
        112121.97,
        40591.96,
        76286.37999999999,
        112295.78,
        76378.70999999999,
        76128.79,
        40456.9,
        112169.81,
        112096.09,
        112098.98999999999,
        147970.66,
        111886.18999999999,
        111781.39,
        111815.75,
        112149.14,
        112150.12,
        112146.26,
        112146.26,
        112148.75,
        111800.34999999999,
        111800.34999999999,
        111905.12,
        111905.12,
        111905.12,
        111905.12,
        111905.12,
        111905.12,
        111905.12,
        111905.12,
        111905.12,
        111905.12,
        111905.12,
        111905.12,
        111905.12,
        111905.12,
        111905.12,
        111905.12,
        111905.12,
        111905.12,
        111905.12,
        111905.12,
        111905.12,
        111905.12,
        111905.12,
        111905.12,
        111905.12,
        111905.12,
        111905.12,
        111905.12,
        111905.12
    ]
}