{
    "virtual_best": 4893.89,
    "single_best": 293509.1,
    "passive_learning": 75170.31999999999,
    "active_learning": [
        183214.25,
        75081.16,
        75043.0,
        75043.33,
        75043.26,
        74983.83,
        74984.84,
        75043.56,
        75052.81999999999,
        75106.01,
        75045.16,
        75092.83,
        75032.12,
        75035.38,
        75032.09,
        75032.09999999999,
        75032.09,
        75029.75,
        75029.75,
        75287.68,
        75103.59999999999,
        75287.68,
        75285.5,
        75487.20999999999,
        75488.59,
        75192.22,
        111573.36,
        111571.02,
        75771.3,
        75283.16,
        75284.54,
        75284.54
    ]
}