{
    "virtual_best": 7356.43,
    "single_best": 7987.78,
    "passive_learning": 8126.16,
    "active_learning": [
        8020.7300000000005,
        8020.68,
        8020.7300000000005,
        8020.61,
        8020.72,
        8043.21,
        8020.65,
        8020.63,
        8020.63,
        8020.61,
        8020.63,
        8020.63,
        8020.63,
        8020.63,
        8020.63,
        8020.63,
        8020.63,
        8020.63,
        8020.32,
        8034.33,
        8051.06,
        8090.72,
        8126.16,
        8545.53,
        8548.94,
        8394.78,
        190611.33000000002,
        190611.31000000003,
        260507.02000000002,
        8126.16,
        8118.24,
        8118.24
    ]
}