{
    "virtual_best": 11526.5,
    "single_best": 221400.42,
    "passive_learning": 182324.81999999998,
    "active_learning": [
        288074.07,
        219801.58,
        219498.62999999998,
        219485.12999999998,
        219115.37999999998,
        218554.47,
        220192.75,
        184500.91,
        183183.66999999998,
        183209.06999999998,
        148167.91999999998,
        149147.49,
        217937.46,
        182905.77,
        182902.44999999998,
        182715.62,
        182712.31,
        182902.44999999998,
        182712.31,
        182718.63999999998,
        182902.44999999998,
        217749.50999999998,
        182732.31,
        182732.31,
        182732.31,
        218728.81,
        218728.81,
        218728.81,
        146816.37,
        218732.12999999998,
        146819.68,
        146816.37,
        146816.37,
        146816.37,
        182732.31,
        182732.31,
        182732.31,
        182732.31,
        182744.31,
        182744.31,
        182744.31,
        182744.31,
        182744.31,
        182744.31,
        182744.31,
        182744.31,
        182744.31,
        182729.78999999998,
        182729.78999999998,
        182729.78999999998,
        182729.78999999998,
        182729.78999999998,
        182729.78999999998,
        146770.56,
        146329.5,
        146332.02,
        146315.62,
        182315.09,
        182321.96,
        146322.49
    ]
}