{
    "virtual_best": 7650.11,
    "single_best": 74550.35,
    "passive_learning": 254453.03,
    "active_learning": [
        291121.78,
        218575.66,
        218112.37999999998,
        182138.41999999998,
        218188.91999999998,
        182237.3,
        145393.31,
        146169.53,
        73450.84,
        182163.00999999998,
        182128.0,
        182116.31999999998,
        182109.49,
        182125.78999999998,
        182156.25,
        182156.41,
        182182.75999999998,
        182130.15,
        182132.0,
        182127.06999999998,
        182162.18,
        182179.53999999998,
        181915.21,
        181880.59,
        182180.46,
        254412.59999999998,
        254725.31999999998,
        254723.97,
        254723.97,
        254723.97,
        254723.97,
        254723.97,
        254723.97,
        254723.97,
        254727.27,
        254724.94,
        254725.47,
        254723.97,
        254723.97,
        254723.97,
        254724.46,
        254724.46,
        254724.46,
        254724.46,
        254724.46,
        254724.46,
        254724.46,
        254769.22999999998,
        254769.72,
        254769.72,
        254769.72,
        254769.72,
        254769.72,
        254398.87999999998,
        254762.22,
        254714.16,
        254434.44,
        254451.99,
        254452.47,
        254452.47
    ]
}