{
    "virtual_best": 4777.77,
    "single_best": 145629.69,
    "passive_learning": 145732.81,
    "active_learning": [
        145849.18,
        143684.85,
        146215.18,
        145758.82,
        146208.52000000002,
        146005.64,
        145989.16,
        145979.56,
        145569.57,
        145558.64,
        144658.87,
        146869.6,
        147322.29,
        147310.12,
        146198.22999999998,
        147228.7,
        147030.66999999998,
        147030.97,
        145969.61,
        145969.61,
        145969.61,
        145969.61,
        145969.72999999998,
        145969.79,
        145968.44,
        145968.44,
        145968.44,
        145996.87,
        181993.37,
        181993.37,
        181993.37,
        145996.87,
        145996.87,
        145996.87,
        145967.74,
        145967.74,
        145996.84,
        145967.74,
        145967.74,
        145967.74,
        145967.74,
        145967.74,
        145967.74,
        145967.74,
        145967.74,
        145967.74,
        145967.74,
        145967.74,
        145967.74,
        145967.74,
        145967.74,
        145967.99,
        145967.99,
        145967.99,
        145967.99,
        145801.4,
        145801.38,
        145735.36,
        145735.43,
        145731.33000000002
    ]
}