{
    "virtual_best": 10229.62,
    "single_best": 149986.91,
    "passive_learning": 399951.53,
    "active_learning": [
        256994.75,
        183351.41,
        254300.03,
        219650.31,
        258899.49,
        255683.9,
        221243.63,
        185304.02,
        294597.91000000003,
        294237.28,
        258334.65,
        293614.03,
        294319.87,
        329297.27,
        365590.75,
        293583.58999999997,
        256173.2,
        256495.43,
        255745.31,
        328530.75,
        328468.36,
        291702.9,
        291700.3,
        364496.68000000005,
        363927.07999999996,
        327996.83999999997,
        363944.69999999995,
        364422.80000000005,
        364435.23,
        364435.23,
        364435.23,
        364435.23,
        364430.62,
        364430.62,
        364422.80000000005,
        364421.82999999996,
        364421.82999999996,
        364434.26,
        364434.26,
        364434.26,
        364434.26,
        364434.26,
        364434.26,
        364434.26,
        364434.26,
        364434.26,
        364434.26,
        364434.26,
        364434.26,
        364434.26,
        364434.26,
        364434.26,
        364434.26,
        364434.26,
        364434.26,
        365142.05000000005,
        364375.20999999996,
        364339.49,
        364345.95999999996,
        399874.61
    ]
}