{
    "virtual_best": 6337.86,
    "single_best": 221904.04,
    "passive_learning": 180399.40000000002,
    "active_learning": [
        252983.89,
        253002.43,
        217290.22999999998,
        216991.33000000002,
        181523.34000000003,
        180040.94,
        216777.81,
        181011.41999999998,
        180931.52999999997,
        180929.36,
        180758.77999999997,
        144760.2,
        144760.2,
        180284.58000000002,
        180234.95,
        180236.52000000002,
        144520.72999999998,
        252168.07,
        180454.90000000002,
        180463.58000000002,
        180454.90000000002,
        180416.91999999998,
        180416.0,
        180465.25,
        180347.40000000002,
        180396.3,
        216290.07,
        216290.07,
        216290.07
    ]
}