{
    "virtual_best": 9919.19,
    "single_best": 113514.93,
    "passive_learning": 325992.72,
    "active_learning": [
        116317.92,
        152359.4,
        156886.87,
        189428.36,
        189396.7,
        225416.25,
        294041.25,
        294772.44,
        363690.63,
        363700.63,
        291415.1,
        291186.19,
        327148.26999999996,
        327126.05,
        291161.61,
        327117.04,
        327132.23,
        327033.94,
        327032.81,
        327032.45,
        326997.82999999996,
        326755.20999999996,
        326757.51,
        326778.1,
        326370.86,
        326094.92,
        326040.51,
        326041.04,
        326041.04
    ]
}