{
    "virtual_best": 7787.1,
    "single_best": 8450.8,
    "passive_learning": 151828.1,
    "active_learning": [
        769213.2999999999,
        767807.02,
        872440.2899999999,
        478629.52999999997,
        228870.89,
        227412.93,
        10584.449999999999,
        8479.769999999999,
        8479.769999999999,
        8502.26,
        8479.699999999999,
        8479.699999999999,
        8482.039999999999,
        8482.019999999999,
        8504.599999999999,
        8479.679999999998,
        8479.699999999999,
        8502.26,
        8502.26,
        8480.13,
        8502.26,
        8502.26,
        8502.26,
        8502.26,
        8502.26,
        8482.019999999999,
        8482.47,
        8482.039999999999,
        8482.039999999999,
        8482.039999999999,
        8482.039999999999,
        8482.039999999999,
        8482.039999999999,
        8482.039999999999,
        8482.039999999999,
        8482.039999999999,
        8482.039999999999,
        8482.039999999999,
        8482.039999999999,
        8482.039999999999,
        8482.039999999999,
        8482.039999999999,
        8482.039999999999,
        8482.039999999999,
        8482.039999999999,
        8482.039999999999,
        8482.039999999999,
        8482.039999999999,
        8482.039999999999,
        8482.039999999999,
        8479.72,
        8479.699999999999,
        8479.72,
        8479.699999999999,
        8479.72,
        8519.73,
        8501.119999999999,
        8501.119999999999,
        8498.76,
        151786.87,
        8482.019999999999,
        8501.099999999999,
        8482.47,
        8482.47,
        8482.47
    ]
}