{
    "virtual_best": 921.04,
    "single_best": 184782.72,
    "passive_learning": 36907.380000000005,
    "active_learning": [
        79022.1,
        150645.8,
        150414.6,
        114453.96,
        38377.07,
        73823.05,
        109807.18000000001,
        109005.6,
        73004.51,
        37327.19,
        73441.6,
        73426.99,
        37426.93,
        37427.17,
        73411.09,
        37106.68,
        37106.8,
        37008.22,
        37008.22,
        37106.68,
        37106.68,
        37106.8,
        37106.8,
        109090.52,
        73106.51,
        37007.53,
        37007.65,
        37106.74,
        37106.74,
        37106.450000000004,
        37106.450000000004,
        37106.450000000004,
        37106.450000000004,
        37106.450000000004,
        37106.450000000004,
        37106.450000000004,
        37106.450000000004,
        37106.450000000004,
        37106.450000000004,
        37106.450000000004,
        37106.450000000004,
        37106.450000000004,
        37106.450000000004,
        37106.450000000004,
        37106.450000000004,
        37106.450000000004,
        37106.450000000004,
        37106.450000000004,
        37106.450000000004,
        73004.39,
        37007.85,
        37106.31,
        37091.9,
        37007.28,
        37007.85,
        72897.73,
        37007.85,
        37008.24,
        37008.24,
        37008.24,
        37008.24,
        37007.85,
        37007.85,
        37007.85,
        37007.85
    ]
}