{
    "virtual_best": 3391.25,
    "single_best": 305713.19,
    "passive_learning": 259911.19999999998,
    "active_learning": [
        835847.34,
        799867.38,
        800018.35,
        764725.6,
        80823.47,
        153667.47,
        367928.13,
        261036.71,
        332313.01,
        403097.21,
        331259.94,
        369198.80000000005,
        260964.02,
        441169.76,
        190037.91999999998,
        404037.71,
        511232.69,
        333249.41000000003,
        297484.9,
        189493.19
    ]
}