{
    "virtual_best": 2390.83,
    "single_best": 254764.79,
    "passive_learning": 111092.85,
    "active_learning": [
        290632.79000000004,
        255617.03,
        254916.81,
        254845.16999999998,
        182323.71,
        218212.34,
        111470.65000000001,
        146745.61,
        182898.97,
        147059.00999999998,
        147211.68,
        182797.09,
        147397.94,
        147530.77,
        111277.57,
        111193.23000000001,
        111396.85,
        147124.63,
        111368.59000000001,
        111315.22
    ]
}