{
    "virtual_best": 5420.28,
    "single_best": 220470.78,
    "passive_learning": 5760.3,
    "active_learning": [
        147159.47,
        183325.15,
        147200.87,
        111067.06,
        146774.77000000002,
        146669.96,
        110671.70000000001,
        110631.49,
        146851.25,
        111410.98000000001,
        111776.69,
        75552.38,
        75553.66,
        41593.04,
        41591.659999999996,
        41592.049999999996,
        41592.11,
        41592.02,
        41592.11,
        41592.1,
        41592.1,
        41591.71,
        41591.71,
        41592.1,
        41592.1,
        41592.1,
        41592.1,
        41592.009999999995,
        41592.009999999995,
        41592.009999999995,
        41592.009999999995,
        41592.009999999995,
        41592.009999999995,
        41592.009999999995,
        41592.009999999995,
        41592.009999999995,
        41592.1,
        41592.009999999995,
        41592.11,
        41592.11,
        41592.02,
        41592.02,
        41592.02,
        5798.61,
        5729.32,
        5727.74,
        5760.3,
        5760.24,
        5760.55,
        5744.55,
        5744.43,
        5760.41,
        5790.17,
        5779.78,
        5780.21,
        5760.7300000000005,
        5760.87,
        5760.87,
        5760.87
    ]
}