{
    "virtual_best": 7330.3,
    "single_best": 8027.59,
    "passive_learning": 226877.9,
    "active_learning": [
        8059.51,
        8059.45,
        8059.38,
        8095.9400000000005,
        261459.7,
        261386.61000000002,
        225545.86000000002,
        225545.41,
        225545.41,
        261437.12,
        261437.12,
        261437.12,
        261437.12,
        261437.12,
        261437.12,
        261437.12,
        261437.12,
        261437.12,
        261437.12,
        261437.12,
        261437.12,
        261437.12,
        261437.12,
        261437.12,
        261437.12,
        261437.12,
        261437.12,
        261437.12,
        261437.12,
        261437.12,
        261437.12,
        261437.12,
        261437.12,
        261437.12,
        261437.12,
        261437.12,
        261436.81,
        261437.12,
        261437.12,
        261437.12,
        261437.12,
        261437.12,
        261437.12,
        115667.71,
        8059.400000000001,
        8775.74,
        226888.45,
        8024.99,
        190656.26,
        226895.99,
        8009.93,
        226875.75,
        8012.72,
        225758.71,
        226873.43,
        226890.89,
        226890.89,
        226909.97,
        226909.97
    ]
}