{
    "virtual_best": 6994.92,
    "single_best": 111623.33,
    "passive_learning": 141401.25,
    "active_learning": [
        213772.44,
        177625.33000000002,
        249449.6,
        213617.96,
        213602.06,
        141571.57,
        141571.07,
        141543.86,
        177241.82,
        141111.94,
        141097.12,
        177108.95,
        141096.83,
        141194.41,
        141194.54,
        141194.54,
        141194.76,
        105195.07999999999,
        141270.88,
        105198.68,
        141510.32,
        141510.13,
        177464.46,
        141506.61,
        141397.37,
        141509.07,
        141506.61,
        141506.61,
        141506.61,
        177450.2,
        141535.52,
        141506.61,
        141535.52,
        141535.52,
        177493.38,
        141535.52,
        141506.61,
        141506.61,
        141506.61,
        141506.61,
        141506.61,
        141506.61,
        141506.61,
        141506.61,
        141506.61,
        141506.61,
        141506.61,
        141506.61,
        141506.61,
        141506.61,
        141506.61,
        141506.61,
        141506.61,
        141506.61,
        141506.61,
        141305.41,
        177507.36000000002,
        177352.76,
        177392.27000000002,
        177388.23
    ]
}