{
    "virtual_best": 9258.7,
    "single_best": 149765.94,
    "passive_learning": 293510.08999999997,
    "active_learning": [
        361634.07,
        288410.1,
        216348.23,
        291427.58999999997,
        218282.44,
        293333.77,
        294916.85,
        217798.15,
        290427.20999999996,
        290068.58999999997,
        326068.91000000003,
        254554.15,
        220986.85,
        293556.52999999997,
        293628.85,
        293585.29,
        293586.89,
        332160.39,
        257722.35,
        365506.08,
        329513.75,
        363079.75,
        365497.74,
        363072.01,
        365580.74,
        293563.95999999996,
        293539.57,
        365491.99,
        330256.31,
        330256.75,
        330261.93,
        401209.46,
        329554.59,
        329554.59,
        329554.59,
        329553.25,
        365457.94,
        327071.32,
        363070.68,
        363077.4,
        363077.4,
        363077.4,
        363077.4,
        363077.4,
        363077.4,
        363077.4,
        363077.4,
        363077.4,
        363077.4,
        365490.25,
        365490.25,
        365490.25,
        365490.25,
        365490.25,
        293543.68,
        329490.32,
        363070.68,
        365491.01,
        365491.54,
        365491.54
    ]
}