{
    "virtual_best": 9679.09,
    "single_best": 148672.21,
    "passive_learning": 104365.2,
    "active_learning": [
        69860.51000000001,
        69860.20000000001,
        71162.8,
        34242.22,
        33952.12,
        105824.64,
        105914.99,
        69910.24,
        105812.41,
        33930.25,
        33909.57000000001,
        69908.49,
        69899.19,
        104844.98000000001,
        106009.3,
        32887.76,
        32879.72,
        32834.5,
        32843.920000000006,
        68915.84,
        68917.35,
        104736.54000000001,
        104743.87000000001,
        104742.21,
        104742.21,
        104726.89,
        104726.38,
        104741.3,
        68303.03,
        104260.88,
        68303.03,
        68303.03,
        68303.03,
        104259.75,
        104259.75,
        104259.75,
        104259.75,
        104259.75,
        104259.75,
        68301.89000000001,
        68301.89000000001,
        68301.89000000001,
        68301.89000000001,
        68301.89000000001,
        68301.89000000001,
        68301.89000000001,
        68301.89000000001,
        104254.41,
        104260.28,
        104260.28,
        104275.2,
        68282.65,
        68268.84,
        68407.34,
        68408.47,
        68408.47,
        104366.33,
        32429.970000000005,
        32429.970000000005,
        104380.12000000001,
        68407.34,
        68407.34,
        68407.34
    ]
}