{
    "virtual_best": 9203.41,
    "single_best": 113820.96,
    "passive_learning": 291316.18,
    "active_learning": [
        252532.41,
        325339.23,
        216351.9,
        323952.33999999997,
        323900.89,
        324659.80000000005,
        288814.81,
        288752.70999999996,
        288744.2,
        289066.99,
        324684.6,
        324882.94000000006,
        288847.2,
        255015.92,
        288435.99,
        251418.44,
        252321.58000000002,
        216895.5,
        288335.92000000004,
        215813.64,
        216805.46,
        252439.05000000002,
        219564.21,
        287266.75,
        215984.97,
        287840.5,
        252140.59,
        251967.09,
        252007.48,
        215929.78,
        216015.64,
        216009.77,
        216009.88,
        219438.35,
        219438.35,
        219458.42,
        219458.42,
        219458.42,
        219458.42,
        219458.42,
        219458.47,
        219458.47,
        219458.47,
        219458.47,
        219460.31,
        219458.47,
        219509.07,
        323872.24,
        291316.83,
        291319.63,
        323881.85,
        323881.85,
        287877.7,
        291381.95,
        291265.58999999997,
        291265.58999999997,
        291265.58999999997,
        359934.87,
        323874.56000000006,
        255387.73,
        288212.20999999996,
        291332.11,
        291332.11
    ]
}