{
    "virtual_best": 7551.85,
    "single_best": 112651.64,
    "passive_learning": 106389.65,
    "active_learning": [
        250659.66,
        250625.98,
        213501.61000000002,
        213215.48,
        213644.85,
        213572.09,
        213314.25,
        213570.14,
        213745.1,
        213577.47,
        213335.72,
        213571.03,
        177603.44,
        141404.69,
        177597.36000000002,
        177336.88,
        177324.75,
        141366.54,
        177324.4,
        177324.4,
        177324.75,
        177329.13,
        141367.04,
        177329.13,
        177329.13,
        141371.28,
        141371.28,
        141367.04,
        141367.04,
        177309.91,
        177309.91,
        177309.91,
        177309.91,
        141352.05,
        141352.05,
        141359.59,
        141352.41,
        141352.41,
        141352.41,
        141352.41,
        141359.59,
        141359.59,
        141359.59,
        141359.27000000002,
        141359.59,
        141359.59,
        141359.59,
        141359.59,
        141359.59,
        141359.59,
        141359.59,
        141359.59,
        141359.59,
        141359.59,
        141364.16999999998,
        141364.16999999998,
        141364.16999999998,
        141364.16999999998,
        141364.16999999998,
        141364.16999999998,
        106346.97,
        106346.97,
        106346.97,
        106346.97,
        106339.79000000001,
        106355.84,
        106348.09,
        106348.09,
        106316.08,
        106316.08,
        106323.83,
        106382.83,
        106382.47
    ]
}