{
    "virtual_best": 10122.21,
    "single_best": 149780.78,
    "passive_learning": 329647.38,
    "active_learning": [
        398344.75,
        362505.02,
        289505.72,
        292374.45999999996,
        402850.77,
        401100.31000000006,
        435704.14,
        399635.56999999995,
        435554.17000000004,
        435488.67000000004,
        399473.86,
        365884.93000000005,
        365581.02,
        329992.54000000004,
        327582.67000000004,
        327554.19999999995,
        327578.63,
        327478.37,
        329908.79000000004,
        365892.67000000004,
        329909.80000000005,
        329909.69999999995,
        327489.94999999995,
        327490.76,
        290725.23,
        290725.23,
        290748.32999999996,
        327535.45999999996,
        363508.11,
        363243.31000000006,
        363243.31000000006,
        363243.31000000006,
        363243.31000000006,
        363243.31000000006,
        327278.49,
        327278.49,
        327560.25,
        363525.06999999995,
        363525.06999999995,
        363247.82999999996,
        363525.06999999995,
        363524.58999999997,
        363247.35,
        363247.35,
        363247.73,
        363247.73,
        363247.73,
        363247.24,
        363247.24,
        363247.24,
        363524.48,
        363247.25,
        363524.48,
        363453.76,
        327540.5,
        327540.5,
        327541.03,
        327541.03,
        327492.88,
        327492.88,
        327492.88,
        327492.88,
        327492.88,
        327637.98,
        329729.19999999995,
        333022.4,
        365986.15,
        330031.15,
        329855.75,
        330020.92000000004,
        293998.82999999996,
        293998.82999999996,
        294043.13
    ]
}