{
    "virtual_best": 3074.8,
    "single_best": 259219.91,
    "passive_learning": 5491.79,
    "active_learning": [
        74916.97,
        75015.29,
        39054.659999999996,
        39039.729999999996,
        39039.979999999996,
        3456.1400000000003,
        3357.5600000000004,
        3457.59,
        38828.21,
        38830.44,
        3457.5800000000004,
        3372.8,
        3468.44,
        38739.119999999995,
        3544.73,
        3502.48,
        3467.98,
        3464.57,
        3464.57,
        3464.57,
        39234.07,
        3464.5800000000004,
        3464.57,
        3365.9900000000002,
        3463.38,
        3364.73,
        5413.79,
        5491.8,
        5491.8,
        5413.79,
        5413.79,
        5413.79
    ]
}