{
    "virtual_best": 4243.28,
    "single_best": 295425.55,
    "passive_learning": 4483.570000000001,
    "active_learning": [
        113318.81,
        114828.73,
        148799.51,
        6958.2300000000005,
        42058.12,
        4504.24,
        4386.070000000001,
        39642.8,
        4383.72,
        5248.97,
        4505.91,
        4593.4800000000005,
        4503.110000000001,
        4506.29,
        4504.05,
        4475.08,
        4483.2,
        4456.92,
        4401.22,
        4456.92,
        4457.35,
        4893.59,
        4903.16,
        4486.79,
        4486.8,
        4486.93,
        4487.31,
        4487.22,
        4487.320000000001,
        4486.93,
        4486.93
    ]
}