{
    "virtual_best": 6999.64,
    "single_best": 7775.78,
    "passive_learning": 7823.16,
    "active_learning": [
        7810.27,
        7810.29,
        7810.29,
        7810.29,
        7810.29,
        7810.27,
        7810.27,
        7810.27,
        7810.27,
        7810.29,
        7810.29,
        7810.29,
        7810.29,
        7810.29,
        7810.31,
        7810.22,
        7810.29,
        7810.22,
        7674.9800000000005,
        7804.1,
        7804.1,
        226505.39,
        190390.96000000002,
        7801.74,
        7804.1,
        7820.820000000001,
        7801.74,
        7820.820000000001,
        7820.820000000001,
        7801.74,
        7801.74
    ]
}