{
    "virtual_best": 10285.93,
    "single_best": 149803.98,
    "passive_learning": 398954.33,
    "active_learning": [
        260277.13,
        260420.32,
        190678.0,
        188546.94,
        188651.78,
        188082.8,
        188117.34,
        188154.99,
        258693.09,
        258609.18,
        330599.87,
        258775.57,
        258609.55,
        258668.91999999998,
        291414.51,
        327053.38,
        258768.12,
        258687.25,
        258783.62,
        258687.83,
        291238.08999999997,
        291359.68,
        291242.02,
        291253.47,
        291252.89,
        291247.8,
        259037.59,
        289181.66000000003,
        288887.33999999997,
        288882.18,
        288871.24,
        256372.05,
        256368.0,
        256368.0,
        256368.0,
        256368.0,
        256368.0,
        256368.0,
        256368.0,
        256359.53999999998,
        256367.47999999998,
        256367.47999999998,
        256319.59,
        256319.59,
        256319.59,
        256319.59,
        256319.59,
        256319.59,
        256319.59,
        256319.59,
        256319.59,
        256319.59,
        256319.00999999998,
        256319.59,
        256320.11,
        256320.11,
        256320.11,
        256324.15,
        256324.63999999998,
        256248.5,
        291281.73,
        291276.69,
        330725.81,
        363279.17,
        363318.29,
        363285.42,
        327284.37,
        363280.32
    ]
}