{
    "virtual_best": 3780.16,
    "single_best": 79725.81,
    "passive_learning": 70675.48999999999,
    "active_learning": [
        146507.96999999997,
        146793.40999999997,
        145833.93,
        146184.81,
        146072.34,
        146065.38,
        145757.99,
        145749.75,
        145883.31,
        146175.7,
        146679.56,
        145690.46999999997,
        146489.28999999998,
        145428.02,
        145438.38,
        145330.53999999998,
        145347.12,
        146407.99,
        145346.94,
        146405.87,
        146393.14,
        146393.14,
        146393.14,
        146376.55,
        145315.49,
        145315.49,
        145289.76,
        145289.9,
        145289.76,
        145295.87,
        145288.75,
        145302.09999999998,
        145302.09,
        145302.09,
        145302.09,
        145302.09,
        145302.09,
        145302.09,
        145302.09,
        145304.22999999998,
        145303.24,
        145303.24,
        145303.24,
        145303.24,
        145303.24,
        145303.24,
        145303.24,
        145303.24,
        145303.24,
        145303.24,
        145303.24,
        145303.24,
        145394.71,
        145318.65999999997,
        145318.65999999997,
        145318.65999999997,
        145318.65999999997,
        145307.78999999998,
        145286.65999999997,
        109281.89,
        109322.34999999999,
        109584.7,
        34936.549999999996,
        70665.26999999999,
        70740.43,
        34668.189999999995,
        34668.17999999999,
        34667.02999999999
    ]
}