{
    "virtual_best": 1558.52,
    "single_best": 223372.63,
    "passive_learning": 37747.270000000004,
    "active_learning": [
        75313.33,
        75312.25,
        111309.97,
        73786.48000000001,
        37755.75,
        109663.11,
        73744.79000000001,
        37796.810000000005,
        37797.11,
        37796.770000000004,
        73648.2,
        73638.29000000001,
        37621.33,
        37619.37,
        37619.07000000001,
        37619.25,
        1765.67,
        37619.19,
        37619.18,
        73656.65000000001,
        37810.82000000001,
        37812.200000000004,
        37878.4,
        37889.37,
        73786.56,
        37822.740000000005,
        37889.65,
        37877.850000000006,
        37877.990000000005,
        37877.87,
        109805.81,
        73813.07,
        73813.07
    ]
}