{
    "virtual_best": 7558.05,
    "single_best": 8267.62,
    "passive_learning": 8449.4,
    "active_learning": [
        11483.14,
        8304.06,
        10173.42,
        11480.89,
        46880.12,
        8323.85,
        8301.72,
        8301.78,
        8301.74,
        8304.06,
        8301.72,
        8301.72,
        8301.72,
        8301.74,
        8301.72,
        8301.72,
        8301.74,
        8301.74,
        8304.99,
        442502.23,
        8468.05,
        8397.5,
        8419.61,
        8469.78,
        154340.27,
        44163.170000000006,
        8416.55,
        8420.06,
        151435.93,
        118230.43000000001,
        442467.47,
        442467.47,
        442467.47
    ]
}