{
    "virtual_best": 2780.77,
    "single_best": 259497.38,
    "passive_learning": 365807.31,
    "active_learning": [
        619354.1100000001,
        656540.9800000001,
        403038.43,
        509747.0,
        366965.21,
        116773.03,
        152414.79,
        189345.28,
        330661.66,
        294739.27999999997,
        330062.08,
        329043.07,
        366126.08,
        330374.32,
        330596.44,
        401090.95,
        365670.46,
        294129.25,
        329640.29,
        330208.01,
        401462.87,
        329629.41,
        401943.57,
        401546.95,
        365340.11,
        401997.11,
        365317.22,
        294067.44,
        365811.11,
        293861.71,
        293861.71,
        293861.71,
        293861.71,
        293861.71,
        293861.71,
        293861.71,
        293861.71,
        293861.71,
        293861.71,
        293861.71,
        293861.71,
        293861.71,
        293861.71,
        293861.71,
        293861.71,
        293861.71,
        293861.71,
        293861.71,
        293861.71,
        293861.71,
        293861.71,
        365978.98,
        364958.59,
        402167.5,
        365586.93,
        401727.92
    ]
}