{
    "virtual_best": 3762.65,
    "single_best": 402583.86,
    "passive_learning": 185064.35,
    "active_learning": [
        579967.4700000001,
        365698.0,
        472343.46,
        292591.85,
        292104.15,
        256621.91,
        149366.32,
        327492.91,
        149487.38,
        185177.8,
        221121.62,
        257279.95,
        184995.81,
        149699.75,
        149113.94,
        256797.81,
        256882.46,
        185023.18,
        256708.44,
        184869.66999999998,
        184646.9,
        292576.14,
        220615.49,
        256792.07,
        220659.98,
        256587.91,
        292575.61,
        220758.73,
        256534.8,
        256543.11,
        256543.11,
        256543.11,
        256543.11,
        256543.11,
        256543.11,
        256543.11,
        256543.11,
        256543.11,
        256543.11,
        256543.11,
        256543.11,
        256543.11,
        256543.11,
        256543.11,
        256543.11,
        256543.11,
        256543.11,
        256543.11,
        256543.11,
        256543.11,
        256543.11,
        257057.88999999998,
        293017.97,
        221078.23,
        221099.09,
        221089.53
    ]
}