{
    "virtual_best": 2260.66,
    "single_best": 222324.66,
    "passive_learning": 2584.0600000000004,
    "active_learning": [
        145341.5,
        109303.43,
        74332.51999999999,
        75021.87,
        109567.93,
        108985.51,
        38456.090000000004,
        38456.97,
        38456.560000000005,
        38454.85,
        38454.420000000006,
        38454.420000000006,
        38463.89,
        38463.89,
        38463.89,
        38454.35,
        38454.420000000006,
        38463.89,
        38454.35,
        38463.89,
        38463.89,
        38463.89,
        38463.89,
        38463.89,
        38463.89,
        38463.89,
        38463.89,
        38463.89,
        38463.89,
        38463.89,
        38463.89,
        38463.89,
        38463.89,
        38463.89,
        38463.89,
        38463.89,
        38463.89,
        38463.89,
        38463.89,
        38463.89,
        38463.89,
        38463.89,
        38463.89,
        73008.56999999999,
        73002.45999999999,
        73110.04,
        73018.12999999999,
        38364.770000000004,
        38463.670000000006,
        2574.2200000000003,
        2573.98,
        2475.61,
        2543.11,
        2583.9,
        2593.03,
        2583.9,
        2583.9,
        3343.26,
        2593.2900000000004,
        2593.03,
        2619.1600000000003,
        2619.1600000000003
    ]
}