{
    "virtual_best": 8254.0,
    "single_best": 9137.89,
    "passive_learning": 9315.6,
    "active_learning": [
        298336.33,
        298336.35000000003,
        298336.28,
        480514.15,
        480514.15,
        298336.28,
        298336.28,
        298336.28,
        9167.380000000001,
        9167.380000000001,
        9167.380000000001,
        9167.43,
        9167.380000000001,
        9167.380000000001,
        44541.78,
        9167.380000000001,
        9167.4,
        9167.4,
        47720.880000000005,
        9167.380000000001,
        9167.380000000001,
        9167.380000000001,
        9167.380000000001,
        9167.380000000001,
        9167.380000000001,
        9167.380000000001,
        9167.380000000001,
        9167.380000000001,
        9167.380000000001,
        9167.380000000001,
        9167.380000000001,
        9167.380000000001,
        9167.380000000001,
        9167.380000000001,
        9167.380000000001,
        9167.380000000001,
        9167.380000000001,
        9167.380000000001,
        9167.380000000001,
        9167.380000000001,
        9167.380000000001,
        9167.380000000001,
        9167.380000000001,
        12346.460000000001,
        9167.380000000001,
        9167.380000000001,
        9167.380000000001,
        9167.4,
        9189.51,
        9167.380000000001,
        44541.78,
        9169.41,
        9263.050000000001,
        9211.58,
        9178.36,
        9178.36,
        9260.710000000001,
        119286.04999999999,
        9216.36,
        9260.710000000001,
        9263.03,
        9203.26
    ]
}