{
    "virtual_best": 7397.29,
    "single_best": 8170.07,
    "passive_learning": 227032.83,
    "active_learning": [
        732038.34,
        262115.69,
        732088.12,
        262115.63999999998,
        624072.4099999999,
        262082.79,
        262139.86,
        262115.63999999998,
        262096.49,
        8314.65,
        8271.57,
        8318.8,
        8143.21,
        7986.99,
        7986.99,
        8038.46,
        8038.46,
        7987.01,
        7987.01,
        8103.81,
        8103.81,
        8103.81,
        8103.81,
        8103.81,
        8052.360000000001,
        8103.81,
        8016.33,
        8174.9400000000005,
        8120.93,
        8123.29,
        8229.83,
        8229.83,
        8229.83,
        8229.83,
        8229.83,
        8229.83,
        8172.42,
        8172.42,
        8120.95,
        8120.95,
        8123.29,
        8123.29,
        8178.38,
        8178.38,
        8178.38,
        8178.38,
        8178.38,
        8178.38,
        8178.38,
        8178.38,
        8178.38,
        8178.38,
        8178.38,
        8232.19,
        8232.19,
        8123.29,
        8120.93,
        8264.74,
        8267.08,
        8324.960000000001,
        8324.94,
        8322.15,
        8216.06,
        8216.039999999999
    ]
}