{
    "virtual_best": 1760.32,
    "single_best": 362476.34,
    "passive_learning": 2133.73,
    "active_learning": [
        73840.98999999999,
        38252.75,
        37848.369999999995,
        37833.939999999995,
        2679.23,
        37915.13,
        37842.35,
        37835.64,
        37835.09,
        2193.82,
        2269.81,
        2279.3700000000003,
        2083.05,
        2083.05,
        2083.05,
        2083.05,
        2083.05,
        2083.02,
        2082.77,
        2082.77,
        2082.77,
        2082.77,
        2082.77,
        2082.77,
        2082.77,
        2076.39,
        2112.2400000000002,
        2157.01,
        2155.81,
        2155.81,
        2155.81,
        2155.81,
        2155.81,
        2155.81,
        2155.81,
        2155.81,
        2155.81,
        2155.81,
        2155.81,
        2155.81,
        2155.1800000000003,
        2155.1800000000003,
        2155.73,
        2155.73,
        2155.73,
        2155.73,
        2155.73,
        2155.73,
        2155.73,
        2155.73,
        2155.73,
        2155.73,
        2155.73,
        2155.7400000000002,
        2147.8500000000004,
        2112.78,
        2112.78,
        2112.78,
        2112.78,
        2112.96,
        2112.96,
        2112.23,
        2112.23,
        2112.23
    ]
}