{
    "virtual_best": 10034.04,
    "single_best": 113648.85,
    "passive_learning": 221344.62,
    "active_learning": [
        148510.57,
        145619.54,
        143939.53,
        184110.25,
        184063.01,
        252852.8,
        252476.8,
        252586.44,
        252559.78,
        252560.75,
        252559.78,
        252560.75,
        219975.81,
        219716.52,
        219323.27,
        219347.44,
        219347.33,
        219626.29,
        219584.63999999998,
        218978.35,
        219303.84,
        219303.84,
        219303.09,
        219276.29,
        219324.81,
        219324.81,
        219324.81,
        219324.81,
        219324.81,
        219324.81,
        219324.81,
        219324.81,
        219324.81,
        219324.06,
        219324.06,
        219324.06,
        219277.16999999998,
        219277.32,
        219212.62,
        219212.56,
        219218.32,
        219273.04,
        219273.04,
        219273.04,
        219273.04,
        219273.04,
        219273.04,
        219273.04,
        219344.66,
        219364.13999999998,
        219249.19999999998,
        219248.62,
        219247.71,
        219260.13999999998,
        219260.13999999998,
        219260.13999999998,
        219260.13999999998,
        219260.13999999998,
        221666.98,
        257637.83,
        257435.76,
        257456.13999999998,
        224410.86,
        257390.05,
        257062.13999999998,
        257341.76,
        224347.06,
        257004.47,
        257343.94999999998
    ]
}