{
    "virtual_best": 6918.58,
    "single_best": 42813.39,
    "passive_learning": 182748.87,
    "active_learning": [
        253669.48,
        253639.53,
        253618.79,
        253621.18,
        253636.94,
        217675.78,
        217675.97,
        253626.22,
        253626.21,
        253627.54,
        253631.44,
        253627.88999999998,
        253628.61,
        253630.06,
        253630.09,
        253625.07,
        253630.93,
        253630.41999999998,
        253629.19,
        253603.85,
        253629.19,
        253629.19,
        253629.19,
        253628.84,
        253628.84,
        253628.84,
        253628.84,
        253628.84,
        253628.84,
        253628.84,
        253628.84,
        253628.84,
        253628.84,
        253628.84,
        253628.84,
        253628.84,
        217712.9,
        253628.84,
        253629.19,
        253629.19,
        253629.19,
        253629.19,
        253629.19,
        253629.19,
        253629.19,
        253629.19,
        253629.19,
        253629.19,
        253629.19,
        253604.44,
        253604.44,
        253604.96,
        253604.96,
        253604.96,
        253604.96,
        253604.96,
        253604.96,
        253604.96,
        253602.05,
        253602.05,
        253896.63,
        253424.41999999998,
        217508.52,
        182463.69,
        182749.91,
        182748.58,
        182453.82,
        182747.54,
        182452.79
    ]
}