{
    "virtual_best": 10329.46,
    "single_best": 149943.04,
    "passive_learning": 223247.83000000002,
    "active_learning": [
        216632.97,
        219217.63,
        292132.04,
        292160.74,
        295573.94,
        331440.37,
        329466.95,
        328030.4,
        327580.42,
        364046.59,
        399832.51,
        327648.8,
        328043.01,
        292456.3,
        328090.9,
        290374.66,
        256730.36000000002,
        256752.71000000002,
        256492.13,
        259244.66,
        259246.51,
        259305.29,
        226169.64,
        226169.12,
        294722.14,
        226173.25,
        259177.47,
        291758.42,
        259227.95,
        259227.95
    ]
}