{
    "virtual_best": 5790.93,
    "single_best": 149046.82,
    "passive_learning": 109479.23000000001,
    "active_learning": [
        77647.59,
        75719.06,
        112667.26999999999,
        112587.12,
        151138.26,
        147927.17,
        112438.29000000001,
        148442.88,
        112549.19,
        111399.93,
        113451.79999999999,
        147351.8,
        111438.47,
        111365.59,
        111418.61000000002,
        111146.51999999999,
        110983.25,
        110980.78,
        75018.18,
        75072.53,
        110994.63,
        146956.64,
        146950.44,
        111264.76999999999,
        111260.61000000002,
        75493.14,
        75166.88,
        109913.34,
        73796.59,
        109479.76000000001
    ]
}