{
    "virtual_best": 8711.23,
    "single_best": 149064.64,
    "passive_learning": 329887.32,
    "active_learning": [
        182393.8,
        182378.47,
        182559.47999999998,
        250815.88,
        323520.15,
        287541.65,
        288202.59,
        287520.01,
        287591.98,
        287572.81,
        287482.45,
        215150.50999999998,
        287481.62,
        287513.08,
        218543.44999999998,
        182248.21,
        255008.58,
        254941.8,
        254917.71,
        254865.72,
        254863.71,
        327408.19,
        327477.56,
        329889.17000000004,
        329887.9,
        330602.4,
        330637.46,
        330597.83,
        329889.69,
        329887.85000000003
    ]
}