{
    "virtual_best": 6589.28,
    "single_best": 182699.94,
    "passive_learning": 106879.41,
    "active_learning": [
        107596.45999999999,
        107529.72,
        107426.48999999999,
        107323.91,
        107161.07,
        107446.78,
        107445.94,
        143268.53,
        143268.03,
        179192.57,
        178974.03,
        179141.86,
        143180.73,
        178929.13999999998,
        178916.44999999998,
        215027.08,
        179035.63999999998,
        214590.75,
        142918.1,
        178791.86,
        214749.16,
        178791.3,
        214749.21,
        142858.39,
        178816.25,
        142858.39,
        178816.25,
        142865.87,
        178822.78,
        178822.78
    ]
}