{
    "virtual_best": 1760.32,
    "single_best": 362476.34,
    "passive_learning": 2133.73,
    "active_learning": [
        145987.83,
        110632.81,
        109783.8,
        74784.93,
        37843.189999999995,
        37948.78999999999,
        73346.61,
        38086.09,
        2027.55,
        2031.23,
        2030.98,
        1989.55,
        1967.9499999999998,
        1967.9499999999998,
        1989.53,
        1967.9499999999998,
        1967.9499999999998,
        1967.9499999999998,
        37924.49,
        1989.57,
        1967.4399999999998,
        1967.9499999999998,
        1968.1,
        1967.9499999999998,
        1967.9499999999998,
        1967.9499999999998,
        1967.9499999999998,
        1967.3999999999999,
        1967.9499999999998,
        1967.9499999999998,
        1967.9499999999998,
        1967.9499999999998,
        1967.9499999999998,
        1967.3999999999999,
        1967.9499999999998,
        1967.9499999999998,
        1967.9499999999998,
        1967.9499999999998,
        1967.9499999999998,
        1967.9499999999998,
        1967.9499999999998,
        1967.9499999999998,
        1967.9499999999998,
        1967.9499999999998,
        1967.9499999999998,
        1967.9499999999998,
        1989.53,
        1967.59,
        1967.51,
        1991.37,
        1967.51,
        1968.6899999999998,
        2111.6000000000004,
        2111.6000000000004,
        2111.6000000000004,
        2118.9300000000003,
        2171.81,
        2133.73,
        2134.9100000000003,
        2134.9100000000003,
        2134.9100000000003,
        2134.9100000000003,
        2134.9100000000003
    ]
}