{
    "virtual_best": 7397.29,
    "single_best": 8170.07,
    "passive_learning": 227032.83,
    "active_learning": [
        480881.61000000004,
        480881.61000000004,
        262013.5,
        83170.83,
        8923.25,
        8204.59,
        10079.11,
        8204.59,
        8207.36,
        8205.039999999999,
        8205.039999999999,
        8206.93,
        8206.93,
        8206.93,
        8219.0,
        8206.93,
        8206.93,
        8206.93,
        8219.02,
        227082.5,
        8204.59,
        8206.93,
        227070.41,
        8206.93,
        8206.93,
        8206.93,
        8206.93,
        8206.93,
        8206.93,
        8206.93,
        8206.93,
        8206.93,
        8206.93,
        8206.93,
        8206.93,
        8206.93,
        8206.93,
        8206.93,
        8206.93,
        8206.93,
        8206.93,
        8206.93,
        8206.93,
        8206.93,
        8206.93,
        8206.93,
        8207.38,
        8206.93,
        8204.59,
        8207.36,
        8204.59,
        8206.93,
        224893.65,
        8267.08,
        8322.15,
        227130.54,
        116069.01,
        8324.49,
        8265.17,
        8267.51,
        8271.15,
        8324.960000000001,
        8324.960000000001
    ]
}