{
    "virtual_best": 7356.43,
    "single_best": 7987.78,
    "passive_learning": 8126.16,
    "active_learning": [
        8020.7300000000005,
        8020.7300000000005,
        8020.7300000000005,
        154633.52000000002,
        8020.68,
        8020.68,
        8020.68,
        8020.68,
        8020.68,
        8020.7,
        8020.63,
        8020.63,
        8020.63,
        8020.63,
        8020.63,
        8020.63,
        8020.63,
        8020.32,
        8095.02,
        8090.74,
        9201.38,
        8090.72,
        8090.72,
        8090.72,
        190659.80000000002,
        116911.43,
        190667.72,
        190667.7,
        370295.51999999996,
        260725.33000000002,
        8090.72,
        8090.7,
        8090.72
    ]
}