{
    "virtual_best": 4893.89,
    "single_best": 293509.1,
    "passive_learning": 75170.31999999999,
    "active_learning": [
        292081.45,
        218999.91,
        218888.36000000002,
        182923.04,
        74927.08,
        75034.59,
        75035.97,
        74928.03,
        75032.36,
        75045.95,
        75045.95999999999,
        75031.43,
        75032.77,
        75030.4,
        75029.76,
        75028.38,
        75030.72,
        75029.76,
        75181.73,
        75342.91,
        75287.70999999999,
        75342.92,
        111163.62,
        75287.68,
        111629.4,
        75602.19,
        75692.17,
        75706.59999999999,
        111443.63,
        111443.63,
        75285.04,
        75286.59,
        75286.59
    ]
}