{
    "virtual_best": 2167.91,
    "single_best": 259061.69,
    "passive_learning": 148108.84,
    "active_learning": [
        441540.04,
        439419.49,
        332356.63,
        294638.38999999996,
        222022.73,
        186711.78,
        222818.64,
        185854.61000000002,
        221221.43000000002,
        292037.16,
        183690.79,
        291715.45999999996,
        291592.91,
        255764.45,
        256028.06,
        220245.87000000002,
        183609.43000000002,
        76340.89,
        183875.56,
        147694.27000000002,
        183586.31,
        111716.01,
        111626.25,
        291147.44,
        147407.63,
        111480.22,
        147403.27000000002,
        147411.37000000002,
        111901.40999999999,
        148072.82,
        148082.07,
        148072.82,
        148072.82,
        148072.76,
        148072.82,
        148073.28,
        148072.76,
        148072.82,
        148072.82,
        148072.82,
        148072.82,
        148072.82,
        148072.82,
        148072.82,
        148072.82,
        148072.82,
        148072.82,
        147748.5,
        148072.76,
        148072.82,
        148072.82,
        148072.82,
        148072.82,
        148072.82,
        148072.82,
        148072.82,
        148072.82,
        148072.82,
        148072.82,
        148072.82,
        148072.76,
        148072.82
    ]
}