{
    "virtual_best": 3115.26,
    "single_best": 259567.76,
    "passive_learning": 474906.72,
    "active_learning": [
        807083.35,
        482354.99,
        447195.42,
        552849.75,
        299766.07999999996,
        585773.9199999999,
        477067.32999999996,
        262621.57,
        511091.01999999996,
        582726.61,
        654735.95,
        617415.91,
        547600.88,
        548620.94,
        510923.76,
        584497.98,
        511235.41,
        438690.85,
        368255.5,
        476168.57999999996,
        547173.0,
        438791.31,
        403147.64999999997,
        546469.58,
        547046.07,
        618809.07,
        583142.6799999999,
        582273.6699999999,
        546318.04,
        510593.32999999996,
        510614.79,
        474969.17,
        474969.17,
        474969.17,
        474968.24,
        438818.87,
        474969.17,
        474969.17,
        510656.74,
        403354.14999999997,
        510656.74,
        510349.47,
        510656.74,
        474969.17,
        510656.74,
        510656.74,
        474969.17,
        510669.04,
        474969.17,
        474969.17,
        474969.17,
        474969.17,
        474969.17,
        474969.17,
        474969.17,
        474969.17,
        474969.17,
        474969.17,
        474969.17,
        474969.17,
        474969.17,
        510656.74
    ]
}