{
    "virtual_best": 6866.3,
    "single_best": 117405.19,
    "passive_learning": 258276.13999999998,
    "active_learning": [
        221093.25,
        221197.7,
        187941.91,
        184095.91,
        184189.23,
        220702.57,
        182937.16,
        185424.09,
        183274.04,
        218958.53,
        254875.19,
        254807.59,
        218751.93,
        251609.22,
        251306.54,
        254737.28,
        287385.83999999997,
        185744.3,
        182769.13,
        251267.2,
        218711.21,
        219273.04,
        251262.63999999998,
        257622.09,
        323230.29,
        290866.70999999996,
        254793.63,
        255247.58,
        287856.61
    ]
}