{
    "virtual_best": 7765.21,
    "single_best": 111297.47,
    "passive_learning": 145293.07,
    "active_learning": [
        107804.0,
        72188.93,
        72210.15,
        72224.2,
        72163.64,
        74896.67,
        74896.86,
        72128.29000000001,
        72137.98999999999,
        35613.409999999996,
        107184.01,
        107339.89,
        143169.81,
        143097.63,
        143097.63,
        143197.34,
        143145.27000000002,
        142874.55,
        142903.59999999998,
        142884.32,
        143198.46,
        143198.95,
        143097.56,
        142821.02000000002,
        145148.01,
        145549.99,
        109710.77,
        111524.94,
        145155.8
    ]
}