{
    "virtual_best": 8119.39,
    "single_best": 148836.36,
    "passive_learning": 76428.67,
    "active_learning": [
        111066.42000000001,
        111124.19,
        109639.73000000001,
        109639.73000000001,
        109703.54000000001,
        146750.43,
        148103.3,
        113333.07,
        110734.75,
        108006.48000000001,
        109148.01999999999,
        109426.84,
        109416.53,
        109407.23000000001,
        109394.15,
        109444.04000000001,
        109481.85,
        109463.39000000001,
        109445.65,
        109574.89000000001,
        109568.48000000001,
        109523.76999999999,
        109573.67000000001,
        76896.48999999999,
        76823.53,
        76829.94,
        76830.1,
        76803.94,
        76851.83,
        76851.98999999999,
        76803.94,
        76803.94,
        76803.94,
        76803.94,
        76803.94,
        76803.94,
        76804.1,
        76804.1,
        76804.1,
        76804.1,
        76851.98999999999,
        76851.98999999999,
        76851.98999999999,
        76851.98999999999,
        76851.98999999999,
        76851.98999999999,
        76851.98999999999,
        76851.98999999999,
        76851.98999999999,
        76851.98999999999,
        76851.98999999999,
        76427.17,
        76427.17,
        76427.17,
        76427.17,
        76427.17,
        76427.17,
        76372.19,
        76326.13,
        76326.82,
        76327.33,
        76426.58,
        76324.41,
        76324.41,
        76428.67,
        76418.31
    ]
}