{
    "virtual_best": 10225.45,
    "single_best": 149760.65,
    "passive_learning": 257925.5,
    "active_learning": [
        259554.38999999998,
        259463.16,
        187797.72,
        187888.94999999998,
        187923.07,
        259623.9,
        187844.94999999998,
        259172.1,
        259172.21,
        187507.27,
        259260.38,
        257905.52,
        257484.47999999998,
        258997.78999999998,
        257471.41,
        257682.24,
        224722.02,
        259469.58,
        257950.03999999998,
        257980.13999999998,
        294760.89,
        326726.98,
        326733.95,
        291558.69,
        293197.26,
        260649.28,
        260630.41,
        261243.02,
        261241.35,
        261095.75,
        261042.94999999998,
        293989.5,
        293989.5,
        260980.71,
        260993.13999999998,
        260993.13999999998,
        260993.13999999998,
        260979.69,
        260979.69,
        260979.69,
        260979.69,
        261032.49,
        261034.35,
        261311.59,
        261311.59,
        261311.59,
        261311.59,
        261311.59,
        261258.3,
        225273.69,
        294294.24,
        294016.17,
        294016.17,
        294016.17,
        294016.17,
        294016.17,
        294016.17,
        224541.33,
        224867.8,
        224868.69999999998,
        224796.71,
        224921.93,
        257859.11,
        257859.16,
        257860.13,
        257893.58
    ]
}