{
    "virtual_best": 7656.33,
    "single_best": 8519.42,
    "passive_learning": 8536.730000000001,
    "active_learning": [
        8552.220000000001,
        227451.91,
        227481.22,
        227481.22,
        227494.4,
        8552.18,
        8585.900000000001,
        8552.130000000001,
        8552.18,
        8552.130000000001,
        8574.26,
        8585.92,
        8588.26,
        8576.62,
        8552.150000000001,
        8554.470000000001,
        8552.150000000001,
        8552.150000000001,
        8552.150000000001,
        8552.150000000001,
        8576.62,
        8588.26,
        8588.26,
        8576.62,
        8588.26,
        8553.33,
        8554.42,
        8554.49,
        8554.49,
        8554.49,
        8554.49,
        8554.49,
        8554.49,
        8554.49,
        8554.49,
        8554.49,
        8554.49,
        8554.49,
        8554.49,
        8554.49,
        8554.49,
        8554.49,
        8554.49,
        8554.49,
        8554.49,
        8659.900000000001,
        227421.42,
        80380.81,
        8603.400000000001,
        8557.94,
        44358.61,
        8615.19,
        8511.25,
        80310.45999999999,
        297293.38,
        8511.230000000001,
        152414.73,
        8511.230000000001,
        8560.26,
        8557.92
    ]
}