{
    "virtual_best": 2289.78,
    "single_best": 365785.03,
    "passive_learning": 110081.14,
    "active_learning": [
        110149.42,
        110053.58,
        110058.45999999999,
        110092.87,
        110090.42,
        74414.98,
        74419.85,
        74414.93,
        74414.08,
        110071.09,
        110071.53,
        110071.49,
        110071.42,
        110071.06999999999,
        110071.06999999999,
        110071.01,
        110066.7,
        110066.77,
        110065.8,
        110066.2,
        110066.34,
        110068.28,
        110068.31999999999,
        110067.56999999999,
        110067.64,
        110070.23,
        110070.19,
        110065.93,
        110065.93,
        110065.93,
        110065.93,
        110065.93,
        110065.93,
        110065.93,
        110065.93,
        110065.93,
        110065.93,
        110065.93,
        110065.93,
        110065.93,
        110065.93,
        110065.93,
        110065.93,
        110065.92,
        110065.92,
        110040.92,
        110041.93,
        110058.72,
        110066.03,
        110065.78,
        110065.91,
        110065.73,
        110065.76,
        110065.75,
        145821.9,
        110065.85,
        145822.35,
        110158.18,
        110065.73,
        110134.58
    ]
}