{
    "virtual_best": 4893.89,
    "single_best": 293509.1,
    "passive_learning": 75170.31999999999,
    "active_learning": [
        183214.79,
        218210.77000000002,
        183214.17,
        75038.67,
        75043.17,
        75085.4,
        74994.27,
        75533.01,
        74992.56,
        74989.27,
        74992.87,
        74989.3,
        75044.5,
        74990.65,
        74990.59,
        74990.68,
        74990.68,
        74987.62,
        74987.62,
        74987.62,
        74987.56,
        74987.63,
        74987.63,
        74986.94,
        74986.98,
        74987.26,
        74987.26,
        74989.59999999999,
        74990.26,
        74989.73,
        74975.83,
        75032.74,
        75032.77,
        75032.74,
        75032.74,
        75032.74,
        75032.74,
        75032.74,
        75032.74,
        75032.74,
        75032.74,
        75032.74,
        75032.74,
        75032.74,
        75032.74,
        75032.74,
        75032.74,
        75032.74,
        74975.2,
        74976.58,
        74962.04,
        74974.22,
        74976.56,
        75032.73,
        75269.93,
        75286.88,
        75284.53,
        111571.05,
        111571.05,
        111571.05,
        75283.19,
        75284.56999999999,
        75284.56999999999,
        75690.01,
        75691.39
    ]
}