{
    "virtual_best": 7356.43,
    "single_best": 7987.78,
    "passive_learning": 8126.16,
    "active_learning": [
        8020.68,
        8020.66,
        8020.68,
        8020.68,
        8020.66,
        8020.61,
        8020.61,
        8050.45,
        8020.63,
        47155.409999999996,
        8020.61,
        261297.82,
        8020.72,
        297189.52999999997,
        297189.52999999997,
        154180.08000000002,
        154180.08000000002,
        118353.59,
        118353.59,
        118353.59,
        118353.59,
        118353.59,
        8020.61,
        8020.68,
        80772.58,
        186468.43000000002,
        8020.65,
        8020.63,
        8020.63,
        8020.63,
        8020.63,
        8020.63,
        8020.63,
        8020.63,
        8020.63,
        8020.63,
        8020.63,
        8020.63,
        8020.63,
        8020.63,
        8020.63,
        8020.63,
        8020.63,
        8020.63,
        8020.63,
        8020.63,
        8020.63,
        8020.63,
        46638.1,
        8020.63,
        8023.65,
        8020.63,
        8043.21,
        46574.09,
        8146.89,
        8451.15,
        8090.7,
        190667.7,
        190667.77000000002,
        190667.7,
        8451.15,
        8451.17,
        8090.72,
        190667.72,
        116911.43
    ]
}