{
    "virtual_best": 5420.28,
    "single_best": 220470.78,
    "passive_learning": 5760.3,
    "active_learning": [
        113970.56,
        77949.86,
        75920.96,
        39544.79,
        39546.79,
        5938.63,
        39906.25,
        5744.56,
        5748.56,
        5729.2300000000005,
        39689.649999999994,
        5641.13,
        39689.799999999996,
        5729.18,
        5729.1900000000005,
        5728.88,
        5728.9400000000005,
        39695.899999999994,
        39720.869999999995,
        39695.899999999994,
        39721.119999999995,
        5760.3,
        39720.979999999996,
        5760.87,
        5761.12,
        5733.88,
        5760.55,
        5760.55,
        5760.55,
        5760.55,
        5760.87,
        5760.81,
        5760.81,
        5760.81,
        5760.81
    ]
}