{
    "virtual_best": 7330.3,
    "single_best": 8027.59,
    "passive_learning": 226877.9,
    "active_learning": [
        8059.45,
        8059.47,
        8059.47,
        478096.18,
        259232.73,
        259204.49,
        259266.85,
        8059.400000000001,
        8062.1900000000005,
        8059.400000000001,
        8059.85,
        8059.400000000001,
        8059.400000000001,
        8059.400000000001,
        8059.400000000001,
        8059.400000000001,
        8060.4800000000005,
        7993.64,
        8049.89,
        8009.93,
        8049.89,
        8024.97,
        8024.97,
        117661.37000000001,
        8030.81,
        8009.93,
        8370.4,
        8047.55,
        8047.57,
        8047.55,
        8059.1900000000005,
        8025.4400000000005,
        8025.4400000000005,
        8025.4400000000005,
        8025.4400000000005
    ]
}