{
    "virtual_best": 1485.92,
    "single_best": 290775.64,
    "passive_learning": 75737.86,
    "active_learning": [
        221073.03,
        74522.8,
        2679.8799999999997,
        110354.17,
        74432.64,
        74405.76000000001,
        110195.55,
        73935.42,
        73930.46,
        37942.97,
        1939.22,
        37942.98,
        1944.3700000000001,
        37960.19,
        1962.93,
        1962.93,
        1962.93,
        37960.600000000006,
        38003.82000000001,
        2006.17,
        1988.14,
        1988.48,
        1988.48,
        1988.48,
        1988.48,
        1988.48,
        1988.48,
        1988.48,
        1988.48,
        1945.26,
        1945.26,
        1945.3100000000002,
        1945.26,
        37949.04,
        37949.04,
        37949.04,
        37949.04,
        37949.04,
        37949.04,
        37949.04,
        37949.04,
        37949.04,
        37949.04,
        37949.04,
        37949.04,
        37949.04,
        37951.96000000001,
        37947.72,
        1950.0,
        1950.0,
        37947.73,
        1950.02,
        1950.02,
        1949.51,
        1943.45,
        1909.88,
        1903.2900000000002,
        1910.01,
        1903.2900000000002,
        1909.9,
        1953.1200000000001,
        1909.9,
        1952.99,
        1909.77
    ]
}