{
    "virtual_best": 7151.22,
    "single_best": 7908.92,
    "passive_learning": 8050.610000000001,
    "active_learning": [
        370922.24,
        370896.1,
        370896.07999999996,
        370861.62,
        370844.8,
        370896.05,
        372591.25,
        370895.87,
        370895.81,
        370888.39999999997,
        370854.51999999996,
        370873.35,
        370828.97,
        370828.36,
        370811.81999999995,
        226977.3,
        370875.25,
        370875.25,
        370849.44999999995,
        442491.95999999996,
        370842.64999999997,
        261562.16,
        226926.92,
        370675.75999999995,
        151839.11000000002,
        44120.14,
        516308.98,
        370772.47,
        370803.1,
        370773.05,
        225627.5,
        225627.5,
        370734.68999999994,
        370734.68999999994,
        370734.68999999994,
        370734.68999999994,
        334893.11,
        299091.56,
        299091.56,
        299091.56,
        299091.56,
        299091.56,
        299091.56,
        299091.56,
        299091.56,
        299091.56,
        299091.56,
        299091.56,
        299091.56,
        299091.56,
        299091.56,
        299091.56,
        299091.56,
        299091.56,
        299091.56,
        299091.56,
        299091.56,
        299091.56,
        299091.56,
        299091.56,
        370764.16,
        480282.52999999997,
        8021.490000000001,
        8021.490000000001,
        44116.58,
        370734.68999999994,
        44116.58,
        370737.02999999997,
        8247.029999999999,
        43864.53,
        8031.55,
        8048.29,
        153155.5,
        8086.64,
        8088.96,
        8088.96,
        8031.530000000001
    ]
}