{
    "virtual_best": 3996.35,
    "single_best": 257640.6,
    "passive_learning": 4378.38,
    "active_learning": [
        254471.36000000002,
        218945.99,
        218419.67,
        219517.44,
        219540.74,
        219641.15,
        219609.45,
        219517.52,
        219517.92,
        219517.92,
        219677.39,
        219503.32,
        183270.51,
        219268.46,
        183273.98,
        112023.81,
        183328.81,
        183328.92,
        183293.5,
        183293.5,
        183324.74,
        183305.54,
        112054.6,
        182079.89,
        147638.74,
        147650.53,
        147424.15,
        147679.68,
        147656.13,
        147679.68,
        147659.93,
        147659.93,
        147659.93,
        147659.93,
        147659.93,
        147659.93,
        147661.66,
        147661.66,
        111662.21,
        111663.94,
        147661.66,
        147661.66,
        147661.66,
        147661.66,
        147661.66,
        147661.66,
        147661.66,
        147661.66,
        147661.66,
        147661.66,
        147661.66,
        147661.66,
        147661.66,
        147661.66,
        147661.66,
        147661.66,
        147661.66,
        147661.66,
        147661.66,
        147661.66,
        111665.62,
        40167.270000000004,
        4395.91,
        4388.58,
        111637.34,
        147634.3,
        111637.09,
        111637.15,
        4474.570000000001,
        40041.19,
        4378.43,
        4378.400000000001,
        4378.43,
        4378.43,
        4378.400000000001,
        4378.400000000001,
        4378.400000000001
    ]
}