{
    "virtual_best": 5469.37,
    "single_best": 146550.09,
    "passive_learning": 70337.17,
    "active_learning": [
        216359.13999999998,
        216847.96,
        216847.96,
        216877.55,
        213736.78,
        216796.22999999998,
        177675.41999999998,
        177715.81999999998,
        69455.26,
        69455.02,
        69492.06,
        69477.95999999999,
        69475.89,
        69477.33,
        69501.11,
        69485.45999999999,
        69472.99,
        69485.19,
        69477.72,
        69490.72,
        69490.72,
        69490.72,
        69490.72,
        69490.19,
        69490.19,
        69485.49,
        69489.45999999999,
        72544.34999999999,
        72544.34999999999,
        72544.34999999999,
        72545.08,
        69477.72,
        69472.70999999999,
        69477.72,
        69478.11,
        73507.34,
        72781.91,
        72781.91,
        73507.34,
        73507.34,
        73507.34,
        73507.34,
        73507.34,
        73507.34,
        73507.34,
        73507.34,
        73485.02,
        73485.02,
        73485.02,
        73485.02,
        70491.98,
        70494.81,
        70498.98,
        70489.81,
        70463.5,
        70467.98,
        70313.08,
        70328.36,
        70313.08,
        70317.25
    ]
}