{
    "virtual_best": 9679.24,
    "single_best": 113986.92,
    "passive_learning": 290621.36,
    "active_learning": [
        181928.66999999998,
        217997.83,
        217998.97,
        217984.87,
        217912.93,
        218021.15999999997,
        222004.22,
        254567.22999999998,
        254017.62,
        254807.69999999998,
        254696.33,
        254856.36,
        219092.47,
        290934.32,
        327105.10000000003,
        327328.21,
        363293.43,
        295208.76,
        362853.3,
        362857.35000000003,
        362904.63,
        434851.96,
        398642.22000000003,
        434607.98000000004,
        326635.28,
        291593.19,
        326665.10000000003,
        363038.62,
        258829.59,
        294673.27,
        330495.21,
        254512.69999999998,
        254512.69999999998,
        254923.24,
        254507.37,
        290504.76,
        290426.63,
        290427.21,
        290761.02,
        290761.02,
        290761.02,
        290761.02,
        290761.02,
        290761.02,
        290761.02,
        290761.02,
        290761.02,
        290761.02,
        290761.02,
        290761.02,
        326907.57,
        290887.67,
        290873.3,
        326867.75,
        290804.31,
        290862.01,
        290606.49,
        290615.97000000003,
        290611.93,
        290615.97000000003
    ]
}