{
    "virtual_best": 3567.06,
    "single_best": 295316.47,
    "passive_learning": 42093.22,
    "active_learning": [
        402840.95,
        473559.64,
        294081.63,
        257023.61,
        185603.69999999998,
        221040.13,
        113613.77,
        113801.26000000001,
        149907.88,
        78237.59000000001,
        78792.31000000001,
        78361.71,
        78396.15000000001,
        42329.1,
        6153.45,
        6144.78,
        113111.35,
        6348.67,
        113686.09000000001,
        77941.69,
        6371.53,
        42001.68,
        6305.91,
        5909.49,
        6129.87,
        6532.31,
        6386.4800000000005,
        6289.2300000000005,
        6289.2300000000005,
        6289.2300000000005,
        6289.2300000000005,
        6289.2300000000005,
        6289.2300000000005,
        6436.89,
        6436.89,
        6436.89,
        6436.89,
        6436.89,
        6436.89,
        6436.89,
        6436.89,
        6436.89,
        6436.89,
        6436.89,
        6436.89,
        6436.89,
        6436.89,
        6436.89,
        6436.89,
        6436.89,
        6265.68
    ]
}