{
    "virtual_best": 2823.67,
    "single_best": 259329.19,
    "passive_learning": 295285.61000000004,
    "active_learning": [
        628127.85,
        340214.54000000004,
        157940.44999999998,
        260268.56999999998,
        295472.44,
        259644.94,
        331829.07,
        402271.63,
        438772.52,
        330925.73000000004,
        331043.97000000003,
        329733.87,
        259083.5,
        187190.35,
        294181.93,
        295178.65,
        329852.27,
        366302.31,
        258660.12,
        329589.60000000003,
        365590.19,
        329830.82,
        366377.25,
        259486.8,
        259259.78,
        258647.83,
        366564.65,
        259451.66,
        259451.66,
        259451.66,
        259451.66,
        259451.66,
        259452.12,
        259452.12,
        259452.12,
        259452.12,
        259452.12,
        259452.12,
        259452.12,
        259452.12,
        259452.12,
        259452.12,
        259452.12,
        259452.12,
        259452.12,
        259452.12,
        259452.12,
        259452.12,
        259452.12,
        259452.12,
        367736.09
    ]
}