{
    "virtual_best": 7613.0,
    "single_best": 8357.68,
    "passive_learning": 8398.44,
    "active_learning": [
        261666.96,
        261666.96,
        226292.56,
        261666.97999999998,
        261667.03,
        261667.03,
        261666.96,
        261666.96,
        261669.3,
        261669.3,
        261669.3,
        261669.3,
        261676.37,
        261666.96,
        261669.3,
        226292.56,
        261669.3,
        261669.3,
        261669.3,
        261669.3,
        261669.3,
        261669.3,
        261669.3,
        261669.3,
        262366.44,
        261669.3,
        262365.99,
        119174.84,
        119174.84,
        119174.84,
        119174.84,
        119174.84,
        119174.84,
        119174.84,
        119174.84,
        119174.84,
        119174.84,
        119174.84,
        119174.84,
        119174.84,
        119174.84,
        119174.84,
        119174.84,
        8389.79,
        8389.79,
        8389.79,
        8389.79,
        8390.24,
        8424.03,
        8412.37,
        8414.710000000001,
        8503.43,
        8449.94,
        8455.9,
        8449.94,
        8449.94,
        8452.28,
        8398.49,
        8507.35,
        8507.35
    ]
}