{
    "virtual_best": 2137.33,
    "single_best": 295340.47,
    "passive_learning": 2382.77,
    "active_learning": [
        75682.51999999999,
        75681.76,
        39785.95,
        110319.06,
        74585.84999999999,
        75806.34999999999,
        75540.85999999999,
        75541.01999999999,
        75584.43,
        75366.34999999999,
        75364.10999999999,
        74144.25,
        74087.12999999999,
        74141.06999999999,
        74141.7,
        38250.23,
        74084.79,
        74084.79,
        74115.15,
        74141.93999999999,
        74141.23,
        74141.23,
        74141.93999999999,
        74141.23,
        74135.9,
        74085.90999999999,
        74105.87,
        38198.21,
        38228.24,
        38228.24,
        38228.24,
        38228.24,
        38228.24,
        38228.24,
        38228.24,
        38228.24,
        38228.24,
        38228.24,
        38228.24,
        38228.24,
        38228.24,
        38228.24,
        38228.24,
        2306.69,
        2282.73,
        2301.0699999999997,
        2362.9199999999996,
        2323.7799999999997,
        2324.1099999999997,
        2308.5699999999997,
        2278.0499999999997,
        2281.91,
        2379.18,
        2411.9199999999996,
        2427.68,
        2602.35,
        2571.08,
        2451.46,
        2375.41,
        2433.12
    ]
}