{
    "virtual_best": 3226.28,
    "single_best": 402442.65,
    "passive_learning": 113356.73000000001,
    "active_learning": [
        508397.88,
        400494.74,
        435493.64,
        328373.15,
        328125.81,
        185450.87,
        291858.95,
        220407.63999999998,
        219998.31999999998,
        148599.75999999998,
        148864.36,
        148539.84,
        149398.22,
        186056.69,
        186198.63999999998,
        184930.91,
        185715.31,
        149912.22999999998,
        185713.86,
        221675.49,
        149348.03999999998,
        150061.81999999998,
        113729.69,
        150037.72999999998,
        113810.48000000001,
        113792.73000000001,
        185680.84999999998,
        185212.18,
        185307.62,
        185324.19,
        185323.81999999998,
        185323.81999999998,
        185323.81999999998,
        185323.81999999998,
        185323.81999999998,
        185323.81999999998,
        185323.81999999998,
        185323.81999999998,
        185323.81999999998,
        185323.81999999998,
        185323.81999999998,
        185323.81999999998,
        185323.81999999998,
        185323.81999999998,
        185323.81999999998,
        185323.81999999998,
        185323.81999999998,
        185323.81999999998,
        185323.81999999998,
        185323.81999999998,
        185323.81999999998,
        185323.81999999998,
        185323.81999999998,
        185323.81999999998,
        185323.81999999998,
        113487.58,
        77548.99,
        113357.23000000001,
        113768.46,
        77757.28
    ]
}