{
    "virtual_best": 2975.27,
    "single_best": 295152.86,
    "passive_learning": 473511.34,
    "active_learning": [
        802298.8200000001,
        728215.68,
        513544.44,
        510329.36000000004,
        365574.60000000003,
        365418.07,
        329959.05000000005,
        294139.16000000003,
        294730.09,
        366395.48000000004,
        474283.60000000003,
        366175.66000000003,
        365733.57,
        472951.0,
        365471.77,
        437593.48000000004,
        509671.54000000004,
        438188.56,
        437692.07,
        401702.07,
        401398.79000000004,
        329553.04000000004,
        365781.13,
        400941.30000000005,
        365100.82,
        401552.37,
        436672.67000000004,
        436699.93,
        436422.02,
        472138.94,
        400675.32,
        400675.32,
        400675.32,
        400675.32,
        400675.32,
        400675.32,
        400675.32,
        400675.32,
        400675.32,
        400675.32,
        400675.32,
        400675.32,
        400675.32,
        400675.32,
        400675.32,
        400675.32,
        400675.32,
        400675.32,
        400675.32,
        400675.32,
        400675.32,
        400675.32,
        400675.32,
        400675.32,
        400675.32,
        402782.09,
        402439.89,
        402126.81,
        366164.02,
        366048.81
    ]
}