{
    "virtual_best": 2979.95,
    "single_best": 295728.79,
    "passive_learning": 257882.81,
    "active_learning": [
        515461.38,
        438492.03,
        223444.59,
        330772.66000000003,
        152170.78,
        295029.98,
        260775.12,
        367350.17,
        295380.28,
        152593.29,
        188009.34,
        259784.96000000002,
        259233.1,
        403260.75,
        438174.26,
        330608.07,
        366607.33,
        294986.88,
        294699.62,
        366936.92
    ]
}