{
    "virtual_best": 3462.39,
    "single_best": 363281.14,
    "passive_learning": 148146.47,
    "active_learning": [
        473116.10000000003,
        148578.07,
        255832.55000000002,
        220833.26,
        183713.98,
        184053.47,
        220195.90000000002,
        184372.75,
        255825.71000000002,
        148102.68000000002,
        147918.58000000002,
        112400.87999999999,
        148348.90000000002,
        148241.55000000002,
        183898.71000000002,
        148759.98,
        148190.23,
        112757.12,
        148924.26,
        148898.59
    ]
}