{
    "virtual_best": 3300.92,
    "single_best": 328709.16,
    "passive_learning": 3709.53,
    "active_learning": [
        219535.69,
        148377.28,
        147969.78,
        146674.56000000003,
        146855.31000000003,
        146676.35,
        146676.35,
        146674.54,
        146674.39,
        146820.84000000003,
        111882.14,
        75712.42,
        39748.96,
        39748.97,
        75746.62,
        75746.61,
        39748.85,
        39748.88,
        39719.93,
        39719.93,
        38533.2,
        74532.92,
        38561.869999999995,
        38561.97,
        38561.979999999996,
        38561.979999999996,
        38561.979999999996,
        38561.979999999996,
        38561.979999999996,
        38561.979999999996,
        38561.979999999996,
        38561.979999999996,
        38561.979999999996,
        38561.979999999996,
        38561.979999999996,
        38561.979999999996,
        38561.979999999996,
        38561.979999999996,
        38561.979999999996,
        38561.979999999996,
        38561.979999999996,
        38561.979999999996,
        38561.979999999996,
        39805.229999999996,
        38497.85,
        3684.03,
        38526.09,
        38497.29,
        38526.79,
        3681.27,
        3744.04,
        3655.7200000000003,
        3710.09,
        3710.08,
        3601.79,
        3684.14,
        3681.42,
        3637.13,
        3601.66,
        3601.66
    ]
}