{
    "virtual_best": 7686.17,
    "single_best": 8398.46,
    "passive_learning": 8388.54,
    "active_learning": [
        333592.7,
        259377.53,
        8431.88,
        8431.86,
        8431.86,
        8431.86,
        8431.86,
        8431.86,
        8434.13,
        8434.13,
        8457.64,
        44325.84,
        8431.81,
        8431.81,
        8431.81,
        8431.86,
        8431.86,
        8431.86,
        8431.79,
        8431.79,
        8431.79,
        8434.13,
        8431.79,
        8434.13,
        8434.13,
        8434.13,
        8434.13,
        8434.13,
        8434.13,
        8434.13,
        8434.13,
        8434.13,
        8434.13,
        8434.13,
        8434.13,
        8434.13,
        8434.13,
        8434.13,
        8434.13,
        8434.13,
        8434.13,
        8434.13,
        8434.13,
        45677.909999999996,
        8431.81,
        8434.13,
        8434.15,
        8431.81,
        8456.710000000001,
        8431.79,
        8373.52,
        8373.52,
        8373.52,
        8392.58,
        8373.5,
        8373.5,
        8392.58,
        8371.16,
        8371.18,
        8371.18
    ]
}