{
    "virtual_best": 8711.23,
    "single_best": 149064.64,
    "passive_learning": 329887.32,
    "active_learning": [
        292363.9,
        292435.52,
        292646.0,
        292447.55,
        292607.87,
        292560.10000000003,
        328421.03,
        329380.08,
        361955.83,
        397918.94,
        397813.52,
        397806.82,
        329417.23000000004,
        398453.2,
        326456.16000000003,
        328841.47000000003,
        293873.34,
        260819.02,
        329201.19,
        329812.56,
        362391.71,
        329870.85000000003,
        362442.73000000004,
        362443.31,
        329433.94,
        329434.52,
        329435.79000000004,
        362443.21,
        362443.21,
        362443.21
    ]
}