{
    "virtual_best": 6589.28,
    "single_best": 182699.94,
    "passive_learning": 106879.41,
    "active_learning": [
        325674.24000000005,
        325674.24000000005,
        325613.4,
        289920.95,
        289901.75,
        289902.88,
        289888.96,
        289888.96,
        289141.38,
        253184.12,
        253193.34,
        288716.62,
        252791.56,
        252754.86,
        288712.48,
        287493.76,
        142968.32,
        143127.49,
        142805.96,
        178644.61,
        142961.14,
        142700.38,
        214640.50999999998,
        142716.02,
        106765.56,
        106763.36000000002,
        142840.9,
        142748.74,
        142748.74,
        142748.74
    ]
}