{
    "virtual_best": 7356.43,
    "single_best": 7987.78,
    "passive_learning": 8126.16,
    "active_learning": [
        8020.7300000000005,
        8020.7300000000005,
        8020.7300000000005,
        8020.7300000000005,
        8020.7300000000005,
        8020.68,
        8020.68,
        8020.7,
        8020.7,
        8020.7,
        8054.87,
        8020.65,
        8020.63,
        8020.63,
        8020.63,
        8020.63,
        8020.63,
        8020.63,
        8020.63,
        8020.63,
        8020.63,
        8020.63,
        8020.63,
        8020.63,
        8020.63,
        8020.63,
        8020.63,
        8020.63,
        8020.63,
        8020.63,
        8020.63,
        8020.63,
        8020.63,
        8020.63,
        8020.63,
        8020.63,
        8020.63,
        8020.63,
        8020.63,
        8020.63,
        8020.63,
        8020.32,
        8020.63,
        8020.63,
        8020.63,
        8020.63,
        7955.28,
        115714.56999999999,
        8148.15,
        8148.15,
        8065.15,
        8090.7,
        8148.15,
        8148.15
    ]
}