{
    "virtual_best": 4893.89,
    "single_best": 293509.1,
    "passive_learning": 75170.31999999999,
    "active_learning": [
        328101.75,
        219934.65000000002,
        219929.71000000002,
        183276.56000000003,
        183147.01,
        74977.52,
        74977.5,
        74977.83,
        74977.77,
        74977.81999999999,
        74977.76,
        75516.68,
        74975.48,
        75029.73,
        75032.09,
        75032.09,
        75028.38,
        75029.76,
        75032.09999999999,
        75032.06,
        75032.09999999999,
        75032.09999999999,
        75030.72,
        75030.72,
        75030.72,
        75030.67,
        75030.67,
        75030.67,
        75030.67,
        75028.37,
        75028.33,
        75028.33,
        75028.33,
        75028.33,
        75028.33,
        75028.33,
        75028.33,
        75028.34,
        75028.33,
        75028.33,
        75028.06999999999,
        75028.37,
        75029.75,
        75029.76,
        75029.76,
        75029.76,
        75046.34999999999,
        75167.97,
        75195.36,
        75167.97,
        75287.68,
        75287.68,
        75167.97,
        75167.97
    ]
}