{
    "virtual_best": 6836.92,
    "single_best": 73100.59,
    "passive_learning": 105364.01999999999,
    "active_learning": [
        105441.64000000001,
        70637.62,
        109151.88,
        106393.41,
        143770.15,
        141279.02,
        141279.12,
        141447.49,
        105444.44,
        105460.39000000001,
        105468.70999999999,
        105469.04999999999,
        141423.96,
        105396.07999999999,
        105426.15,
        141436.46,
        105438.73000000001,
        105440.16,
        105442.62,
        105317.56,
        105269.57,
        105286.04999999999,
        105268.1,
        105341.48000000001,
        105363.20000000001,
        105308.13,
        105320.57,
        105383.09,
        105383.09,
        105323.16
    ]
}