{
    "virtual_best": 10042.46,
    "single_best": 149895.87,
    "passive_learning": 329461.06,
    "active_learning": [
        185170.33000000002,
        113061.4,
        185451.25,
        259314.92,
        222019.74000000002,
        223298.31,
        223256.71000000002,
        288798.58999999997,
        289226.76,
        220502.47,
        220124.24000000002,
        256201.65,
        288430.96,
        255839.97,
        257329.76,
        221679.14,
        256557.69,
        255275.39,
        255532.21000000002,
        291525.52999999997,
        293942.98,
        294228.93,
        293907.39999999997,
        329761.60000000003,
        329558.49,
        329458.71,
        329459.24,
        329465.97000000003,
        329465.97000000003,
        329387.62
    ]
}