{
    "virtual_best": 9679.24,
    "single_best": 113986.92,
    "passive_learning": 290621.36,
    "active_learning": [
        218090.61,
        217338.52,
        218020.90999999997,
        254070.84999999998,
        183280.38999999998,
        219189.37999999998,
        218976.34,
        399187.89,
        363510.01,
        363791.78,
        219678.9,
        255664.37,
        291626.33,
        258435.62999999998,
        294096.17,
        363645.45,
        258450.62999999998,
        326713.19,
        291071.14,
        291743.27,
        291786.56,
        327441.8,
        327498.87,
        291727.28,
        290616.55,
        290556.15,
        290546.73,
        290935.42,
        290939.46
    ]
}