{
    "virtual_best": 5469.37,
    "single_best": 146550.09,
    "passive_learning": 70337.17,
    "active_learning": [
        216862.74,
        216802.34999999998,
        216799.78999999998,
        216196.09,
        216158.84999999998,
        213286.55,
        177311.37,
        69535.14,
        69372.27,
        141299.83,
        105343.16,
        69353.2,
        69498.27,
        69369.68,
        69533.38,
        69497.94,
        69501.65,
        69474.95999999999,
        70437.16,
        69488.3,
        70442.16,
        69493.03,
        70476.79,
        70475.95,
        73392.92,
        70341.86,
        70337.7,
        70341.34,
        69390.08
    ]
}