{
    "virtual_best": 6994.92,
    "single_best": 111623.33,
    "passive_learning": 141401.25,
    "active_learning": [
        249514.13,
        213603.73,
        249637.93,
        249553.76,
        213601.04,
        249249.59,
        249305.85,
        177515.09,
        177545.68,
        141643.72,
        141652.86,
        141260.41,
        141540.62,
        141540.62,
        141428.73,
        141540.62,
        141430.4,
        177391.83000000002,
        213387.69,
        213417.34,
        141433.97,
        177378.24,
        141454.23,
        177409.62,
        141219.71,
        141197.75,
        177356.80000000002,
        141394.91,
        141394.91
    ]
}