{
    "virtual_best": 9258.7,
    "single_best": 149765.94,
    "passive_learning": 293510.08999999997,
    "active_learning": [
        253699.44,
        326032.72000000003,
        289954.16,
        289996.51,
        326045.9,
        325360.56,
        326083.63,
        323653.18,
        290079.19,
        326845.77,
        326695.78,
        362698.65,
        362445.53,
        326148.57,
        293649.07,
        329475.98,
        329451.55,
        329231.43,
        329446.4,
        365441.76,
        329465.82,
        365456.21,
        329496.06,
        329816.48,
        365484.86,
        329541.76,
        365486.85,
        329545.15,
        329544.62
    ]
}