{
    "virtual_best": 2894.76,
    "single_best": 294907.65,
    "passive_learning": 330167.83,
    "active_learning": [
        304573.8,
        265323.13,
        302026.35,
        302331.85,
        259901.05,
        301767.37,
        335509.52999999997,
        401593.5,
        366105.39999999997,
        366829.98,
        437525.19,
        294371.38,
        330060.33999999997,
        330987.83999999997,
        293845.83,
        294032.43,
        293467.52,
        293970.66,
        329968.1,
        295436.18,
        295334.19,
        438223.95,
        402073.14,
        366215.89999999997,
        438364.17,
        437623.85,
        437598.22,
        402055.6,
        366459.3,
        330442.32,
        330442.32,
        366405.7,
        366405.7,
        366405.7,
        366405.7,
        366405.7,
        366405.7,
        366405.7,
        330442.32,
        366407.75,
        366405.7,
        330442.32,
        366405.7,
        366405.7,
        330454.0,
        366405.7,
        366405.7,
        366398.75,
        366407.75,
        366405.7,
        366405.7,
        366405.7,
        366405.7,
        366403.5,
        366405.7,
        330471.77,
        366405.7,
        366405.7,
        366405.7,
        366405.7
    ]
}