{
    "virtual_best": 3160.67,
    "single_best": 435887.33,
    "passive_learning": 256401.22,
    "active_learning": [
        510080.63,
        401634.2,
        258661.24,
        365570.49,
        293987.98,
        151105.03999999998,
        150320.5,
        185351.63,
        221843.94,
        221468.88999999998,
        293049.72,
        256421.55,
        221485.18,
        220823.97999999998,
        256408.25999999998,
        220823.08,
        221367.38,
        220571.88999999998,
        256579.55,
        149248.6,
        184886.16999999998,
        220140.69999999998,
        184582.0,
        184724.55,
        112956.31999999999,
        256762.9,
        220838.22999999998,
        220829.94999999998,
        220820.22999999998,
        184993.63,
        184993.63,
        184993.63,
        184993.63,
        184993.63,
        184993.63,
        184993.63,
        184993.63,
        184993.63,
        184993.63,
        184993.63,
        184993.63,
        184993.63,
        185476.13,
        184993.63,
        185006.97,
        185489.47,
        184993.63,
        185006.97,
        184993.63,
        184993.63,
        149060.69,
        184993.63,
        184993.63,
        184993.63,
        184993.63,
        184993.63,
        185476.13,
        184993.63,
        184993.63,
        184993.63
    ]
}