{
    "virtual_best": 4777.77,
    "single_best": 145629.69,
    "passive_learning": 145732.81,
    "active_learning": [
        254243.53,
        182202.47,
        182279.61000000002,
        182409.85,
        182408.41,
        182451.9,
        181970.39,
        143293.35,
        145841.89,
        145843.29,
        145843.29,
        145763.95,
        108164.96,
        108277.93000000001,
        108265.75,
        109910.84,
        109867.83,
        109868.27,
        145810.33000000002,
        109811.32,
        181727.81,
        181741.8,
        145734.47999999998,
        145732.79,
        145734.46000000002,
        145732.79,
        145732.79,
        145732.6
    ]
}