{
    "virtual_best": 10229.62,
    "single_best": 149986.91,
    "passive_learning": 399949.68000000005,
    "active_learning": [
        220417.93,
        222556.75,
        222527.79,
        220127.06,
        222552.23,
        221701.24,
        221762.51,
        258582.66,
        222684.1,
        256652.47,
        257153.28,
        257098.64,
        257416.71,
        257170.67,
        257106.61000000002,
        257003.51,
        256942.68,
        296004.2,
        295962.1,
        296008.12,
        332184.06999999995,
        367377.56000000006,
        331871.99,
        399946.33999999997,
        399942.11,
        399941.53,
        364416.22,
        364458.93000000005
    ]
}