{
    "virtual_best": 10329.46,
    "single_best": 149943.04,
    "passive_learning": 223247.83000000002,
    "active_learning": [
        289557.22,
        290225.45,
        289813.46,
        289797.27,
        258677.39,
        186048.88,
        185893.66,
        256155.86000000002,
        184092.84,
        256595.66,
        290212.76,
        184196.97,
        151136.89,
        224498.33000000002,
        256981.65000000002,
        290031.65,
        290022.85,
        256304.69,
        256758.07,
        289306.92,
        256751.51,
        256745.64,
        225599.88,
        259168.2,
        258606.95,
        258608.78,
        258644.36000000002,
        259156.66,
        226240.88,
        262240.33,
        258762.83000000002,
        226207.42,
        226209.27000000002,
        259272.47,
        259272.47,
        259272.47,
        259272.47,
        259272.47,
        259272.47,
        259272.47,
        259272.47,
        259272.47,
        259272.47,
        259272.47,
        259272.47,
        259272.47,
        259272.47,
        259272.47,
        259274.32,
        259274.32,
        259274.32,
        259274.32,
        259274.32,
        259274.32,
        226161.25,
        259169.08000000002,
        259163.75,
        226155.92,
        327781.58,
        291782.88
    ]
}