{
    "virtual_best": 5790.93,
    "single_best": 149046.82,
    "passive_learning": 109479.23000000001,
    "active_learning": [
        112611.87,
        151840.71,
        117329.18,
        118654.12,
        153694.15,
        80469.13,
        114649.47,
        114533.98000000001,
        114539.76000000001,
        79316.73000000001,
        114651.63,
        115703.53,
        150352.79,
        150570.66,
        150073.49,
        150264.24,
        150310.55,
        186133.18000000002,
        186133.18000000002,
        150134.35,
        115382.72,
        150217.24,
        147067.44,
        147067.44,
        111082.54999999999,
        111082.54999999999,
        111082.54999999999,
        146978.38,
        111062.43,
        111062.43,
        111062.43,
        111062.43,
        111062.43,
        111062.43,
        111177.93,
        111177.93,
        111177.93,
        111062.43,
        111062.43,
        111062.43,
        111062.43,
        111062.43,
        111062.43,
        111062.43,
        111062.43,
        111062.43,
        111062.43,
        111062.43,
        111073.6,
        111073.6,
        111069.43,
        111069.43,
        111069.43,
        111069.43,
        111178.23999999999,
        147137.18,
        75188.34,
        75482.13,
        73322.67000000001,
        73319.70000000001
    ]
}