{
    "virtual_best": 7326.23,
    "single_best": 8091.91,
    "passive_learning": 44048.51,
    "active_learning": [
        329456.04,
        153134.41,
        8124.01,
        8124.03,
        8124.03,
        8124.03,
        8820.720000000001,
        8820.720000000001,
        8124.03,
        8328.44,
        154032.24,
        154038.93,
        8124.03,
        8124.03,
        154028.4,
        8124.05,
        8124.03,
        8124.03,
        8124.03,
        8124.03,
        8124.03,
        8124.03,
        8124.03,
        8124.03,
        8124.05,
        8124.03,
        8124.03,
        8124.03,
        8124.03,
        8124.03,
        8124.05,
        8124.05,
        8124.05,
        8124.05,
        8124.05,
        8124.05,
        8124.05,
        8124.05,
        8124.05,
        8124.05,
        8124.05,
        8124.05,
        8124.05,
        8124.05,
        8124.03,
        8126.37,
        8126.37,
        8148.95,
        8148.95,
        8178.55,
        8134.65,
        8171.21,
        8171.21,
        8136.99,
        8235.43,
        8134.65,
        8085.97,
        8159.57,
        8157.23,
        8157.23
    ]
}