{
    "virtual_best": 4732.94,
    "single_best": 293391.25,
    "passive_learning": 5095.55,
    "active_learning": [
        328234.83,
        183048.11,
        184386.26,
        112512.83,
        112476.40999999999,
        112430.09999999999,
        76698.70999999999,
        146017.0,
        75454.26,
        74029.69,
        74470.04999999999,
        74476.18,
        39584.23,
        39584.3,
        76033.25,
        5029.45,
        40778.41,
        40772.12,
        4996.97,
        39560.15,
        39560.240000000005,
        5006.0199999999995,
        5005.93,
        5005.93,
        39560.15,
        5005.93,
        5005.93,
        5005.93,
        5005.93,
        39559.87,
        5003.04,
        39570.64,
        39550.65,
        39557.26,
        39557.26,
        39557.26,
        39557.26,
        39557.26,
        39557.26,
        39557.26,
        39557.26,
        39557.26,
        39557.26,
        39557.26,
        39566.97,
        39548.36,
        4994.14,
        5035.98,
        75589.56999999999,
        39624.19,
        5120.5599999999995,
        39663.920000000006,
        5110.42,
        5100.7699999999995,
        5125.09,
        5118.5,
        5109.7,
        5117.0,
        5116.3099999999995,
        5125.98
    ]
}