{
    "virtual_best": 2652.88,
    "single_best": 223430.75,
    "passive_learning": 329915.69,
    "active_learning": [
        444557.75,
        151631.47999999998,
        402074.9,
        365839.10000000003,
        186159.52,
        152822.08,
        115414.86,
        367206.36000000004,
        294495.89,
        366479.10000000003,
        366581.95,
        295314.64,
        331256.80000000005,
        294444.54000000004,
        330744.23000000004,
        294648.63,
        294081.44,
        329611.24000000005,
        366602.12,
        294004.46
    ]
}