{
    "virtual_best": 2292.96,
    "single_best": 401966.04,
    "passive_learning": 112193.84999999999,
    "active_learning": [
        328423.56,
        256140.13999999998,
        147775.35,
        112309.5,
        147875.93,
        77179.18999999999,
        112641.9,
        76382.70999999999,
        112268.0,
        112273.90999999999,
        112932.36,
        76976.81999999999,
        148125.05,
        148093.09,
        112221.17,
        112134.45999999999,
        75984.39,
        111899.42,
        112282.47,
        111883.31999999999
    ]
}