{
    "virtual_best": 8306.48,
    "single_best": 113628.52,
    "passive_learning": 220313.13,
    "active_learning": [
        146699.44,
        182426.83,
        146586.26,
        146586.26,
        146711.37,
        146614.92,
        146273.62,
        182269.56999999998,
        146170.43,
        148571.93,
        148675.48,
        148632.01,
        148771.88,
        148640.26,
        148818.21,
        148655.84,
        148627.45,
        148622.33,
        112627.70999999999,
        220323.68,
        220375.37,
        220266.69999999998,
        220386.41,
        220325.03,
        184365.58,
        220307.74,
        220314.46,
        220262.78999999998,
        220262.78999999998,
        220316.31
    ]
}