{
    "virtual_best": 9193.54,
    "single_best": 114701.98,
    "passive_learning": 285943.59,
    "active_learning": [
        251286.05,
        251974.69,
        251409.93,
        251900.68,
        250850.88999999998,
        250823.24,
        214895.99,
        250791.83,
        285451.89,
        250340.50999999998,
        250363.96,
        250364.52,
        250366.81999999998,
        250345.31999999998,
        250298.25999999998,
        250357.59,
        250357.59,
        250336.24,
        250355.28,
        250888.27,
        286669.03,
        286664.99,
        286638.08,
        321918.63,
        285944.12,
        250323.56,
        250323.03999999998,
        250042.41,
        250102.8,
        250117.8
    ]
}