{
    "virtual_best": 2791.06,
    "single_best": 294832.46,
    "passive_learning": 402655.44,
    "active_learning": [
        689237.8,
        726192.28,
        689630.2200000001,
        654471.17,
        762100.16,
        546440.4400000001,
        582240.67,
        402026.08,
        332129.88,
        188035.88,
        294027.6,
        259386.24,
        403096.27,
        331041.38,
        402846.73,
        366808.52999999997,
        402448.24,
        295173.22,
        402378.2,
        438391.75,
        438377.44
    ]
}