{
    "virtual_best": 2299.09,
    "single_best": 292961.14,
    "passive_learning": 111634.59,
    "active_learning": [
        472969.47,
        471842.46,
        400441.35,
        364396.91,
        328244.23,
        292356.67,
        220053.94,
        147782.96,
        75842.15,
        111618.35999999999,
        4128.92,
        75641.0,
        75226.45,
        75678.54,
        111590.17,
        111352.2,
        75695.39,
        75892.0,
        75868.20999999999,
        111621.65999999999,
        111621.65999999999
    ]
}