{
    "virtual_best": 7897.44,
    "single_best": 78606.68,
    "passive_learning": 111468.78,
    "active_learning": [
        253503.33000000002,
        253493.28,
        253493.28,
        289446.17000000004,
        289406.47,
        253455.74,
        289439.53,
        217441.01,
        217381.82,
        253493.96,
        217493.97,
        217493.97,
        217493.97,
        217493.97,
        217493.13,
        217481.52,
        217497.72,
        217503.18,
        253423.37,
        253438.83000000002,
        253420.05000000002,
        253420.05000000002,
        253436.02,
        253436.08000000002,
        254331.51,
        253382.38,
        253382.38,
        253401.88,
        253401.88,
        253401.88,
        253382.44,
        217119.15,
        253112.13,
        217099.43,
        217099.43,
        217099.43,
        217099.43,
        217099.43,
        217099.43,
        217109.36000000002,
        218048.56,
        218048.56,
        218048.56,
        218048.56,
        217100.11000000002,
        217099.43,
        217099.43,
        217099.43,
        217099.43,
        217099.43,
        217099.43,
        217099.43,
        217099.43,
        217099.43,
        217099.43,
        145345.6,
        145345.12,
        145345.12,
        145338.65000000002,
        217099.43,
        217098.95,
        217287.57,
        145547.74,
        217308.04
    ]
}