{
    "virtual_best": 8862.24,
    "single_best": 149463.02,
    "passive_learning": 364095.24,
    "active_learning": [
        291193.73,
        291286.08,
        291241.78,
        291694.63,
        291260.86,
        291261.54000000004,
        291616.95999999996,
        291275.51,
        291228.87,
        328803.12,
        292743.37,
        292751.76,
        292742.86,
        292719.69,
        256722.80000000002,
        256860.61000000002,
        256903.55000000002,
        256932.06,
        291752.58999999997,
        222384.11000000002,
        291790.24,
        291792.85,
        291768.70999999996,
        255809.15,
        255715.16,
        255496.54,
        255371.98,
        255718.36000000002,
        328444.18000000005,
        328444.18000000005,
        328119.67000000004,
        328409.33999999997,
        328432.56000000006,
        328061.39,
        328061.39,
        328061.39,
        328061.39,
        328061.39,
        328326.19000000006,
        328326.19000000006,
        328366.44999999995,
        328366.44999999995,
        328366.44999999995,
        328366.44999999995,
        328472.06999999995,
        328115.63,
        328129.4,
        328116.97,
        328116.97,
        328116.97,
        328116.97,
        328116.97,
        328116.97,
        328116.97,
        328116.97,
        328126.70999999996,
        256114.92,
        328167.63,
        292167.97,
        364165.86,
        364178.39,
        364165.95999999996,
        292111.91000000003,
        292111.91000000003
    ]
}