{
    "virtual_best": 2099.23,
    "single_best": 327435.65,
    "passive_learning": 147889.83000000002,
    "active_learning": [
        328244.38999999996,
        327890.57999999996,
        77362.37000000001,
        112046.61,
        147829.93,
        147487.43,
        219456.0,
        147207.28,
        147088.86000000002,
        218745.45,
        182795.08000000002,
        146813.5,
        219563.52,
        147371.84,
        183069.45,
        147771.87,
        147716.38,
        147813.71,
        147776.05000000002,
        147785.37,
        147779.23,
        147764.43
    ]
}