{
    "virtual_best": 3145.28,
    "single_best": 259918.25,
    "passive_learning": 474904.29,
    "active_learning": [
        839895.51,
        692209.77,
        656912.99,
        332511.62999999995,
        331588.39999999997,
        186641.79,
        222909.33000000002,
        366526.02999999997,
        260607.33000000002,
        331021.01999999996,
        401622.43,
        330357.8,
        330220.74,
        330671.39999999997,
        473918.85,
        402968.01999999996,
        403119.47,
        582985.9400000001,
        439239.81,
        510215.95999999996,
        510572.49,
        510906.75999999995
    ]
}