{
    "virtual_best": 2579.05,
    "single_best": 255780.04,
    "passive_learning": 2780.15,
    "active_learning": [
        110652.66,
        110641.26,
        109728.78,
        73758.59999999999,
        37790.17999999999,
        37762.28999999999,
        37768.34,
        37765.149999999994,
        37766.24,
        37764.049999999996,
        37751.27,
        2886.54,
        2885.29,
        2893.9100000000003,
        2885.26,
        2884.58,
        2884.78,
        2884.13,
        2884.78,
        2884.78,
        38883.67999999999,
        2794.31,
        2795.4300000000003,
        2794.9700000000003,
        2884.78,
        2884.78,
        2884.83,
        2794.9700000000003,
        2794.31,
        2884.1200000000003,
        2885.1400000000003,
        2884.1200000000003,
        2884.1200000000003,
        2884.1200000000003,
        2884.1200000000003,
        2884.1200000000003,
        2884.1200000000003,
        2884.1200000000003,
        2884.1200000000003,
        2884.1200000000003,
        2884.1200000000003,
        2884.1200000000003,
        2884.1200000000003,
        2869.9100000000003,
        38777.869999999995,
        38778.479999999996,
        38777.869999999995,
        38779.659999999996,
        2780.76,
        2780.76,
        38778.479999999996,
        2780.1000000000004,
        2780.76,
        2780.75,
        38777.81,
        38777.81,
        38777.81
    ]
}