{
    "virtual_best": 3449.81,
    "single_best": 292973.49,
    "passive_learning": 147527.38999999998,
    "active_learning": [
        75774.70999999999,
        75773.51999999999,
        75754.92,
        75754.05,
        75314.2,
        39142.85999999999,
        39201.10999999999,
        39145.009999999995,
        39144.13,
        39147.34,
        75139.45,
        75139.43,
        75139.45,
        75193.39,
        75139.45,
        75139.39,
        75193.62999999999,
        75140.76999999999,
        75140.78,
        75140.76999999999,
        39862.92,
        39862.92,
        39862.92,
        39862.92,
        39862.92,
        39861.53999999999,
        39861.53999999999,
        39861.53999999999,
        39861.53999999999,
        39861.53999999999,
        39861.53999999999,
        39861.53999999999,
        39861.53999999999,
        39861.53999999999,
        39861.53999999999,
        39861.53999999999,
        39861.53999999999,
        39861.53999999999,
        39861.53999999999,
        39861.53999999999,
        39861.53999999999,
        39862.229999999996,
        75060.18,
        39620.689999999995,
        39566.45,
        39566.45,
        39620.729999999996,
        39569.5,
        39672.42999999999,
        111762.05,
        147524.18,
        111237.7,
        39710.59,
        111239.09,
        111237.41,
        111181.33,
        111182.29,
        111236.03,
        111236.03
    ]
}