{
    "virtual_best": 7174.65,
    "single_best": 7918.37,
    "passive_learning": 370086.98000000004,
    "active_learning": [
        7949.9400000000005,
        7949.9400000000005,
        7949.95,
        7949.92,
        7949.9400000000005,
        7949.96,
        7949.96,
        7949.96,
        7949.96,
        7949.96,
        7949.96,
        7949.9800000000005,
        7949.9800000000005,
        7949.89,
        7949.9800000000005,
        7949.91,
        7949.91,
        7949.89,
        7949.89,
        7949.89,
        7949.89,
        7949.89,
        7949.89,
        7949.89,
        7949.89,
        7949.89,
        7949.89,
        7949.89,
        7949.89,
        7949.89,
        7949.89,
        7949.89,
        7949.89,
        7949.89,
        7949.89,
        7949.89,
        7949.89,
        7949.89,
        7949.89,
        7949.89,
        7949.89,
        7949.89,
        7949.87,
        7949.87,
        7949.89,
        7949.89,
        7950.34,
        7949.58,
        7809.610000000001,
        298228.32,
        370180.19,
        187557.96,
        7952.89,
        187656.44999999998,
        187582.66,
        187593.88999999998,
        187582.0,
        187637.19,
        187637.19
    ]
}