{
    "virtual_best": 9765.11,
    "single_best": 149569.2,
    "passive_learning": 258762.73,
    "active_learning": [
        221149.83,
        152386.41999999998,
        185002.82,
        221058.61,
        183495.91999999998,
        183776.3,
        183757.41,
        182969.37,
        182604.19,
        220062.73,
        185170.75,
        185664.16,
        185157.72,
        186403.31,
        183842.03,
        186264.0,
        186174.71,
        186224.62,
        186213.15,
        186217.28,
        186217.76,
        186218.34,
        186778.53,
        258762.24,
        258762.24,
        258762.62,
        258762.73,
        258762.73
    ]
}