{
    "virtual_best": 9659.45,
    "single_best": 151653.92,
    "passive_learning": 286325.6,
    "active_learning": [
        323706.15,
        323679.80000000005,
        323475.41000000003,
        323582.27,
        286609.29000000004,
        286711.01,
        286711.01,
        214881.99,
        214842.15,
        252296.69999999998,
        214840.16999999998,
        214793.01,
        214823.09,
        286488.07999999996,
        286492.28,
        286510.62,
        286491.24,
        286466.18,
        286322.18,
        286227.8,
        322227.11,
        322234.13,
        286319.53,
        322322.17000000004,
        286321.56,
        322324.18000000005,
        322324.18000000005,
        322320.14
    ]
}