{
    "virtual_best": 3145.28,
    "single_best": 259918.25,
    "passive_learning": 474904.29,
    "active_learning": [
        803674.5700000001,
        656396.3200000001,
        476379.31999999995,
        438857.13999999996,
        477212.93,
        620488.4500000001,
        584104.29,
        440306.35,
        261060.92,
        224147.81,
        367158.08999999997,
        151523.82,
        438984.66,
        403072.16,
        295746.67,
        366556.87,
        294191.55,
        295295.77999999997,
        547501.8200000001,
        475425.05,
        439360.26999999996,
        510998.73,
        510809.37,
        439050.74,
        510810.52999999997,
        438471.88999999996,
        438759.77999999997,
        402978.41,
        402891.04,
        474367.17,
        474560.12999999995,
        474560.12999999995,
        439209.61,
        439167.5,
        403268.94,
        402595.17,
        438486.00999999995,
        438528.12,
        438536.56,
        438528.12,
        438536.56,
        438528.12,
        366647.27999999997,
        402595.17,
        438528.12,
        438536.56,
        438528.12,
        438528.12,
        402644.19,
        438528.12,
        438528.12,
        438528.12,
        438528.12,
        438528.12,
        438528.12,
        438536.56,
        438528.12,
        438528.12,
        366681.50999999995,
        402755.82999999996,
        438528.12,
        438528.12,
        438528.12,
        438528.12,
        438528.12,
        438536.56
    ]
}