{
    "virtual_best": 2099.23,
    "single_best": 327435.65,
    "passive_learning": 147889.83000000002,
    "active_learning": [
        328299.13999999996,
        184896.56,
        148824.78,
        77467.59,
        77758.33,
        112384.44,
        40730.340000000004,
        76347.6,
        40649.91,
        76833.01000000001,
        76922.62000000001,
        76438.58,
        111885.76000000001,
        111505.97,
        111920.34,
        147587.6,
        183480.16,
        147457.85,
        147531.85,
        147810.52,
        183545.67,
        147634.08000000002,
        147625.24,
        147625.24,
        147828.34,
        147478.17,
        147470.73,
        146958.05000000002,
        146964.99,
        147361.31,
        147844.37,
        147844.37,
        147836.17,
        147836.17,
        147836.17,
        147753.11000000002,
        147753.11000000002,
        147753.11000000002,
        147753.11000000002,
        147753.11000000002,
        147753.11000000002,
        147753.11000000002,
        147753.11000000002,
        147753.11000000002,
        147753.11000000002,
        147753.11000000002,
        147753.11000000002,
        147753.11000000002,
        147753.11000000002,
        147753.11000000002,
        147754.48,
        147753.11000000002,
        147753.11000000002,
        147753.11000000002,
        147753.11000000002,
        147753.11000000002,
        147753.61000000002,
        147753.11000000002,
        147753.11000000002,
        147753.11000000002,
        147753.61000000002,
        147753.11000000002,
        147753.11000000002,
        147753.11000000002,
        147753.11000000002,
        147753.11000000002
    ]
}