{
    "virtual_best": 4041.62,
    "single_best": 332411.08,
    "passive_learning": 148039.97,
    "active_learning": [
        402096.25,
        329293.75,
        330059.2,
        256727.91999999998,
        293128.5,
        292674.51,
        256208.19999999998,
        221297.44999999998,
        184741.63,
        185816.16999999998,
        112923.28,
        185102.77,
        113161.86,
        184053.0,
        184061.88999999998,
        148067.91999999998,
        183989.57,
        112433.87999999999,
        148062.74,
        148312.41999999998,
        184134.04,
        148152.53,
        147980.55,
        148090.41999999998,
        184038.88999999998,
        184038.24,
        184038.24,
        184038.24,
        184038.24,
        184038.24,
        184038.24,
        184038.24,
        184038.24,
        184038.24,
        184038.24,
        184038.24,
        184038.24,
        184038.24,
        184038.24,
        184038.24,
        184038.24,
        184038.24,
        184038.24,
        184038.24,
        184038.24,
        184038.24,
        184038.24,
        184038.24,
        184038.24,
        184038.24,
        148120.19999999998,
        148009.33,
        148037.4,
        148021.74,
        147781.1,
        147781.1
    ]
}