{
    "virtual_best": 2964.29,
    "single_best": 259352.98,
    "passive_learning": 509160.64,
    "active_learning": [
        228519.41999999998,
        155303.03,
        155978.81,
        81128.93,
        154257.55,
        190243.08,
        153365.72,
        367249.91,
        329979.44,
        510771.16,
        403105.0,
        401726.85,
        437653.58,
        473768.41,
        437924.6,
        473184.08999999997,
        401522.98,
        401558.35,
        472338.3,
        401793.86,
        473007.4,
        400658.92,
        437411.17,
        401986.41,
        366595.17,
        366168.17,
        366168.17,
        366168.17,
        366168.17,
        366168.17,
        366168.17,
        366168.17,
        366168.17,
        366168.17,
        366168.17,
        366168.17,
        366168.17,
        366168.17,
        366168.17,
        366168.17,
        366168.17,
        366168.17,
        366168.17,
        366168.17,
        366168.17,
        366168.17,
        366168.17,
        366168.17,
        366168.17,
        366168.17,
        437978.35,
        437850.74,
        330661.62,
        437721.69,
        653070.12,
        581076.03
    ]
}