{
    "virtual_best": 2917.37,
    "single_best": 294940.0,
    "passive_learning": 402244.03,
    "active_learning": [
        773178.41,
        627766.86,
        700107.37,
        590589.25,
        331033.04000000004,
        438295.71,
        439161.39,
        401740.25,
        366217.86,
        365545.28,
        474997.06,
        438134.47000000003,
        366585.7,
        437392.75,
        401338.89,
        366165.07,
        401121.2,
        401833.79000000004,
        366593.04000000004,
        402339.4,
        330254.92000000004,
        366125.51,
        402096.96,
        402095.44,
        401992.7,
        401979.25,
        330523.36,
        330431.82,
        330080.12,
        330170.74,
        366162.19,
        366162.19,
        366162.19,
        366162.19,
        366162.19,
        366093.72000000003,
        366071.58,
        330080.12,
        330080.12,
        366162.19,
        366162.19,
        366162.19,
        366093.72000000003,
        366093.72000000003,
        366162.19,
        366093.72000000003,
        366071.58,
        366071.58,
        366162.19,
        366071.58,
        366071.58,
        366162.54000000004,
        366162.54000000004,
        366094.06,
        366094.06,
        366162.54000000004,
        366162.54000000004,
        366094.06,
        366094.06,
        330080.47000000003,
        366051.96,
        366162.54000000004,
        330171.08,
        366071.92000000004,
        330080.47000000003,
        330102.60000000003,
        366162.54000000004
    ]
}