{
    "virtual_best": 3220.34,
    "single_best": 363305.52,
    "passive_learning": 40543.52,
    "active_learning": [
        402656.65,
        365573.82,
        221351.24000000002,
        329663.7,
        291496.35000000003,
        184214.39,
        327764.53,
        219966.59000000003,
        184024.45,
        148767.80000000002,
        184083.38,
        112190.88,
        148436.89,
        112611.93,
        148167.38,
        148533.58000000002,
        76873.19,
        112346.1,
        112643.15,
        112621.08,
        76274.65,
        76483.41,
        77034.37,
        77033.5,
        76803.09,
        40935.13,
        76748.17,
        76595.0,
        76606.89,
        40636.96,
        76606.89,
        76606.89,
        76606.89,
        76606.89,
        76606.89,
        76606.89,
        76606.89,
        40636.96,
        76606.89,
        76606.89,
        76606.89,
        76606.89,
        76606.89,
        76606.89,
        76606.89,
        76606.89,
        76606.89,
        76606.89,
        76606.89,
        76606.89,
        76606.89,
        76606.89,
        76606.89,
        76606.89,
        76606.89,
        76606.89,
        76606.89,
        76606.89,
        76606.89,
        40636.96,
        76606.89,
        76606.89,
        76606.89,
        76606.89,
        76606.89,
        76606.89,
        76606.89
    ]
}