{
    "virtual_best": 6964.88,
    "single_best": 76994.88,
    "passive_learning": 70574.48000000001,
    "active_learning": [
        142948.1,
        143086.08,
        142886.28,
        142938.23,
        143033.49,
        143030.38,
        143033.2,
        143130.62,
        144613.36,
        144611.84,
        142986.62,
        142981.51,
        142944.87,
        142979.12,
        142825.58,
        106830.22,
        107381.18,
        179472.58,
        143396.5,
        143396.68,
        143389.18,
        142839.46,
        142847.39,
        142841.84,
        142894.89,
        142444.38,
        142444.38,
        142444.38,
        142444.39,
        142449.93,
        142444.39,
        106448.18,
        70458.33,
        71004.64,
        71004.64,
        71010.17,
        71002.51000000001,
        71002.51000000001,
        71002.51000000001,
        71002.51000000001,
        71008.05,
        71002.51000000001,
        71002.51000000001,
        71002.51000000001,
        71002.51000000001,
        71002.51000000001,
        71002.51000000001,
        71002.51000000001,
        71002.51000000001,
        71002.51000000001,
        71002.51000000001,
        71002.51000000001,
        71002.51000000001,
        71002.51000000001,
        70993.98000000001,
        70980.04000000001,
        70949.42,
        70948.73999999999,
        70895.76000000001,
        70571.26000000001,
        70571.58,
        70571.58,
        70577.12,
        70575.98999999999,
        70576.28
    ]
}