{
    "virtual_best": 8288.39,
    "single_best": 113878.76,
    "passive_learning": 289862.59,
    "active_learning": [
        179220.27,
        146301.42,
        146661.51,
        113694.51999999999,
        182287.18,
        146303.13,
        149242.4,
        149240.26,
        149200.21,
        149151.9,
        185125.75999999998,
        185077.07,
        185124.69,
        218062.25999999998,
        218012.03,
        149005.33,
        148846.31,
        220842.53999999998,
        184862.35,
        184937.69999999998,
        220929.41999999998,
        148934.17,
        148935.5,
        148935.5,
        148935.5,
        148935.5,
        148980.48,
        148957.7,
        149003.99,
        149051.88,
        148932.37,
        149004.89,
        152755.88,
        257732.69,
        293676.79,
        293678.12,
        293676.87,
        260669.47,
        260670.97,
        260670.97,
        260670.97,
        293680.15,
        293680.15,
        293680.15,
        293680.15,
        293680.15,
        293680.15,
        293680.15,
        293679.62,
        293679.62,
        293679.62,
        293679.62,
        293679.62,
        293679.62,
        293404.38,
        293381.81,
        293689.82,
        260345.85,
        260260.36,
        260295.53999999998,
        293469.92,
        293528.4,
        326608.43,
        325769.83,
        325771.72
    ]
}