{
    "virtual_best": 2559.1,
    "single_best": 328781.18,
    "passive_learning": 76108.06999999999,
    "active_learning": [
        400171.38,
        292329.66,
        148583.12000000002,
        112706.44,
        184436.84,
        112682.84999999999,
        76765.0,
        40711.630000000005,
        40597.670000000006,
        76713.81999999999,
        112471.36,
        111980.61,
        76015.23999999999,
        76160.58,
        75970.51999999999,
        76101.37999999999,
        76201.04,
        76271.4,
        76524.42,
        76845.90999999999
    ]
}