{
    "virtual_best": 3120.67,
    "single_best": 223286.53,
    "passive_learning": 329963.47,
    "active_learning": [
        188498.44,
        44053.69,
        188940.96000000002,
        188607.64,
        260268.82,
        437972.55,
        367313.64999999997,
        474305.8,
        509758.8,
        438565.38999999996,
        510395.6,
        510387.25,
        437551.93,
        437038.26,
        510992.36,
        402072.49,
        401712.94999999995,
        437118.99,
        437234.02999999997,
        473619.62
    ]
}