{
    "virtual_best": 9758.6,
    "single_best": 149361.72,
    "passive_learning": 328327.06,
    "active_learning": [
        330720.07,
        363383.85000000003,
        363425.09,
        330031.72000000003,
        294961.31,
        258348.43,
        328387.72000000003,
        328885.27,
        327528.66000000003,
        364825.64,
        364801.17000000004,
        364531.46,
        364627.51,
        332180.25,
        295918.16,
        331902.19,
        331841.43,
        331842.62,
        295857.77,
        331842.62,
        400274.29000000004,
        400274.19,
        400272.74,
        400388.21,
        400309.94,
        400309.94,
        400336.28,
        400329.36000000004,
        400334.88,
        364350.9,
        364343.01,
        364343.01,
        364343.01,
        364315.88,
        364367.18,
        364366.12,
        364366.54000000004,
        364366.54000000004,
        364366.12,
        364366.12,
        364366.12,
        364366.12,
        364366.12,
        364366.12,
        364366.12,
        364366.12,
        364366.12,
        364366.12,
        364366.12,
        364366.12,
        364366.12,
        364366.12,
        364366.12,
        364366.12,
        364366.12,
        364366.12,
        328311.83,
        328321.3,
        328347.45,
        328320.3,
        328313.31,
        328294.29000000004,
        292367.75,
        292304.46,
        364419.04000000004,
        328331.04000000004,
        328328.8,
        328366.5,
        328314.32,
        328313.42000000004
    ]
}