{
    "virtual_best": 4361.14,
    "single_best": 6565.1,
    "passive_learning": 109948.68000000001,
    "active_learning": [
        145570.06,
        145562.27000000002,
        144533.47999999998,
        144469.59,
        144596.63,
        145699.71000000002,
        107625.24,
        107756.36,
        72003.45999999999,
        71994.85,
        107582.42,
        71959.0,
        71875.57,
        72034.87,
        72031.07,
        72015.5,
        71993.09,
        71996.39,
        71995.08,
        72041.95000000001,
        71995.37,
        71985.19,
        72026.67,
        71997.82,
        71978.84,
        71994.4,
        107676.06,
        71995.22,
        72001.08,
        72001.08,
        72001.08,
        72001.08,
        72001.08,
        72001.08,
        72018.3,
        72016.41,
        72016.41,
        72016.41,
        72064.3,
        72064.3,
        72064.3,
        72064.3,
        72064.3,
        72064.3,
        72064.3,
        72064.3,
        72064.3,
        72064.3,
        72064.3,
        72064.3,
        72064.3,
        72064.3,
        72064.3,
        72064.3,
        72064.3,
        72064.3,
        110096.62,
        110045.73,
        110962.54000000001,
        109968.68000000001,
        109968.68000000001,
        109939.81,
        109948.68000000001,
        109944.64,
        109857.46,
        109857.46,
        109857.46,
        109857.46,
        109948.68000000001,
        109948.68000000001
    ]
}