{
    "virtual_best": 7544.61,
    "single_best": 8245.08,
    "passive_learning": 8284.480000000001,
    "active_learning": [
        261584.65,
        261584.65,
        46860.94,
        8278.890000000001,
        8278.94,
        8278.94,
        8278.890000000001,
        8278.890000000001,
        8278.87,
        8290.51,
        8281.210000000001,
        8278.87,
        8292.85,
        223783.37,
        370451.32999999996,
        8310.32,
        296596.83999999997,
        406300.3,
        406305.43,
        406306.08999999997,
        406314.23,
        406406.16,
        370243.17,
        223683.97999999998,
        223671.15,
        8314.84,
        223658.27,
        406335.74,
        406311.5,
        406250.14,
        223630.55,
        8259.78
    ]
}