{
    "virtual_best": 2418.09,
    "single_best": 256171.83,
    "passive_learning": 37899.7,
    "active_learning": [
        74387.64,
        145632.62,
        38361.92,
        37923.86,
        37925.41,
        37997.62,
        37932.51,
        38029.340000000004,
        37857.14,
        37871.9,
        37862.340000000004,
        37849.53,
        37878.13,
        73746.33,
        109836.67,
        37914.24,
        74003.13,
        109945.43000000001,
        109835.66,
        109982.36,
        109834.96,
        109855.83,
        109943.89,
        73590.68000000001,
        73713.29,
        37868.24,
        73745.57,
        109869.05,
        109845.83,
        109808.12,
        73614.31,
        37868.51
    ]
}