{
    "virtual_best": 7699.53,
    "single_best": 8448.33,
    "passive_learning": 189470.02,
    "active_learning": [
        443106.31999999995,
        586616.5,
        694205.93,
        371542.42,
        694204.75,
        443107.25999999995,
        262072.97,
        262014.22,
        262050.28,
        262073.13,
        694210.87,
        584978.04,
        513159.87,
        331604.77999999997,
        8689.65,
        440868.45999999996,
        442175.83999999997,
        442175.83999999997,
        189770.08000000002,
        189770.08000000002,
        189741.22,
        189741.22,
        189741.22,
        189741.22,
        189741.22,
        189741.22,
        189764.07,
        189764.07,
        189764.07,
        189764.07,
        189764.07,
        189764.07,
        189764.07,
        189764.07,
        189764.07,
        189764.07,
        189764.07,
        189764.07,
        189764.07,
        189764.07,
        189764.07,
        189764.07,
        189764.07,
        189764.07,
        189764.07,
        189764.07,
        189764.07,
        8795.03,
        8641.08,
        44514.55,
        8547.91,
        259548.14,
        44239.65,
        8547.93,
        189486.6,
        189218.49,
        189488.96,
        189609.65,
        189603.86000000002,
        189598.01,
        8570.49,
        8570.49
    ]
}