{
    "virtual_best": 1485.92,
    "single_best": 290775.64,
    "passive_learning": 75737.86,
    "active_learning": [
        219749.12,
        148071.25,
        148002.19,
        219741.56,
        184034.13,
        220028.68,
        182198.65,
        110215.19,
        74208.59,
        74208.5,
        76075.16,
        112042.64,
        38196.66,
        39914.740000000005,
        1972.96,
        75812.2,
        39814.48,
        39814.48,
        39814.48,
        39814.48,
        75763.83,
        75763.83,
        75763.83,
        75763.83,
        111741.64,
        111741.64,
        111741.64,
        111741.64,
        111741.64,
        111741.64,
        111741.64,
        111741.64,
        75728.36,
        75728.36,
        75728.36,
        75728.36,
        75728.36,
        75728.36,
        75728.36,
        75728.36,
        75728.36,
        75728.36,
        75728.36,
        75728.36,
        75728.36,
        75728.36,
        75728.36,
        1974.68,
        1945.24,
        73822.29000000001,
        37907.490000000005,
        1945.5700000000002,
        1945.24,
        1910.23,
        75737.62000000001,
        3860.24,
        39740.23,
        75773.0,
        39740.030000000006,
        39740.030000000006,
        37789.43,
        37789.43
    ]
}