{
    "virtual_best": 6278.8,
    "single_best": 41864.67,
    "passive_learning": 35911.49999999999,
    "active_learning": [
        72043.85999999999,
        73497.76999999999,
        73471.78,
        73477.81999999999,
        72503.81999999999,
        72562.34,
        72415.13999999998,
        72509.23999999999,
        72493.04999999999,
        72472.56,
        72200.65,
        71589.34,
        71641.13,
        72199.12,
        72203.29,
        72125.35999999999,
        72132.09,
        72122.59999999999,
        71571.98999999999,
        72121.72,
        71774.95999999999,
        35726.09,
        35706.92999999999,
        35777.17999999999,
        35499.95,
        36326.659999999996,
        36334.67999999999,
        36334.67999999999,
        35762.159999999996,
        35762.159999999996
    ]
}