{
    "virtual_best": 8920.51,
    "single_best": 118448.67,
    "passive_learning": 257792.26,
    "active_learning": [
        252429.45,
        221545.94,
        254019.95,
        221493.71000000002,
        221553.91999999998,
        252466.38,
        254026.31,
        252371.82,
        219846.21999999997,
        216184.72999999998,
        216097.02000000002,
        219515.78999999998,
        219849.94,
        219541.52000000002,
        219353.58999999997,
        219364.77000000002,
        219356.21000000002,
        219292.16999999998,
        255254.15999999997,
        255232.26,
        185953.53999999998,
        257370.33000000002,
        257270.24,
        224233.71999999997,
        224828.71999999997,
        257795.86,
        293800.2,
        257779.51,
        257800.21000000002,
        257800.21000000002
    ]
}