{
    "virtual_best": 2376.59,
    "single_best": 219102.75,
    "passive_learning": 2591.82,
    "active_learning": [
        181886.05,
        218360.00999999998,
        218412.99,
        74231.05,
        182722.49,
        110235.25,
        74233.36,
        74215.41,
        74216.48,
        74216.68000000001,
        2470.03,
        2468.86,
        2567.4500000000003,
        2531.78,
        38283.04,
        38283.04,
        2525.4,
        2525.4300000000003,
        2426.82,
        2426.82,
        2526.55,
        2484.1800000000003,
        2596.0,
        38997.47,
        2488.44,
        2497.42,
        2597.1600000000003,
        2586.4,
        2488.25,
        2488.4500000000003,
        2487.8300000000004,
        2490.17,
        2490.17
    ]
}