{
    "virtual_best": 7696.76,
    "single_best": 8595.81,
    "passive_learning": 8726.359999999999,
    "active_learning": [
        8625.359999999999,
        8625.359999999999,
        8625.359999999999,
        8625.359999999999,
        8625.359999999999,
        8625.359999999999,
        8625.39,
        8625.359999999999,
        8625.39,
        8625.39,
        8625.369999999999,
        8627.71,
        8625.369999999999,
        8627.71,
        8625.369999999999,
        8625.369999999999,
        8625.369999999999,
        8627.71,
        8625.39,
        8625.369999999999,
        8625.369999999999,
        8644.449999999999,
        8690.9,
        117168.24,
        8690.9,
        116886.46,
        8690.92,
        8690.92,
        8713.05,
        8636.009999999998,
        8673.769999999999,
        8713.029999999999,
        8713.029999999999
    ]
}