{
    "virtual_best": 10225.45,
    "single_best": 149760.65,
    "passive_learning": 257925.5,
    "active_learning": [
        186038.21,
        186407.53999999998,
        258142.08,
        186061.36,
        255304.97,
        255893.41999999998,
        255588.33,
        255383.50999999998,
        255388.91999999998,
        255260.24,
        255457.78999999998,
        255456.84,
        219469.58,
        219546.65,
        254862.0,
        254921.12,
        254909.77,
        257725.93,
        221741.94999999998,
        258284.28999999998,
        258305.5,
        222067.19,
        257998.18,
        257939.44,
        257864.02,
        257863.68,
        257860.61,
        257864.65,
        257864.65,
        257864.65
    ]
}