{
    "virtual_best": 8119.39,
    "single_best": 148836.36,
    "passive_learning": 76428.67,
    "active_learning": [
        252249.53,
        252064.83,
        287536.86,
        217009.41,
        183853.50999999998,
        146385.94,
        146385.94,
        110398.69,
        144026.98,
        144026.98,
        108911.68,
        108912.35,
        109377.84,
        108912.03,
        108898.76999999999,
        108912.35,
        76270.32,
        76257.07,
        76269.65,
        76278.95999999999,
        76327.01999999999,
        76327.01999999999,
        76316.66,
        76329.06,
        76329.06,
        76329.06,
        76329.06,
        76318.7,
        76329.06,
        76329.06
    ]
}