{
    "virtual_best": 2329.7,
    "single_best": 290993.69,
    "passive_learning": 111835.9,
    "active_learning": [
        111915.04,
        40346.869999999995,
        40215.64,
        40028.39,
        39838.909999999996,
        75700.33,
        39867.75,
        111803.65,
        3932.15,
        40303.909999999996,
        4461.48,
        75958.97,
        75983.70999999999,
        75758.08,
        76343.59999999999,
        76629.48,
        111840.22,
        75873.55,
        111960.75,
        112120.3,
        112120.43,
        112111.04
    ]
}