{
    "virtual_best": 3307.26,
    "single_best": 305793.48,
    "passive_learning": 618265.1100000001,
    "active_learning": [
        366910.67,
        152999.8,
        116822.81,
        117710.77,
        117094.34,
        117020.43,
        117065.16,
        152984.45,
        260723.24,
        116755.98999999999,
        296679.18,
        331507.39,
        510418.92,
        474527.8,
        691772.92,
        511629.42,
        476606.73,
        548023.8,
        438829.51,
        439143.39,
        439369.97,
        438870.24
    ]
}