{
    "virtual_best": 2299.09,
    "single_best": 292961.14,
    "passive_learning": 111634.59,
    "active_learning": [
        293044.46,
        329168.52,
        257304.36,
        256191.24,
        184606.97999999998,
        183982.83,
        147731.88,
        76966.79,
        76296.70999999999,
        112040.78,
        76374.59,
        76213.45999999999,
        111523.07999999999,
        111455.73,
        111999.56999999999,
        75716.84999999999,
        147924.18,
        111932.71999999999,
        111591.04999999999,
        75935.06,
        75957.56,
        76018.95,
        75917.17,
        111898.42,
        76001.51,
        147660.19,
        75631.45999999999,
        111603.95999999999,
        111610.59,
        111603.7,
        111467.7,
        75620.81999999999,
        75653.64,
        75686.26999999999,
        111590.51,
        111590.5,
        111590.5,
        111590.5,
        111590.5,
        111590.5,
        111590.5,
        111590.5,
        111590.5,
        111590.5,
        111590.5,
        111590.5,
        111590.5,
        111590.5,
        111590.5,
        111590.5,
        111590.5,
        75974.32999999999,
        147656.25999999998,
        111602.75,
        75635.09,
        111701.76,
        111700.12999999999
    ]
}