{
    "virtual_best": 2791.06,
    "single_best": 294832.46,
    "passive_learning": 402645.49,
    "active_learning": [
        411860.85,
        551568.4400000001,
        302614.56,
        515080.14,
        188783.38999999998,
        189562.47999999998,
        331469.12,
        402182.69,
        402478.77999999997,
        437534.82,
        330433.29,
        366236.26,
        330687.42,
        329884.37,
        403319.54,
        474767.22,
        330445.14999999997,
        402877.72,
        366697.77999999997,
        474430.77999999997,
        403348.7,
        439072.42,
        439268.25,
        402733.2,
        366692.8,
        401944.23,
        402041.85,
        438709.61,
        438570.3,
        438804.93,
        438380.74,
        438618.08,
        474778.76,
        474769.96,
        474669.64,
        474676.82,
        474676.82,
        474676.82,
        474676.82,
        474676.82,
        474676.82,
        474676.82,
        474676.82,
        474676.82,
        474676.82,
        474676.82,
        474676.82,
        474676.82,
        474676.82,
        474676.82,
        474676.82,
        438454.24,
        474296.48,
        402966.04,
        367068.58,
        402960.33999999997,
        438940.12
    ]
}