{
    "virtual_best": 10034.04,
    "single_best": 113648.85,
    "passive_learning": 221344.62,
    "active_learning": [
        145925.83000000002,
        115718.51999999999,
        144956.69,
        112415.42,
        112587.59999999999,
        112452.34,
        112441.98,
        113156.95,
        113156.53,
        112441.98,
        114489.18,
        222438.65,
        114317.8,
        114343.67,
        149330.87,
        113338.87,
        116384.75,
        152759.34,
        150453.28,
        149738.72,
        116729.93,
        185730.44,
        185390.97,
        185718.01,
        188705.63999999998,
        152280.81,
        187934.55,
        221301.53,
        221020.31,
        221282.38
    ]
}