{
    "virtual_best": 6918.58,
    "single_best": 42813.39,
    "passive_learning": 182748.87,
    "active_learning": [
        253669.35,
        253657.84,
        289660.54000000004,
        219754.86,
        257405.15,
        255709.84,
        255680.48,
        219734.46,
        219672.03,
        219672.03,
        219677.77,
        219674.0,
        218585.98,
        218585.98,
        218585.98,
        218586.5,
        218881.25,
        218549.19999999998,
        218547.85,
        218548.34,
        218555.44999999998,
        218358.19,
        182442.24,
        182737.0,
        182748.58,
        181146.09,
        182748.09,
        182747.54,
        182748.87,
        182748.87
    ]
}