{
    "virtual_best": 3008.77,
    "single_best": 295418.23,
    "passive_learning": 259838.93,
    "active_learning": [
        45410.98,
        369645.73,
        369091.62999999995,
        224721.12,
        546873.07,
        224207.21,
        331417.87,
        187712.22,
        296011.18999999994,
        259493.74,
        295499.88999999996,
        329799.56999999995,
        222771.79,
        188820.7,
        223278.02,
        223772.73,
        223782.43,
        403023.47,
        403017.5,
        475800.0,
        331382.07999999996,
        296206.17,
        367038.72,
        366450.93,
        366450.26999999996,
        330502.04,
        367350.62999999995,
        331694.93,
        331694.93,
        295796.36,
        295758.73,
        259860.16,
        331398.8,
        331643.12,
        331643.12,
        331643.12,
        331643.12,
        331643.12,
        331643.12,
        331643.12,
        331651.04,
        331643.12,
        331643.12,
        331643.12,
        331643.12,
        331643.12,
        331643.12,
        331643.12,
        331643.12,
        331643.12,
        331643.12,
        331643.12,
        331643.12,
        331643.12,
        331643.12
    ]
}