{
    "virtual_best": 5818.73,
    "single_best": 43164.42,
    "passive_learning": 72458.59,
    "active_learning": [
        253907.11,
        286847.74,
        217933.32,
        250898.69,
        214878.18,
        179032.88,
        178889.16000000003,
        142864.06,
        142889.83000000002,
        142807.97,
        178884.08000000002,
        178817.11,
        107063.64,
        107061.0,
        107019.67,
        107058.04000000001,
        107038.02,
        107039.39,
        106999.45,
        107040.67,
        107039.15000000001,
        106799.64,
        106847.53,
        106799.54000000001,
        106813.38,
        106812.84000000001,
        106813.2,
        106858.89,
        106858.89
    ]
}