{
    "virtual_best": 9246.87,
    "single_best": 113842.19,
    "passive_learning": 295632.99,
    "active_learning": [
        149869.47,
        185749.66000000003,
        150371.91,
        223266.77000000002,
        223371.78000000003,
        150576.34000000003,
        150334.24,
        150410.79,
        150409.81,
        225634.84999999998,
        223081.76,
        223128.52000000002,
        223032.34999999998,
        223030.7,
        223031.65000000002,
        223004.72999999998,
        223074.97000000003,
        223074.47000000003,
        223069.76,
        223070.7,
        223070.33000000002,
        223058.34000000003,
        223088.06,
        190047.02000000002,
        222781.07,
        222782.05,
        258773.14,
        259681.96000000002,
        295112.44
    ]
}