{
    "virtual_best": 9973.09,
    "single_best": 187034.24,
    "passive_learning": 217970.28000000003,
    "active_learning": [
        181761.24,
        217847.65999999997,
        185664.13,
        217831.47999999998,
        181687.52000000002,
        217840.06,
        217851.16999999998,
        182822.86,
        181710.47000000003,
        181703.38,
        182681.34999999998,
        182655.13,
        218673.11,
        218658.90999999997,
        182715.62,
        146663.38,
        146662.64,
        146662.64,
        146675.02000000002,
        146812.36,
        146759.44,
        146759.44,
        146760.96000000002,
        146737.43,
        146737.3,
        217805.24,
        146737.43,
        146737.43,
        146737.43,
        182734.38,
        182788.03999999998,
        182734.38,
        182735.90000000002,
        182735.90000000002,
        182608.55,
        182608.55,
        182608.55,
        146613.27000000002,
        182610.21000000002,
        182610.21000000002,
        182610.21000000002,
        182610.21000000002,
        182610.21000000002,
        182610.21000000002,
        182610.21000000002,
        182610.21000000002,
        182608.69,
        182608.69,
        182608.69,
        182608.69,
        182608.69,
        182605.15999999997,
        181949.46000000002,
        217948.93,
        181952.0,
        217947.81,
        217947.81,
        217951.21000000002
    ]
}