{
    "virtual_best": 9281.83,
    "single_best": 146536.39,
    "passive_learning": 291194.17,
    "active_learning": [
        179296.93,
        179265.77000000002,
        182029.58000000002,
        179371.39,
        179647.28999999998,
        179531.06,
        179520.97999999998,
        179647.31,
        179384.07,
        179461.3,
        179488.94,
        179500.94,
        179480.28000000003,
        181578.18,
        181576.89,
        181576.89,
        181576.89,
        181576.78999999998,
        181575.46000000002,
        254658.63,
        254337.21000000002,
        254301.62,
        254658.63,
        254305.97999999998,
        254305.97999999998,
        254305.97999999998,
        254305.97999999998,
        254305.97999999998,
        254305.97999999998,
        254627.40000000002,
        254627.40000000002,
        255334.37,
        254627.51,
        254627.51,
        221367.47000000003,
        221367.47000000003,
        254381.63,
        254381.63,
        254381.63,
        254381.63,
        254381.63,
        254381.63,
        254381.63,
        254381.63,
        254381.63,
        254381.63,
        254381.63,
        254694.46000000002,
        254694.46000000002,
        254694.46000000002,
        254694.46000000002,
        254364.89,
        290918.78,
        290916.94,
        290916.94,
        290916.94,
        290917.42,
        290917.42
    ]
}