{
    "virtual_best": 2823.67,
    "single_best": 259329.19,
    "passive_learning": 295285.61000000004,
    "active_learning": [
        696984.7899999999,
        622302.4199999999,
        655567.7899999999,
        510819.63,
        510707.95,
        510883.60000000003,
        511879.29000000004,
        438694.23000000004,
        223843.66999999998,
        295863.96,
        152308.53,
        115611.06000000001,
        259450.16,
        295398.27,
        259522.33,
        223152.85,
        368654.99000000005,
        331471.12,
        367225.93,
        332063.95,
        294758.07
    ]
}