{
    "virtual_best": 3567.06,
    "single_best": 295316.47,
    "passive_learning": 42093.22,
    "active_learning": [
        437698.82,
        329594.48000000004,
        221511.06999999998,
        257143.31999999998,
        292853.21,
        150092.61,
        185945.46,
        185997.35,
        114548.47,
        43056.14,
        42980.2,
        78580.78000000001,
        77882.95000000001,
        77545.75,
        42182.159999999996,
        6224.28,
        77688.40000000001,
        42098.07,
        42319.86,
        78139.20000000001,
        42345.69
    ]
}