{
    "virtual_best": 10095.14,
    "single_best": 154520.4,
    "passive_learning": 113932.79000000001,
    "active_learning": [
        147452.42,
        218396.38999999998,
        183132.65,
        217590.06,
        217538.91,
        289580.0,
        253515.75999999998,
        253213.28999999998,
        253215.91,
        253216.53,
        253183.55,
        218774.78,
        218774.83,
        218771.19,
        218772.56,
        218772.15,
        218772.56,
        182777.69,
        217456.33,
        218523.69,
        251943.78,
        181531.33,
        217531.65,
        150008.07,
        149916.77,
        149917.74,
        149917.74,
        149917.74,
        149917.74,
        149917.74,
        150008.07,
        150007.66,
        150007.66,
        150008.07,
        150008.07,
        149917.74,
        113918.38,
        113918.38,
        148420.84,
        114007.72,
        114007.72,
        114008.70999999999,
        148416.96,
        113914.73000000001,
        114054.84,
        113997.76999999999,
        113998.76999999999,
        113998.76999999999,
        113998.76999999999,
        113998.76999999999,
        113998.76999999999,
        113998.76999999999,
        113998.76999999999,
        113998.76999999999,
        113998.76999999999,
        113998.76999999999,
        113932.79000000001,
        113932.79000000001,
        113932.79000000001
    ]
}