{
    "virtual_best": 9889.64,
    "single_best": 118952.98,
    "passive_learning": 330140.26,
    "active_learning": [
        220663.91999999998,
        257263.52,
        221096.75999999998,
        220391.63,
        221098.46,
        223055.74,
        222338.25,
        225635.72,
        294692.23,
        297484.87,
        294064.57,
        261658.58,
        261800.57,
        261596.00999999998,
        261447.81,
        261647.99,
        261647.99,
        261654.72,
        262365.77,
        330411.87,
        330495.02,
        330482.58999999997,
        330495.02,
        328081.83999999997,
        330481.32,
        330571.97,
        330410.02999999997,
        330501.25,
        330571.97,
        330571.97,
        330571.97,
        330571.97,
        330571.97,
        330571.97,
        330571.97,
        330571.97,
        330405.74,
        330407.58,
        363582.08,
        363511.36,
        330429.71,
        330339.14999999997,
        294507.45,
        294218.77,
        294156.81,
        294194.24,
        330126.54,
        330126.54,
        330072.82,
        330072.82,
        330072.82,
        330072.82,
        330072.29,
        330072.29,
        330072.29,
        330072.29,
        330154.31,
        294170.32,
        294170.32
    ]
}