{
    "virtual_best": 1166.97,
    "single_best": 221114.79,
    "passive_learning": 147351.41999999998,
    "active_learning": [
        148003.61,
        77100.65,
        77204.97,
        148456.41999999998,
        221035.58,
        147638.38999999998,
        147172.68,
        75815.92,
        39338.17,
        75259.06999999999,
        111680.87999999999,
        75301.93,
        110969.5,
        111166.14,
        111445.73,
        111514.62,
        183787.28,
        147506.91,
        111132.73999999999,
        111907.09,
        111906.98
    ]
}