{
    "virtual_best": 3083.72,
    "single_best": 232469.72,
    "passive_learning": 473634.23000000004,
    "active_learning": [
        295189.11000000004,
        295189.11000000004,
        330846.91000000003,
        329686.39,
        401630.45,
        546636.04,
        366350.71,
        223305.22999999998,
        331047.11000000004,
        259453.08,
        258093.34,
        293750.52,
        472594.43000000005,
        438213.95,
        400866.46,
        473062.07,
        509021.66000000003,
        473645.38,
        508920.06,
        509320.76,
        509344.45
    ]
}