{
    "virtual_best": 9547.98,
    "single_best": 113816.0,
    "passive_learning": 293954.58,
    "active_learning": [
        184956.34999999998,
        184956.26,
        185241.75,
        256975.71999999997,
        256980.01,
        257457.08000000002,
        221127.94,
        257121.03999999998,
        220583.46999999997,
        149122.99,
        185925.2,
        186195.96999999997,
        258165.76,
        184957.25,
        255117.82,
        219163.99,
        185284.87,
        221002.18,
        221992.14,
        257940.51,
        293943.96,
        294004.83,
        294091.54,
        294062.34,
        293955.82,
        293969.54,
        257975.58000000002,
        257965.38,
        257965.38
    ]
}