{
    "virtual_best": 5275.56,
    "single_best": 43478.18,
    "passive_learning": 105763.29,
    "active_learning": [
        142296.12,
        142296.12,
        141815.59,
        141787.65,
        142088.69,
        105791.42,
        141787.59,
        141787.47,
        141787.47,
        141860.81,
        141860.81,
        142144.91,
        142188.12,
        142534.28999999998,
        142148.97999999998,
        106101.48,
        107252.98,
        105874.95999999999,
        105880.26,
        105884.06999999999,
        105873.41,
        105872.67,
        105883.69,
        105872.86,
        105870.06,
        105765.73999999999,
        105745.59999999999,
        105763.4,
        105763.4
    ]
}