{
    "virtual_best": 9839.27,
    "single_best": 149404.69,
    "passive_learning": 326961.42,
    "active_learning": [
        187701.72,
        225589.3,
        255872.33,
        216245.18,
        216305.9,
        180655.25999999998,
        216812.96,
        253021.81999999998,
        217063.97,
        216483.66999999998,
        289089.86,
        288688.73,
        289027.92,
        255738.66999999998,
        255750.94,
        255755.63,
        219836.69999999998,
        288382.5,
        255743.05,
        255821.78999999998,
        219835.18,
        324381.72,
        291826.31,
        291814.47000000003,
        291818.06,
        255820.03,
        219828.88999999998,
        255820.61,
        219828.31,
        219822.63999999998,
        219822.63999999998,
        219827.53999999998,
        255819.25999999998,
        255819.84,
        255819.84,
        255819.84,
        255819.84,
        255819.84,
        255819.84,
        255819.84,
        255819.84,
        255819.84,
        255819.84,
        255819.84,
        255819.84,
        255819.84,
        255819.84,
        255819.84,
        255819.84,
        255819.84,
        255819.84,
        255819.84,
        291798.0,
        291692.75,
        255373.97999999998,
        287841.39,
        291343.41000000003,
        291332.63,
        326224.22,
        324589.38,
        290295.72000000003,
        290295.72000000003
    ]
}