{
    "virtual_best": 6390.46,
    "single_best": 109447.34,
    "passive_learning": 249334.31999999998,
    "active_learning": [
        142498.03,
        142554.25,
        178178.16999999998,
        178067.88999999998,
        178055.13,
        178053.34999999998,
        177915.69999999998,
        142191.7,
        178192.11,
        177969.62,
        177967.52,
        141955.0,
        177959.13999999998,
        141930.4,
        142142.84,
        106155.53,
        142317.66,
        142317.66,
        142132.22,
        178122.68,
        178122.68,
        178121.53,
        178120.22,
        178121.53,
        142141.68,
        142141.68,
        142141.68,
        142141.68,
        142141.68,
        178120.22,
        178120.22,
        178120.22,
        178120.22,
        178120.22,
        178120.22,
        178120.22,
        178120.22,
        178120.22,
        178120.22,
        178120.22,
        178120.22,
        178120.22,
        178120.22,
        178120.22,
        178120.22,
        178120.22,
        178120.22,
        178120.22,
        178120.22,
        178120.22,
        178120.22,
        178120.22,
        142084.07,
        213728.49,
        213749.13999999998,
        213751.69999999998,
        213545.81,
        213480.46,
        249361.44999999998,
        249361.44999999998,
        213392.06999999998,
        213392.06999999998
    ]
}