{
    "virtual_best": 7656.33,
    "single_best": 8519.42,
    "passive_learning": 8536.730000000001,
    "active_learning": [
        152853.18,
        260049.67,
        260049.67,
        260049.67,
        260049.67,
        260049.67,
        260094.08,
        260017.83,
        259984.06,
        259984.06,
        260022.87,
        621379.6900000001,
        259986.4,
        259984.06,
        259986.4,
        8552.130000000001,
        8552.130000000001,
        8552.130000000001,
        8552.130000000001,
        8552.130000000001,
        8542.49,
        407176.77,
        8652.74,
        8731.41,
        8706.85,
        116319.95999999999,
        188252.86,
        407136.18000000005,
        227548.18,
        188320.85,
        333431.14
    ]
}