{
    "virtual_best": 2289.78,
    "single_best": 365785.03,
    "passive_learning": 110081.14,
    "active_learning": [
        77141.97,
        76663.69,
        40631.18,
        112639.3,
        148220.86,
        76245.20999999999,
        76286.94,
        76261.97,
        112250.59,
        76265.81999999999,
        148243.04,
        185475.86,
        148238.13999999998,
        148239.75,
        148242.33,
        110067.0,
        110065.43,
        110037.25,
        110066.06999999999,
        110066.02,
        110049.84,
        145824.03,
        110081.9,
        110081.33,
        110081.58,
        181564.47,
        145806.5,
        181566.13999999998,
        145822.01,
        181589.45,
        181589.5
    ]
}