{
    "virtual_best": 7765.21,
    "single_best": 111297.47,
    "passive_learning": 145293.07,
    "active_learning": [
        217600.41999999998,
        181736.76,
        181712.5,
        146348.34999999998,
        181598.9,
        181584.13999999998,
        145877.9,
        143876.49,
        179875.27,
        217238.95,
        143241.09999999998,
        142908.88,
        180908.97,
        145236.44,
        143248.59999999998,
        142918.16999999998,
        143006.84999999998,
        143270.02000000002,
        178990.88999999998,
        142992.09,
        143376.25,
        107464.27,
        71365.79000000001,
        71829.69,
        107749.51,
        71641.95,
        107561.78,
        71687.32,
        71357.84,
        71357.84,
        107008.18,
        107008.18,
        107008.18,
        107281.56999999999,
        144805.37,
        144805.37,
        144805.37,
        144805.37,
        144805.37,
        144805.37,
        144805.37,
        144805.37,
        144805.37,
        109279.13,
        109335.20999999999,
        109335.20999999999,
        109335.20999999999,
        109335.20999999999,
        109335.20999999999,
        109335.20999999999,
        109279.13,
        144861.44,
        144861.44,
        107347.83,
        142874.06,
        142874.06,
        142874.06,
        142874.06,
        107171.48,
        108941.62,
        144861.44,
        109149.23
    ]
}