{
    "virtual_best": 6866.3,
    "single_best": 117405.19,
    "passive_learning": 258276.13999999998,
    "active_learning": [
        360350.43,
        324414.18,
        323999.62,
        360055.91,
        395918.92,
        395990.08,
        395999.07,
        395841.09,
        359840.5,
        359779.22,
        396218.09,
        364561.34,
        324175.89,
        396710.29,
        363227.67,
        363242.68,
        432552.06,
        363284.27999999997,
        432656.72,
        324604.65,
        360645.36,
        360583.73,
        360600.77,
        360584.44,
        360585.77,
        360504.27,
        324612.32,
        360586.22,
        360592.5,
        360607.45,
        327999.99,
        324612.74,
        324610.91,
        324610.91,
        288708.45999999996,
        288712.5,
        360596.72,
        360596.72,
        360596.72,
        360596.72,
        360596.72,
        360596.72,
        360596.72,
        360596.72,
        360596.72,
        360596.72,
        360596.72,
        360596.72,
        360596.72,
        360596.72,
        360596.72,
        360596.14,
        324709.85,
        327334.85,
        327235.65,
        327235.65,
        327235.65,
        327235.65,
        294272.9,
        258282.88,
        326780.42,
        326776.38
    ]
}