{
    "virtual_best": 7656.33,
    "single_best": 8519.42,
    "passive_learning": 8536.730000000001,
    "active_learning": [
        8585.900000000001,
        9938.28,
        8585.900000000001,
        8630.900000000001,
        8552.220000000001,
        8552.150000000001,
        8552.2,
        8552.2,
        8552.150000000001,
        8554.470000000001,
        8554.470000000001,
        8554.470000000001,
        8554.470000000001,
        8554.49,
        8538.99,
        8336.890000000001,
        8451.35,
        8451.37,
        8451.37,
        8451.37,
        406926.49000000005,
        370946.58,
        406955.92000000004,
        406886.23000000004,
        407140.5,
        407087.97000000003,
        407091.22000000003,
        227438.2,
        227445.06,
        334994.89,
        334994.89,
        44507.95,
        44507.95,
        44507.95
    ]
}