{
    "virtual_best": 3630.68,
    "single_best": 290793.57,
    "passive_learning": 4313.18,
    "active_learning": [
        253761.44999999998,
        183826.84999999998,
        253744.09999999998,
        253759.06999999998,
        182178.11,
        182269.40999999997,
        217926.24,
        182172.03999999998,
        182172.37,
        110226.43000000001,
        110203.2,
        110206.83,
        145868.22999999998,
        145868.22999999998,
        74212.37000000001,
        74212.37000000001,
        74007.44,
        109650.77,
        73994.78,
        73910.56,
        73913.28,
        73910.17,
        73910.17,
        109566.16,
        109566.16,
        109566.28,
        109566.28,
        39515.840000000004,
        109566.28,
        109566.28,
        109566.28,
        73910.29000000001,
        73910.29000000001,
        73910.29000000001,
        38725.32,
        38725.200000000004,
        38725.200000000004,
        74380.57,
        74380.57,
        39515.72,
        39515.72,
        39515.75,
        39515.75,
        39515.75,
        39515.75,
        39515.75,
        39515.840000000004,
        75515.72,
        75518.76000000001,
        39528.32,
        39618.58,
        75592.95,
        39618.560000000005,
        39598.0,
        39558.740000000005,
        39477.350000000006,
        39594.86,
        39594.740000000005,
        39594.740000000005
    ]
}