{
    "virtual_best": 7870.17,
    "single_best": 8601.14,
    "passive_learning": 259500.52,
    "active_learning": [
        8635.67,
        47705.130000000005,
        8635.59,
        8635.59,
        8635.67,
        8635.67,
        8635.689999999999,
        8635.689999999999,
        8635.67,
        8635.67,
        8635.59,
        8635.689999999999,
        8635.689999999999,
        8635.689999999999,
        8635.59,
        8658.189999999999,
        9361.849999999999,
        8658.189999999999,
        8635.609999999999,
        8635.59,
        8637.929999999998,
        8635.59,
        8635.59,
        8635.59,
        8635.59,
        8635.59,
        8635.59,
        8635.59,
        8635.59,
        8635.59,
        8635.59,
        8637.929999999998,
        8637.929999999998,
        8637.929999999998,
        8637.929999999998,
        8635.59,
        8635.59,
        8635.59,
        8635.59,
        8635.59,
        8635.59,
        8637.929999999998,
        8637.929999999998,
        8637.929999999998,
        8637.929999999998,
        8637.929999999998,
        8637.929999999998,
        8637.929999999998,
        8635.59,
        8635.59,
        9986.56,
        8693.439999999999,
        8695.8,
        8693.46,
        10101.619999999999,
        8779.939999999999,
        47246.920000000006,
        47246.920000000006,
        47246.920000000006
    ]
}