{
    "virtual_best": 9679.09,
    "single_best": 148672.21,
    "passive_learning": 104365.2,
    "active_learning": [
        141894.40000000002,
        142802.66999999998,
        144296.18,
        143065.84,
        142325.55,
        142048.55,
        70502.48000000001,
        177985.41,
        177870.62,
        142011.84,
        213606.27,
        180224.58000000002,
        72284.09,
        141689.36,
        105895.55,
        107086.42,
        105906.84,
        105870.48000000001,
        68379.12,
        68451.5,
        32500.710000000003,
        104330.5,
        104367.7,
        68388.08,
        104365.44,
        104365.2,
        104366.33,
        68408.47,
        104366.33
    ]
}