{
    "virtual_best": 9203.41,
    "single_best": 113820.96,
    "passive_learning": 291316.18,
    "active_learning": [
        252132.05000000002,
        179128.02,
        252747.31,
        179629.30000000002,
        253280.99,
        287805.94,
        214942.24,
        291583.99,
        363363.39,
        255424.13,
        182404.43,
        182285.66,
        182633.28,
        182474.33000000002,
        180131.2,
        144576.28,
        321000.49,
        393371.44999999995,
        289145.37,
        288932.87,
        288913.95,
        291368.15,
        291381.95,
        290868.24,
        323889.36,
        290814.91000000003,
        323823.6,
        290815.92000000004,
        323877.61
    ]
}