{
    "virtual_best": 3630.68,
    "single_best": 290793.57,
    "passive_learning": 39969.170000000006,
    "active_learning": [
        219449.94999999998,
        218983.28999999998,
        217658.16999999998,
        112854.65000000001,
        111595.77,
        111885.05,
        110769.52,
        74044.32,
        110110.85,
        110088.0,
        3962.1200000000003,
        74785.06,
        3960.0800000000004,
        39595.01,
        39591.04,
        39594.270000000004,
        39619.08,
        39619.08,
        39619.08,
        39619.08,
        75544.8,
        75539.95,
        39634.11,
        39633.91,
        39633.91,
        39633.91,
        75546.0,
        75545.8,
        75545.8,
        75525.11,
        75545.79000000001,
        75545.79000000001,
        75525.12000000001,
        75525.12000000001,
        75525.12000000001,
        75525.12000000001,
        75525.12000000001,
        75525.12000000001,
        75525.12000000001,
        75525.12000000001,
        75525.12000000001,
        75525.12000000001,
        75525.12000000001,
        75525.12000000001,
        75525.12000000001,
        75525.12000000001,
        75525.12000000001,
        75525.12000000001,
        75550.21,
        39613.060000000005,
        39560.41,
        39534.91,
        39624.64,
        39534.8,
        39534.950000000004,
        39537.55,
        39534.8,
        39591.62,
        75597.36,
        39597.44,
        39597.37,
        39943.810000000005,
        75558.65000000001,
        39652.600000000006,
        39943.79,
        39652.520000000004,
        75652.3
    ]
}