{
    "virtual_best": 7870.17,
    "single_best": 8601.14,
    "passive_learning": 259500.52,
    "active_learning": [
        877572.99,
        877576.16,
        229492.44999999998,
        8637.91,
        8685.689999999999,
        476224.5,
        154409.66999999998,
        8637.199999999999,
        8625.56,
        8666.56,
        8879.31,
        8879.31,
        8879.31,
        8879.31,
        8819.16,
        8879.31,
        8830.8,
        8828.46,
        82587.09,
        8796.58,
        190719.58,
        190700.43,
        118502.17,
        118502.17,
        118502.17,
        118502.17,
        190677.58,
        190677.58,
        190677.58,
        190677.58,
        190677.58,
        190677.58,
        190677.58,
        190677.58,
        190677.58,
        190677.58,
        190677.58,
        190677.58,
        190677.58,
        190677.58,
        190677.58,
        190677.58,
        190677.58,
        190677.58,
        190677.58,
        190677.58,
        190677.58,
        190677.58,
        155879.63999999998,
        8830.8,
        8794.24,
        8796.58,
        8796.58,
        8819.16,
        8830.8,
        8830.8,
        8854.599999999999,
        8791.119999999999,
        8695.8,
        8679.179999999998,
        8731.24,
        223536.31,
        191650.87999999998,
        8728.88,
        223819.15999999997,
        8763.119999999999,
        8751.48
    ]
}