{
    "virtual_best": 10326.0,
    "single_best": 149838.5,
    "passive_learning": 365690.32999999996,
    "active_learning": [
        218405.13999999998,
        218399.6,
        218512.6,
        258000.37,
        257900.72,
        288810.6,
        292107.03,
        291933.87,
        259394.51,
        327626.13,
        396109.28,
        396120.06000000006,
        363567.81999999995,
        432042.69999999995,
        399663.28,
        432204.81000000006,
        432216.93999999994,
        432167.93000000005,
        432220.6,
        432263.88,
        432286.86,
        431916.25,
        432180.97,
        399551.38,
        363638.36,
        364274.36,
        363657.22,
        396222.37,
        364411.19999999995,
        363699.80000000005,
        363678.28,
        363701.13,
        363701.13,
        363701.13,
        363701.13,
        363701.13,
        363701.13,
        363701.13,
        363701.13,
        363701.13,
        363701.13,
        363701.13,
        363701.13,
        363701.13,
        363701.13,
        399643.80000000005,
        399641.92000000004,
        363703.33999999997,
        363712.23,
        363712.23,
        399654.89,
        399646.0,
        399646.0,
        399646.0,
        363596.13,
        363667.75,
        401758.44999999995,
        365750.77,
        398264.30000000005,
        329639.52,
        329641.87,
        365938.72,
        365973.5,
        365656.01
    ]
}