{
    "virtual_best": 2857.62,
    "single_best": 258967.02,
    "passive_learning": 258809.41,
    "active_learning": [
        331094.87,
        371403.36,
        293915.27999999997,
        223724.45,
        295741.38999999996,
        295665.86,
        115864.99,
        329928.44,
        293814.57999999996,
        258092.33000000002,
        223132.94,
        366288.57999999996,
        294891.68,
        401952.86,
        365792.01999999996,
        294396.51999999996,
        294526.12,
        403147.17,
        366407.11,
        330545.88999999996,
        294495.3
    ]
}