{
    "virtual_best": 2403.89,
    "single_best": 291366.14,
    "passive_learning": 184390.68000000002,
    "active_learning": [
        256106.95,
        328093.81,
        292183.98,
        291957.95999999996,
        291326.11,
        220649.32,
        183502.22,
        291051.01,
        291116.6,
        219795.03,
        219890.24000000002,
        219917.92,
        219889.87000000002,
        112901.74,
        147941.68000000002,
        184525.25,
        112959.83,
        183505.89,
        183443.78,
        148463.37000000002,
        184322.11000000002
    ]
}