{
    "virtual_best": 4391.78,
    "single_best": 219412.42,
    "passive_learning": 75901.27,
    "active_learning": [
        256157.55,
        256145.06,
        220164.79,
        220278.11,
        220244.41999999998,
        220244.44,
        220221.78,
        183288.65,
        183175.59,
        182880.21,
        183020.45,
        147070.55,
        146867.79,
        146868.06,
        146868.06,
        146867.38,
        146891.18,
        146932.68,
        146919.83,
        146906.32,
        146903.22,
        112053.0,
        112047.29,
        112037.84,
        112037.84,
        112029.75,
        112037.84,
        112055.38,
        112037.84,
        112055.4,
        112037.09,
        112037.09,
        112037.09,
        112037.06999999999,
        112037.06999999999,
        112037.06999999999,
        112037.06999999999,
        112121.23999999999,
        112103.7,
        112053.63,
        112052.51,
        40003.18,
        40020.72,
        40020.72,
        40020.72,
        40020.72,
        40020.72,
        40020.72,
        40020.72,
        40020.72,
        40020.72,
        40020.72,
        40020.72,
        112014.59999999999,
        39964.56,
        39964.57,
        75925.47,
        39964.56,
        75909.38,
        39964.31,
        39980.119999999995,
        39980.0,
        39979.899999999994,
        39981.78,
        39955.869999999995,
        39981.78,
        39999.2,
        39957.88,
        39957.86
    ]
}