{
    "virtual_best": 7385.46,
    "single_best": 8111.91,
    "passive_learning": 81741.86,
    "active_learning": [
        695420.78,
        695420.78,
        695420.78,
        695404.66,
        695346.7000000001,
        695346.7000000001,
        695393.39,
        695346.7000000001,
        406177.8,
        406251.9,
        406233.83,
        406218.58,
        800057.1200000001,
        693257.28,
        585865.9500000001,
        800033.6100000001,
        406191.75,
        406183.56,
        406198.26,
        406209.9,
        406209.9,
        406209.9,
        406209.9,
        406251.9,
        406251.9,
        406232.75,
        406232.75,
        406251.9,
        406251.9,
        406251.9,
        406251.9,
        406251.9,
        406251.9,
        406251.9,
        406251.9,
        406251.9,
        406232.75,
        406126.01,
        406117.04,
        406123.21,
        406100.14,
        8224.0,
        8224.0,
        8245.949999999999,
        8245.949999999999,
        8245.949999999999,
        8245.949999999999,
        8245.949999999999,
        8245.949999999999,
        8245.949999999999,
        8245.949999999999,
        8245.949999999999,
        8245.949999999999,
        262710.41,
        8250.279999999999,
        8302.769999999999,
        191186.82,
        8203.03,
        117883.33,
        8251.3,
        8255.76,
        8217.49,
        8069.5,
        8103.93,
        8069.4800000000005,
        8103.25,
        8154.72,
        8100.910000000001,
        8100.910000000001
    ]
}