{
    "virtual_best": 9659.45,
    "single_best": 151653.92,
    "passive_learning": 286325.6,
    "active_learning": [
        214787.11,
        214798.21,
        214817.55,
        215037.33,
        214820.1,
        250790.48,
        250813.68,
        251031.44999999998,
        251001.77,
        251028.66,
        286693.23,
        286669.13,
        286668.95999999996,
        322667.54000000004,
        322667.74,
        286571.48,
        286426.16000000003,
        286629.8,
        286612.79000000004,
        286634.07999999996,
        322335.55000000005,
        286332.55,
        286321.12,
        286337.86,
        286325.57999999996,
        286338.74,
        286325.32,
        322324.16000000003,
        322324.18000000005,
        322321.13
    ]
}