{
    "virtual_best": 9193.54,
    "single_best": 114701.98,
    "passive_learning": 285943.59,
    "active_learning": [
        152134.67,
        151663.08,
        153118.96,
        151298.12,
        151047.15,
        219244.78999999998,
        254748.03999999998,
        215974.72999999998,
        251892.88,
        216325.27,
        180404.5,
        251721.02,
        287630.65,
        289115.16000000003,
        251884.02,
        251884.02,
        253426.85,
        289238.03,
        287809.54,
        288010.74,
        288010.74,
        287928.35000000003,
        287765.26,
        287949.83,
        287949.83,
        287967.82,
        287612.13,
        287770.13,
        287731.14,
        287727.10000000003,
        323881.49000000005,
        323877.45,
        323881.49000000005,
        323766.0,
        287940.2,
        287935.72000000003,
        287931.68,
        287931.68,
        251936.34,
        251936.34,
        251936.34,
        251936.34,
        251936.34,
        251936.34,
        251936.34,
        251936.34,
        251936.34,
        251936.34,
        251936.34,
        251936.34,
        251936.34,
        251936.34,
        251936.34,
        251936.34,
        251936.34,
        251936.34,
        251940.38,
        252536.8,
        251048.47999999998,
        286669.03,
        286669.03,
        286176.27,
        286145.32,
        249943.85,
        286144.79,
        250144.52,
        250148.56
    ]
}