{
    "virtual_best": 8306.48,
    "single_best": 113628.52,
    "passive_learning": 220313.13,
    "active_learning": [
        286108.93,
        249993.37,
        249854.12,
        249838.44,
        249839.12,
        214871.96,
        214872.62,
        177790.94999999998,
        213782.62,
        177767.44999999998,
        177634.31999999998,
        178628.88,
        178621.49,
        178626.1,
        178708.5,
        178698.47,
        178630.75999999998,
        178816.53999999998,
        178807.22999999998,
        178685.84,
        178691.34,
        178698.03,
        146145.58,
        145927.08,
        145920.62,
        145915.66,
        145904.33,
        145908.88999999998,
        145903.85,
        145903.85,
        145908.43,
        145908.43,
        145908.43,
        145907.09,
        145907.09,
        145907.09,
        145907.11,
        145907.11,
        145907.6,
        145907.6,
        145907.6,
        145907.6,
        145907.6,
        145907.68,
        145907.68,
        145907.68,
        145907.68,
        145907.68,
        145907.68,
        145907.68,
        145907.68,
        145907.68,
        145907.68,
        145907.68,
        145907.68,
        145907.68,
        145913.41,
        217904.97,
        217900.09,
        217898.25,
        217904.97,
        217895.63,
        217902.35,
        220313.13,
        220314.13999999998,
        220314.81,
        220314.81
    ]
}