{
    "virtual_best": 10365.78,
    "single_best": 149886.08,
    "passive_learning": 331754.68,
    "active_learning": [
        226419.24,
        259451.66999999998,
        220654.39,
        252565.62,
        289511.59,
        226514.66999999998,
        223780.83000000002,
        299170.81,
        296266.52,
        332461.33999999997,
        260348.53999999998,
        329625.98,
        296610.13,
        296610.04,
        329689.14,
        293136.98,
        329688.06,
        332102.05,
        296675.23,
        329686.73,
        329624.86,
        329688.07,
        329410.35,
        329344.55,
        331749.3,
        331753.33999999997,
        331749.3,
        331749.3,
        331761.73
    ]
}