{
    "virtual_best": 3428.79,
    "single_best": 75951.3,
    "passive_learning": 110529.52,
    "active_learning": [
        149624.16999999998,
        112728.37000000001,
        110658.54000000001,
        147559.99,
        113265.54000000001,
        149260.86,
        149259.31,
        149340.88,
        113280.54000000001,
        110257.15000000001,
        110339.29000000001,
        110349.91,
        110370.89,
        110369.89,
        110248.15000000001,
        110348.61,
        110381.32,
        110260.0,
        107604.71,
        107467.3,
        110024.18000000001,
        107467.3,
        107467.3,
        107444.54000000001,
        107444.54000000001,
        107444.54000000001,
        107444.54000000001,
        107444.54000000001,
        107474.64
    ]
}