{
    "virtual_best": 11526.5,
    "single_best": 221400.42,
    "passive_learning": 182324.81999999998,
    "active_learning": [
        288762.96,
        291260.76,
        290504.9,
        323046.68,
        287125.92,
        290429.49,
        289467.79,
        289413.92,
        289410.95,
        289408.67,
        289392.69,
        217560.08,
        217500.84,
        217557.55,
        181534.9,
        181538.21,
        217450.49,
        216871.71,
        218118.68,
        182122.18,
        182451.44999999998,
        182451.56,
        182222.02,
        146298.49,
        146298.49,
        182781.69999999998,
        146773.11,
        146301.01
    ]
}