{
    "virtual_best": 7650.11,
    "single_best": 74550.35,
    "passive_learning": 254451.18,
    "active_learning": [
        107226.01999999999,
        109028.15,
        145677.62,
        180348.41,
        183781.81999999998,
        179839.59,
        180129.47,
        179943.28,
        143012.02,
        179980.69,
        179932.84999999998,
        179932.84999999998,
        143948.87,
        143953.44999999998,
        143957.71,
        216328.44,
        252304.24,
        216053.5,
        251957.97999999998,
        252358.8,
        216016.13999999998,
        252406.72999999998,
        254504.11,
        254442.18,
        254398.81,
        254719.86,
        254403.72,
        254674.75999999998
    ]
}