{
    "virtual_best": 8926.26,
    "single_best": 149234.86,
    "passive_learning": 293699.87,
    "active_learning": [
        219328.43,
        219339.99000000002,
        185958.28,
        219322.35,
        184369.87,
        260597.87,
        330043.5,
        329569.94,
        293373.33999999997,
        329636.99,
        327275.47,
        327277.83999999997,
        294205.5,
        296605.6,
        296489.83999999997,
        327164.11,
        329652.69,
        329649.50999999995,
        329633.83999999997,
        329618.1,
        329708.31,
        329650.94999999995,
        329658.5,
        293695.02,
        293659.23,
        293659.23,
        256925.87,
        293686.13,
        293687.1
    ]
}