{
    "virtual_best": 6303.28,
    "single_best": 74734.52,
    "passive_learning": 179051.86000000002,
    "active_learning": [
        110239.20999999999,
        107645.35999999999,
        73823.63,
        109375.16,
        71417.79999999999,
        34399.71,
        106622.81,
        107459.98999999999,
        34694.02,
        34167.47,
        34153.369999999995,
        35330.81,
        69995.9,
        34014.26,
        70270.04000000001,
        69998.17,
        107168.07,
        70114.95999999999,
        34330.4,
        34034.95,
        71568.48,
        34471.939999999995,
        71299.76000000001,
        143253.04,
        107056.16,
        107056.16,
        107056.18,
        107058.68,
        107056.16
    ]
}