{
    "virtual_best": 2508.15,
    "single_best": 292818.78,
    "passive_learning": 40709.4,
    "active_learning": [
        258292.43000000002,
        295363.54,
        258357.73,
        222724.69,
        150052.92,
        114312.89,
        41635.240000000005,
        78030.81,
        77755.44,
        41698.780000000006,
        77473.19,
        112744.8,
        41181.030000000006,
        76689.86,
        112427.83,
        112314.68,
        41094.72,
        76686.84,
        40487.83,
        5146.95,
        41144.200000000004,
        41136.19,
        112748.98,
        76623.06,
        41006.630000000005,
        40864.420000000006,
        40929.51,
        76625.87,
        76612.08,
        76638.90999999999,
        76638.98,
        76638.98,
        76638.98,
        76638.98,
        76638.98,
        76638.98,
        76638.98,
        76638.98,
        76638.98,
        76638.98,
        76638.98,
        76638.98,
        76638.98,
        76638.98,
        76638.98,
        76638.98,
        76638.98,
        76638.98,
        76638.98,
        76638.98,
        76638.98,
        112199.37,
        112714.84,
        40999.32,
        40973.590000000004,
        41035.65
    ]
}