{
    "virtual_best": 2992.25,
    "single_best": 294911.1,
    "passive_learning": 401400.19,
    "active_learning": [
        590939.0,
        556703.34,
        843142.5599999999,
        914812.09,
        482203.20999999996,
        120042.62,
        263118.19,
        369176.38999999996,
        548345.99,
        115476.23999999999,
        45124.810000000005,
        79786.75,
        115907.15,
        223750.99000000002,
        366920.31,
        366830.66,
        438172.57,
        366029.3,
        402226.32,
        331218.51999999996,
        402646.32999999996,
        366650.47,
        438009.43,
        401990.05,
        402304.89999999997,
        330599.72,
        366655.26999999996,
        331090.43,
        330955.26,
        330549.13999999996,
        330623.75,
        330623.75,
        330623.75,
        330623.75,
        330623.75,
        330623.75,
        330623.75,
        330623.75,
        330623.75,
        330623.75,
        330623.75,
        330623.75,
        330623.75,
        330623.75,
        330623.75,
        330623.75,
        330623.75,
        330623.75,
        330623.75,
        330623.75,
        330623.75,
        437289.47,
        401827.83999999997,
        401445.56,
        402251.72,
        402370.38999999996
    ]
}