{
    "virtual_best": 4583.8,
    "single_best": 259860.46,
    "passive_learning": 40990.46,
    "active_learning": [
        111756.54,
        113270.59999999999,
        111531.09999999999,
        111617.03,
        111673.25,
        111618.65,
        75698.48,
        75698.17,
        75681.51,
        75572.12,
        75574.04,
        75587.25,
        111549.4,
        75587.23,
        75587.23,
        75573.95,
        75563.14,
        41613.380000000005,
        41572.740000000005,
        41559.85,
        41559.87,
        41559.85,
        41559.85,
        41559.85,
        41559.44,
        41559.44,
        41559.44,
        41559.44,
        41559.44,
        41559.44,
        41559.44,
        41559.44,
        41559.44,
        41559.44,
        41559.44,
        41559.44,
        41559.44,
        41559.44,
        41559.44,
        41559.44,
        41559.44,
        41559.44,
        41559.44,
        41559.44,
        41559.44,
        41559.44,
        41559.44,
        41568.98,
        5641.0,
        5641.0,
        5639.2300000000005,
        5693.26,
        5693.26,
        5639.06,
        5372.900000000001,
        40925.82,
        40945.3,
        40948.47,
        40925.73,
        4983.43,
        40925.58,
        74912.81999999999,
        40948.240000000005,
        76763.53,
        74933.98,
        40750.39,
        40750.490000000005
    ]
}