{
    "virtual_best": 6753.47,
    "single_best": 7372.73,
    "passive_learning": 7361.530000000001,
    "active_learning": [
        7587.47,
        7564.89,
        7682.46,
        7725.59,
        7584.76,
        7584.74,
        7644.89,
        7602.02,
        7561.29,
        7614.37,
        7603.3,
        7558.77,
        7552.92,
        7558.79,
        7567.16,
        7614.37,
        7536.610000000001,
        7611.67,
        7561.31,
        7603.3,
        7603.3,
        7603.3,
        7603.3,
        7603.3,
        7603.3,
        7603.3,
        7603.3,
        7603.3,
        7603.3,
        7603.3,
        7603.3,
        7603.3,
        7603.3,
        7603.3,
        7603.3,
        7603.3,
        7603.3,
        7603.3,
        7603.3,
        7603.3,
        7603.3,
        7603.3,
        7603.3,
        7603.3,
        7603.3,
        7603.3,
        7603.3,
        7603.3,
        7603.3,
        7603.3,
        7603.3,
        7603.3,
        7593.58,
        7616.16,
        7539.06,
        7464.67,
        7462.33,
        7462.33,
        7363.89,
        7386.47,
        7363.89,
        7363.89,
        7364.34,
        43127.240000000005,
        7361.530000000001,
        43102.3,
        43102.3
    ]
}