{
    "virtual_best": 7906.34,
    "single_best": 8667.2,
    "passive_learning": 151953.82,
    "active_learning": [
        8799.74,
        8736.210000000001,
        8736.18,
        8736.16,
        8736.18,
        8736.16,
        8738.5,
        8738.5,
        8738.5,
        8738.5,
        8738.5,
        8703.06,
        8703.06,
        8700.72,
        8703.06,
        8700.72,
        8700.72,
        8703.06,
        8703.06,
        8700.72,
        8703.06,
        8700.72,
        8599.94,
        8602.28,
        8602.28,
        8548.47,
        8548.47,
        8501.78,
        80300.98999999999,
        8599.94,
        8599.94,
        8599.94
    ]
}