{
    "virtual_best": 4186.6,
    "single_best": 365510.21,
    "passive_learning": 40178.6,
    "active_learning": [
        182116.22,
        111569.84999999999,
        76312.95,
        76313.19,
        76315.15,
        76311.43,
        40402.96,
        76311.09999999999,
        40368.10999999999,
        76155.47,
        76155.72,
        40280.399999999994,
        74834.62,
        74834.61,
        74834.61,
        74834.61,
        40280.64,
        74834.5,
        74834.12999999999,
        40280.259999999995,
        40353.57,
        40234.619999999995,
        74732.45,
        40178.25,
        40178.5,
        40180.2,
        40178.719999999994,
        40178.39,
        40178.719999999994,
        40178.719999999994,
        40178.39,
        40178.719999999994
    ]
}