{
    "virtual_best": 9973.09,
    "single_best": 187034.24,
    "passive_learning": 217970.28000000003,
    "active_learning": [
        217755.96000000002,
        253752.25,
        217756.39,
        217756.39,
        217748.8,
        217748.8,
        217747.65999999997,
        217738.07,
        181823.94,
        217736.55,
        181737.97000000003,
        181737.36,
        181791.03000000003,
        181736.63,
        181736.63,
        181722.09999999998,
        181775.53000000003,
        181721.87,
        146860.7,
        146783.78,
        146836.12,
        146838.36,
        215159.38,
        182600.34999999998,
        182094.11,
        181948.93,
        214507.13,
        181951.22000000003,
        181973.31,
        217948.32,
        217948.32
    ]
}