{
    "virtual_best": 9281.83,
    "single_best": 146536.39,
    "passive_learning": 291194.17,
    "active_learning": [
        179281.28000000003,
        179178.89,
        179178.89,
        179108.40000000002,
        179180.22000000003,
        179280.15999999997,
        179179.46000000002,
        179179.46000000002,
        179180.22000000003,
        251904.82,
        251904.02000000002,
        251889.91999999998,
        251889.95,
        251821.12,
        251889.95,
        251890.72000000003,
        251890.72000000003,
        251889.95,
        251892.57,
        251893.86,
        251890.78000000003,
        251960.82,
        252507.28000000003,
        290916.94,
        257908.15000000002,
        326964.82,
        290916.94,
        290916.94,
        290916.94,
        290917.42,
        290919.26
    ]
}