{
    "virtual_best": 9016.51,
    "single_best": 149343.91,
    "passive_learning": 294935.23,
    "active_learning": [
        291139.36,
        291193.55,
        257175.25,
        289385.44,
        289373.83,
        325906.38,
        361482.5,
        325981.0,
        326027.92,
        293543.01,
        293544.5,
        364826.03,
        328717.51,
        328767.14,
        365150.54,
        328654.13,
        328605.51,
        328606.99,
        328517.43,
        328594.08,
        328525.4,
        328523.39,
        292520.38,
        292508.5,
        294933.49,
        294930.51,
        294926.47,
        294931.0,
        261924.08000000002,
        261924.08000000002,
        294932.91,
        294933.39999999997,
        294933.01,
        294933.01,
        261924.22,
        261924.22,
        261924.12,
        294931.89999999997,
        294933.39999999997,
        294928.77999999997,
        294928.77999999997,
        294932.43,
        294932.43,
        294933.88,
        294933.88,
        294933.88,
        294933.88,
        294933.88,
        294933.88,
        294933.88,
        294933.88,
        294932.43,
        294932.43,
        294932.38,
        294932.38,
        294932.38,
        294932.38,
        294932.38,
        294933.88,
        294931.68,
        294935.72,
        294930.19,
        294911.49
    ]
}