{
    "virtual_best": 6344.47,
    "single_best": 116501.88,
    "passive_learning": 144021.59,
    "active_learning": [
        181499.29,
        181702.82,
        146813.06,
        146816.69,
        147045.68,
        146365.86,
        146226.91,
        146166.23,
        182159.18,
        181355.07,
        181151.1,
        180927.35,
        216029.76,
        255567.78,
        254921.49,
        254964.07,
        255593.32,
        216762.53,
        179839.02000000002,
        179754.55000000002,
        179679.89,
        144907.09,
        144760.61,
        179697.22,
        180068.55000000002,
        179695.89,
        179696.52000000002,
        179683.59,
        179623.80000000002,
        179623.80000000002,
        179600.18,
        179600.36000000002,
        179600.30000000002,
        143875.55,
        179853.84,
        179612.77000000002,
        179747.49,
        179747.37,
        144970.21,
        145247.33,
        145247.33,
        144970.1,
        144970.1,
        144020.97,
        144020.97,
        144020.97,
        144022.62,
        144022.62,
        144022.62,
        144022.62,
        144022.62,
        144022.62,
        144022.62,
        144035.1,
        144035.1,
        144035.1,
        144035.1,
        144035.1,
        143984.41,
        143984.41,
        143984.41,
        143838.87,
        143838.87
    ]
}