{
    "virtual_best": 10122.21,
    "single_best": 149780.78,
    "passive_learning": 329647.38,
    "active_learning": [
        256614.7,
        223343.9,
        190471.29,
        329963.70999999996,
        188880.29,
        221842.79,
        222090.93,
        258513.69,
        223012.62,
        225810.64,
        225322.92,
        258294.32,
        258281.65,
        222318.7,
        291902.43,
        291906.86,
        291901.42000000004,
        291893.47,
        291826.78,
        294257.92000000004,
        294325.27,
        294319.67000000004,
        329854.19999999995,
        294013.97,
        293658.52,
        294003.3,
        329649.70999999996,
        329925.15,
        329924.62,
        329926.45999999996
    ]
}