{
    "virtual_best": 7551.85,
    "single_best": 112651.64,
    "passive_learning": 106389.65,
    "active_learning": [
        177853.66,
        177839.26,
        142005.4,
        141854.72999999998,
        142159.99,
        141936.75,
        141965.89,
        141882.66,
        141626.52000000002,
        106591.77,
        106591.77,
        141518.63,
        106600.31,
        106518.08,
        106608.41,
        73646.9,
        106602.51,
        106512.18000000001,
        106459.63,
        106467.02,
        106556.69,
        106530.44,
        106439.54000000001,
        106392.29000000001,
        106400.04000000001,
        106400.04000000001,
        106382.47,
        142340.33000000002,
        106382.47,
        106382.47
    ]
}