{
    "virtual_best": 8618.76,
    "single_best": 113815.8,
    "passive_learning": 295433.87,
    "active_learning": [
        114028.59,
        114485.14,
        149694.53999999998,
        150070.84,
        149683.97999999998,
        152190.59,
        149796.63,
        184702.40999999997,
        220914.86,
        256409.15000000002,
        256410.49,
        256402.01,
        184587.65000000002,
        184469.25,
        184472.62,
        257182.40999999997,
        256999.21000000002,
        292963.37,
        257074.52000000002,
        257460.11,
        293611.87,
        293464.74,
        292957.24,
        293011.12,
        293336.04,
        293126.74,
        293128.73,
        293211.52,
        293028.13,
        293140.36,
        293328.2,
        293328.2,
        293488.32,
        293440.43,
        293443.24,
        293338.55,
        293338.55,
        293015.67,
        293015.67,
        293016.06,
        293016.06,
        293016.06,
        293016.06,
        293016.06,
        293016.06,
        293016.06,
        293016.06,
        293016.06,
        293016.06,
        293016.06,
        293016.06,
        293372.44,
        295835.76,
        295358.81,
        295317.66,
        295324.29,
        295323.8
    ]
}