{
    "virtual_best": 4898.83,
    "single_best": 108898.05,
    "passive_learning": 142935.91999999998,
    "active_learning": [
        107252.17,
        107550.01,
        143204.97,
        143253.49,
        143209.8,
        143501.51,
        143499.59999999998,
        143502.22999999998,
        143199.25,
        143215.76,
        179549.61,
        179547.65000000002,
        179168.36,
        143262.78999999998,
        107215.2,
        179127.81,
        179131.43,
        179128.27999999997,
        143161.9,
        143422.66999999998,
        143130.59,
        179087.55,
        143423.7,
        143110.02000000002,
        143101.71,
        143113.71,
        143115.41999999998,
        179105.40000000002,
        143114.41,
        143114.41,
        143113.69,
        143113.69,
        143113.69,
        143101.69,
        143104.25,
        143100.75,
        143100.75,
        143100.62,
        143100.62,
        143101.01,
        143101.01,
        143101.01,
        143101.01,
        143101.01,
        143101.01,
        143101.01,
        143101.01,
        143101.01,
        143101.01,
        143101.01,
        143101.01,
        143103.7,
        142924.72,
        142925.53999999998,
        142923.44,
        142923.44,
        142923.44
    ]
}