{
    "virtual_best": 10368.06,
    "single_best": 113983.08,
    "passive_learning": 256615.22000000003,
    "active_learning": [
        184161.66999999998,
        183846.28000000003,
        183834.94,
        185298.66999999998,
        181194.76,
        253910.97999999998,
        254231.16000000003,
        222025.2,
        222056.03999999998,
        185924.83000000002,
        253576.03000000003,
        220103.81,
        256131.97999999998,
        291595.97000000003,
        256392.06,
        291576.75,
        255630.0,
        256103.07,
        327449.05000000005,
        255584.63,
        255952.68,
        255542.94,
        291534.69,
        220625.71000000002,
        292152.06,
        292569.1,
        292563.55,
        292549.53,
        292099.35
    ]
}