{
    "virtual_best": 6682.86,
    "single_best": 150252.9,
    "passive_learning": 215054.03000000003,
    "active_learning": [
        143491.36,
        143221.74,
        143216.11,
        179185.64,
        179298.41000000003,
        179092.96000000002,
        179137.59999999998,
        144168.84000000003,
        143110.11,
        144173.52000000002,
        143117.63,
        179095.75,
        179096.7,
        179099.62,
        144175.03,
        143114.68,
        179097.72999999998,
        179098.59000000003,
        179098.13,
        179101.97999999998,
        179094.49,
        179098.14,
        179094.75,
        179097.62,
        215088.91999999998,
        179091.5,
        215088.91999999998,
        179165.84999999998,
        179165.84999999998
    ]
}