{
    "virtual_best": 7897.44,
    "single_best": 78606.68,
    "passive_learning": 111468.78,
    "active_learning": [
        289525.2,
        289525.2,
        289525.2,
        253453.85,
        253430.52,
        253453.7,
        253450.13,
        253453.58000000002,
        253455.19,
        217446.37,
        217445.76,
        217445.85,
        253445.77,
        253445.09,
        253445.09,
        217407.30000000002,
        217392.96,
        218063.47,
        182068.78,
        181117.7,
        181118.28,
        181119.46,
        147037.84,
        182065.93,
        181110.33000000002,
        109347.41,
        76395.03,
        111470.97,
        147468.52000000002
    ]
}