{
    "virtual_best": 8862.24,
    "single_best": 149463.02,
    "passive_learning": 364095.24,
    "active_learning": [
        291598.43,
        291601.04000000004,
        291675.4,
        291347.22,
        255307.24,
        255312.33000000002,
        255635.61000000002,
        288214.5,
        291262.68,
        327164.1,
        327311.26,
        290879.7,
        291239.08,
        290953.75,
        290950.77,
        254883.05000000002,
        291605.51,
        327599.19999999995,
        255657.97,
        291607.66000000003,
        291597.45,
        291485.22,
        255501.76,
        255501.23,
        291485.22,
        255554.9,
        256213.68,
        328166.5,
        364161.92000000004
    ]
}