{
    "virtual_best": 6902.92,
    "single_best": 7673.59,
    "passive_learning": 115305.54999999999,
    "active_learning": [
        226635.53,
        7705.63,
        7705.6,
        7705.58,
        7705.58,
        7705.6,
        7705.6,
        7705.6,
        7705.58,
        7705.58,
        7707.87,
        7707.87,
        7705.58,
        7705.56,
        7705.55,
        7705.55,
        7730.47,
        7730.47,
        7730.47,
        7730.47,
        7730.47,
        7730.47,
        7730.47,
        7730.47,
        7730.47,
        7730.47,
        7730.47,
        7730.47,
        7730.47,
        7730.47,
        7730.47,
        7730.47,
        7730.47,
        7730.47,
        7730.47,
        7730.47,
        7730.47,
        7730.47,
        7730.47,
        7730.47,
        7730.47,
        7730.47,
        7730.47,
        7730.47,
        7781.29,
        7742.110000000001,
        7742.110000000001,
        7705.6,
        7487.95,
        188003.98,
        334311.03,
        81895.51999999999,
        7859.6900000000005,
        7878.02,
        7853.84,
        7855.17,
        7878.02,
        7853.84,
        81196.95,
        81196.95,
        81196.95
    ]
}