{
    "virtual_best": 3023.95,
    "single_best": 327097.1,
    "passive_learning": 74258.25,
    "active_learning": [
        148510.94,
        183598.97,
        110603.48999999999,
        148111.16,
        110539.5,
        148111.16,
        148103.13,
        110553.84,
        75741.23999999999,
        110161.17,
        110161.12,
        110161.12,
        110161.12,
        74219.62,
        74230.09999999999,
        38231.89,
        38221.96,
        38221.96,
        38222.3,
        38222.3,
        38222.3,
        38222.3,
        38231.950000000004,
        38231.950000000004,
        38231.950000000004,
        38231.950000000004,
        38232.25,
        38232.25,
        38231.61,
        38231.61,
        38231.61,
        38231.61,
        38231.61,
        38231.61,
        38231.61,
        38231.61,
        38231.61,
        38231.61,
        38231.61,
        38231.61,
        38231.61,
        38231.61,
        38231.61,
        38231.61,
        38238.060000000005,
        38232.57,
        38232.57,
        38240.310000000005,
        38328.65,
        74205.06999999999,
        74159.92,
        38419.4,
        38419.15,
        38424.72,
        38419.54,
        38416.630000000005,
        38416.97,
        38411.4,
        38416.58,
        38416.58,
        38416.58
    ]
}