{
    "virtual_best": 10259.15,
    "single_best": 223452.67,
    "passive_learning": 257063.84000000003,
    "active_learning": [
        363542.02999999997,
        363548.36,
        327912.23,
        365575.62,
        365566.32,
        365575.62,
        365148.75,
        290521.68,
        365527.45999999996,
        362968.12,
        363402.77999999997,
        293513.51,
        326497.18,
        290496.15,
        254537.66999999998,
        324587.76999999996,
        288588.4,
        252630.63,
        252630.53999999998,
        252630.40000000002,
        252631.34000000003,
        252631.34000000003,
        252630.93,
        288276.8,
        252630.93,
        253729.89,
        218551.96999999997,
        219224.14,
        253225.24,
        253225.24,
        287809.24,
        253730.27999999997,
        253730.27999999997,
        253730.27999999997,
        253730.27999999997,
        253730.27999999997,
        253730.27999999997,
        253730.27999999997,
        253729.89,
        253729.89,
        253729.89,
        253730.27999999997,
        253729.89,
        256784.31,
        256784.31,
        221117.19,
        221117.19,
        221117.59000000003,
        221117.19,
        221105.97999999998,
        221105.97999999998,
        221106.38,
        221106.38,
        221105.97999999998,
        221105.97999999998,
        221105.97999999998,
        221105.97999999998,
        221105.97999999998,
        221105.97999999998,
        221105.97999999998,
        255184.94,
        221106.38,
        221105.97999999998,
        221105.97999999998
    ]
}