{
    "virtual_best": 10374.91,
    "single_best": 149977.94,
    "passive_learning": 329503.47,
    "active_learning": [
        187120.59999999998,
        186819.13,
        259572.13,
        186592.03999999998,
        186525.22999999998,
        186253.22999999998,
        186255.77000000002,
        257334.90999999997,
        184602.55,
        184672.68,
        184597.34999999998,
        257629.62,
        294685.34,
        292821.54,
        292821.22,
        293813.54,
        293812.2,
        293822.33,
        293796.11,
        293797.68,
        257811.95,
        257811.95,
        258525.25,
        257805.12,
        257811.52999999997,
        257805.64,
        257805.12,
        257810.22999999998,
        293793.86,
        293793.88,
        293794.6,
        293798.98,
        293793.88,
        293795.73,
        257803.05,
        293791.7,
        257807.71999999997,
        257809.56,
        293791.21,
        293790.77999999997,
        293791.32,
        257912.64,
        293822.18,
        257819.99,
        260787.44,
        263614.34,
        263616.18,
        263601.91,
        296329.98,
        224435.96000000002,
        224708.11,
        224640.91999999998,
        224640.91999999998,
        293665.64,
        293665.64,
        293665.64,
        293665.64,
        293665.64,
        293665.64,
        293665.64,
        293594.56,
        329486.88999999996,
        329470.76,
        329720.68
    ]
}