{
    "virtual_best": 3210.23,
    "single_best": 259500.08,
    "passive_learning": 473688.58999999997,
    "active_learning": [
        620383.38,
        330121.86,
        473699.22,
        295029.63,
        474143.54,
        150405.4,
        223087.19,
        401981.22,
        330489.19,
        402173.73,
        330486.08999999997,
        295467.99,
        295028.3,
        294838.79,
        366765.62,
        366400.25,
        366167.72,
        366806.51999999996,
        366570.94,
        366615.49
    ]
}