{
    "virtual_best": 2061.4,
    "single_best": 219461.21,
    "passive_learning": 75335.29000000001,
    "active_learning": [
        255762.50999999998,
        147998.40999999997,
        255614.31999999998,
        182886.47999999998,
        255075.06,
        182795.55,
        218791.31999999998,
        111802.11,
        111657.92,
        111914.6,
        75762.37000000001,
        75576.40000000001,
        75639.46,
        111966.0,
        40141.810000000005,
        111931.39,
        40343.12,
        112023.8,
        76116.11,
        111626.88
    ]
}