{
    "virtual_best": 3083.72,
    "single_best": 232469.72,
    "passive_learning": 473724.84,
    "active_learning": [
        546738.97,
        546495.9400000001,
        187607.91999999998,
        116153.17,
        294998.77,
        294456.63,
        150920.50999999998,
        365152.91000000003,
        223027.85,
        437258.61000000004,
        437954.55000000005,
        472820.93000000005,
        472806.34,
        437472.54000000004,
        473525.48000000004,
        437776.51,
        474100.52,
        438635.21,
        401378.39,
        401509.04000000004
    ]
}