{
    "virtual_best": 1166.97,
    "single_best": 221114.79,
    "passive_learning": 147351.41999999998,
    "active_learning": [
        111691.79,
        148060.05,
        4307.08,
        4372.59,
        40928.54,
        39561.54,
        3691.01,
        75875.11,
        147528.25,
        112018.06,
        147298.41999999998,
        147221.97999999998,
        75006.31999999999,
        111482.25,
        110928.67,
        111542.51,
        75651.18999999999,
        147019.75999999998,
        75222.62999999999,
        75160.95999999999
    ]
}