{
    "virtual_best": 9919.19,
    "single_best": 113514.93,
    "passive_learning": 325992.72,
    "active_learning": [
        155241.58000000002,
        116425.95,
        222457.45,
        189241.59000000003,
        149741.47999999998,
        188573.74,
        189170.46000000002,
        225611.40999999997,
        189049.24,
        294385.5,
        222733.16999999998,
        294458.58,
        222708.21000000002,
        290430.4,
        257004.39,
        330066.38,
        291415.24,
        327159.3,
        327408.01,
        327413.39999999997,
        291168.64,
        291069.25,
        327035.75,
        327060.57999999996,
        294053.62,
        327029.88999999996,
        327060.57999999996,
        327056.54,
        327056.54,
        291068.86,
        291068.86,
        291038.16,
        327062.41,
        326326.87,
        326322.33999999997,
        326328.2,
        326354.02999999997,
        326076.79,
        326139.02999999997,
        326363.76,
        326050.94,
        326069.04,
        326765.49,
        326050.94,
        326050.94,
        293507.76,
        293507.76,
        326070.92,
        326070.92,
        326070.92,
        326070.92,
        326052.82,
        326052.82,
        326053.35,
        326053.35,
        326392.3,
        326392.3,
        326392.3,
        326318.95999999996,
        325986.85,
        326036.05,
        325992.72
    ]
}