{
    "virtual_best": 6337.86,
    "single_best": 221904.04,
    "passive_learning": 180399.40000000002,
    "active_learning": [
        217469.65000000002,
        253119.3,
        288798.1,
        252941.64,
        252647.26,
        253657.40000000002,
        252655.26,
        216883.72999999998,
        324484.0,
        323939.89999999997,
        250893.39,
        180138.06,
        215171.26,
        216025.66999999998,
        215117.49,
        252050.11,
        180135.0,
        216117.61,
        216117.61,
        180223.84999999998,
        180223.84999999998,
        216065.0,
        180122.33000000002,
        144410.28,
        180452.55,
        180507.14,
        180411.36,
        216404.72999999998,
        216348.65999999997,
        216404.72999999998,
        216406.58000000002,
        216404.72999999998,
        216404.72999999998,
        216429.47999999998,
        216290.7,
        216292.55,
        180348.03999999998,
        216290.7,
        216290.7,
        216390.32,
        216390.32,
        180348.03999999998,
        180297.33000000002,
        180297.33000000002,
        216009.53999999998,
        216241.84000000003,
        216241.84000000003,
        216009.53999999998,
        216009.53999999998,
        216009.53999999998,
        216009.53999999998,
        180348.03999999998,
        180348.03999999998,
        216292.55,
        216292.55,
        180299.16999999998,
        180299.16999999998,
        180299.16999999998,
        180348.03999999998,
        180348.03999999998,
        216290.7,
        216389.41999999998
    ]
}