{
    "virtual_best": 2939.35,
    "single_best": 269252.07,
    "passive_learning": 474239.39,
    "active_learning": [
        442972.08,
        477405.52,
        331974.25,
        331851.61,
        368943.82,
        223761.5,
        189333.78,
        295491.86,
        258736.01,
        367326.57,
        223618.51,
        366190.44,
        438111.75,
        402122.8,
        474128.3,
        402296.17,
        437628.75,
        401870.13,
        402142.54,
        367025.01,
        402609.27,
        330155.88,
        366250.78,
        366584.2,
        331185.16000000003,
        367188.3,
        329754.96,
        401575.54,
        473735.42,
        474105.58,
        474105.58,
        474018.11,
        474018.11,
        402851.56,
        402851.56,
        402398.53,
        402398.53,
        330804.72000000003,
        330804.72000000003,
        367504.28,
        403218.44,
        403218.44,
        403218.44,
        403218.44,
        403218.44,
        403218.44,
        403218.44,
        403218.44,
        403218.44,
        403218.44,
        403218.44,
        403218.44,
        367284.51,
        367284.51,
        403348.21,
        330634.32,
        401831.77
    ]
}