{
    "virtual_best": 2684.66,
    "single_best": 257269.01,
    "passive_learning": 184494.76,
    "active_learning": [
        472758.27,
        472706.62,
        365089.89,
        256909.18,
        293073.36,
        256633.09,
        220584.91,
        220521.44,
        149367.36000000002,
        148496.53,
        76670.23000000001,
        112992.57,
        113158.11,
        148551.07,
        149453.16,
        184991.04,
        148621.41,
        184631.75,
        184316.51,
        148733.0,
        220425.63,
        148827.81,
        148820.2,
        148857.67,
        112893.16,
        148801.01,
        148601.48,
        112636.54000000001,
        77322.52,
        148878.12,
        148835.83000000002,
        148878.18,
        148835.83000000002,
        148797.85,
        148797.85,
        220348.32,
        220348.32,
        77263.14000000001,
        77263.14000000001,
        112274.14000000001,
        112274.14000000001,
        112313.85,
        112274.14000000001,
        112274.14000000001,
        112274.14000000001,
        112313.85,
        112274.14000000001,
        112274.14000000001,
        112274.14000000001,
        112313.85,
        112274.14000000001,
        112274.14000000001,
        112274.14000000001,
        112313.85,
        148240.49000000002,
        149064.23,
        148720.59
    ]
}