{
    "virtual_best": 2522.6,
    "single_best": 329002.72,
    "passive_learning": 75516.06999999999,
    "active_learning": [
        328782.64,
        256057.04,
        256258.61,
        184493.41999999998,
        255751.38,
        219040.94999999998,
        182836.96,
        147194.47,
        111531.95999999999,
        183067.4,
        111275.14,
        75364.31999999999,
        111192.26,
        147468.93,
        111530.15999999999,
        111549.4,
        111514.37,
        75303.31999999999,
        111374.11,
        111339.22,
        75686.79999999999,
        75536.20999999999,
        75413.39,
        75110.98,
        75099.26,
        75182.72,
        75099.15999999999,
        75098.06,
        75098.06,
        75098.06,
        75098.06,
        75098.06,
        75098.06,
        75098.06,
        75098.06,
        75098.06,
        75098.06,
        75098.06,
        75098.06,
        75098.06,
        75098.06,
        75098.06,
        75098.06,
        75098.06,
        75098.06,
        75098.06,
        75098.06,
        75098.06,
        75098.06,
        75098.06,
        75098.06,
        75098.06,
        75098.06,
        75233.06999999999,
        75640.61,
        111194.25,
        75226.67,
        75298.76999999999
    ]
}