{
    "virtual_best": 3776.66,
    "single_best": 474565.42,
    "passive_learning": 114008.23,
    "active_learning": [
        436900.75999999995,
        472656.87,
        364871.70999999996,
        187334.82,
        258462.09,
        186265.06,
        186059.53,
        185930.02000000002,
        114896.59,
        115095.01999999999,
        186128.12,
        185878.44,
        186096.69,
        185819.03,
        149738.73,
        186443.04,
        186083.2,
        150560.87,
        186456.55000000002,
        186269.92
    ]
}