{
    "virtual_best": 2663.82,
    "single_best": 223036.51,
    "passive_learning": 187068.72,
    "active_learning": [
        334722.07,
        329828.88,
        115354.26,
        187125.25,
        258734.88,
        115055.76999999999,
        187101.52000000002,
        186628.0,
        223020.6,
        222972.13,
        186733.71000000002,
        186726.17,
        258468.09,
        187177.96000000002,
        222584.98,
        186456.68000000002,
        186392.44,
        186926.61000000002,
        115524.43,
        222802.68000000002
    ]
}