{
    "virtual_best": 4732.94,
    "single_best": 293391.25,
    "passive_learning": 5095.55,
    "active_learning": [
        364567.88,
        256259.77,
        220811.56,
        255466.93,
        220791.51,
        220821.86,
        181863.91,
        147427.75,
        147427.88999999998,
        111434.5,
        112718.39,
        114583.56,
        111404.20999999999,
        111428.51,
        111422.23999999999,
        39571.36,
        39571.020000000004,
        5006.12,
        5006.8099999999995,
        39682.8,
        39667.33,
        39671.23,
        5095.5599999999995,
        5076.95,
        5083.5599999999995,
        5093.2,
        5093.2,
        5094.68,
        5083.55,
        40850.840000000004,
        40850.840000000004
    ]
}