{
    "virtual_best": 6872.72,
    "single_best": 7613.33,
    "passive_learning": 224705.6,
    "active_learning": [
        7643.09,
        10822.17,
        7643.0199999999995,
        7643.0199999999995,
        7643.09,
        7643.139999999999,
        7643.04,
        7667.96,
        7665.62,
        7643.04,
        7643.0199999999995,
        7643.49,
        7645.38,
        7667.96,
        7677.259999999999,
        7677.259999999999,
        7679.58,
        7679.58,
        7679.599999999999,
        7679.599999999999,
        7643.0599999999995,
        7679.599999999999,
        7667.96,
        7667.96,
        7665.62,
        7665.62,
        7677.259999999999,
        7677.259999999999,
        7677.259999999999,
        7677.259999999999,
        7677.259999999999,
        7677.259999999999,
        7677.259999999999,
        7677.259999999999,
        7677.259999999999,
        7677.259999999999,
        7677.259999999999,
        7677.259999999999,
        7677.259999999999,
        7677.259999999999,
        7677.259999999999,
        7677.259999999999,
        7677.259999999999,
        7677.259999999999,
        7677.259999999999,
        7643.04,
        7645.36,
        7645.38,
        7742.94,
        7643.04,
        7643.04,
        7735.36,
        7735.36,
        7812.849999999999,
        7792.61,
        7790.2699999999995,
        7815.19,
        7790.719999999999,
        7790.719999999999,
        7790.719999999999
    ]
}