{
    "virtual_best": 3074.8,
    "single_best": 259219.91,
    "passive_learning": 5491.79,
    "active_learning": [
        75620.37,
        75293.55,
        39382.29,
        75202.62,
        39472.369999999995,
        39351.299999999996,
        39351.31,
        39351.22,
        39353.03,
        39449.81,
        39352.909999999996,
        39352.77,
        39352.77,
        39352.77,
        39352.71,
        39352.47,
        39450.97,
        39450.96,
        39450.96,
        39450.96,
        39450.96,
        39450.96,
        3452.36,
        3452.36,
        3452.36,
        3452.3700000000003,
        3452.3700000000003,
        3452.36,
        3452.36,
        3452.36,
        3452.36,
        3452.36,
        3452.36,
        3452.36,
        3452.36,
        3452.36,
        3452.36,
        3452.36,
        3452.36,
        3452.36,
        3452.36,
        3452.36,
        3452.36,
        3452.36,
        3452.36,
        3452.4500000000003,
        3452.4500000000003,
        3353.88,
        3472.21,
        3452.46,
        3452.46,
        3452.46,
        3452.46,
        3271.53,
        3364.7400000000002,
        3364.7400000000002,
        3463.3100000000004,
        3541.3300000000004,
        3541.3300000000004,
        3541.3300000000004
    ]
}