{
    "virtual_best": 2733.98,
    "single_best": 222690.49,
    "passive_learning": 437385.94,
    "active_learning": [
        448090.58,
        302160.69,
        189645.52,
        152072.81999999998,
        293938.14,
        115228.74,
        149597.25,
        150913.34999999998,
        256839.94999999998,
        365835.67000000004,
        329047.42000000004,
        150260.41999999998,
        366419.02,
        293725.17000000004,
        293851.99,
        365648.73000000004,
        293539.44,
        293454.39,
        293536.77,
        329533.85000000003
    ]
}