{
    "virtual_best": 4342.88,
    "single_best": 615142.82,
    "passive_learning": 292687.3,
    "active_learning": [
        509067.07,
        401600.08,
        330065.3,
        293066.76,
        329501.01,
        293155.47000000003,
        364430.17000000004,
        292777.44,
        220791.68,
        328669.55,
        364325.3,
        256958.15999999997,
        364554.54000000004,
        364284.62,
        292796.67000000004,
        257124.84,
        292844.2,
        328527.18,
        292683.75,
        292668.99
    ]
}