{
    "virtual_best": 2025.29,
    "single_best": 290621.71,
    "passive_learning": 38298.53,
    "active_learning": [
        146034.44,
        146736.57,
        109880.34999999999,
        146148.21000000002,
        109882.47,
        109879.64,
        109881.12,
        109881.12999999999,
        73888.89,
        73908.66,
        73915.09,
        73915.09,
        38258.299999999996,
        38258.979999999996,
        38150.659999999996,
        2706.64,
        39582.149999999994,
        75055.37,
        38315.07,
        39518.549999999996,
        39518.67,
        39517.38,
        39517.39,
        38363.71,
        38364.38,
        38365.509999999995,
        38259.82,
        38259.03,
        38260.45,
        38260.829999999994,
        38260.829999999994,
        38260.829999999994
    ]
}