{
    "virtual_best": 7863.53,
    "single_best": 8613.29,
    "passive_learning": 8564.92,
    "active_learning": [
        8896.42,
        442678.31,
        154348.65000000002,
        191401.09000000003,
        8804.17,
        8804.12,
        8785.730000000001,
        8896.44,
        8880.220000000001,
        8836.29,
        8847.93,
        8896.44,
        8784.970000000001,
        259597.72,
        44709.479999999996,
        118439.83,
        8803.59,
        8804.34,
        8794.77,
        8779.68,
        8668.060000000001,
        8589.86,
        8567.28,
        8564.94,
        82321.23,
        8564.94,
        8545.880000000001,
        8545.86,
        8564.94,
        44444.6,
        8763.630000000001,
        8763.630000000001
    ]
}