{
    "virtual_best": 7727.45,
    "single_best": 8443.46,
    "passive_learning": 8572.24,
    "active_learning": [
        8476.68,
        8476.68,
        8478.99,
        8478.99,
        8478.99,
        8478.99,
        8478.99,
        8478.99,
        8478.99,
        8478.99,
        226532.45,
        8479.44,
        8476.65,
        8476.65,
        8499.23,
        8510.85,
        8499.23,
        8476.65,
        8476.65,
        8478.68,
        8585.56,
        8767.01,
        8597.16,
        8586.800000000001,
        8695.81,
        8574.58,
        8575.03,
        8597.16,
        8681.630000000001,
        8594.82,
        8594.82,
        8594.82,
        8608.78,
        8608.78
    ]
}