{
    "virtual_best": 2683.05,
    "single_best": 295640.02,
    "passive_learning": 38187.270000000004,
    "active_learning": [
        74276.40999999999,
        74183.09,
        37975.41,
        37978.04,
        73713.18,
        73713.72,
        73739.43999999999,
        73710.90999999999,
        73707.56999999999,
        73707.56999999999,
        109997.79,
        73738.01,
        73737.04999999999,
        37979.4,
        73736.73999999999,
        73737.45,
        73736.73999999999,
        73737.72,
        73756.06,
        73755.09999999999,
        38020.71,
        73751.5,
        73860.95999999999,
        73868.87,
        73860.95,
        73860.62999999999,
        73869.18999999999,
        38129.25,
        38120.950000000004,
        73887.84999999999,
        73887.20999999999,
        73887.18999999999,
        73954.59999999999,
        73954.29999999999
    ]
}