{
    "virtual_best": 4804.25,
    "single_best": 73429.65,
    "passive_learning": 106944.35,
    "active_learning": [
        107001.11,
        107223.88,
        107136.98,
        70885.36,
        71428.26000000001,
        70856.23000000001,
        70860.35,
        70851.62,
        70851.27,
        70796.67,
        72408.4,
        72361.13,
        70796.53,
        70820.57,
        106856.17,
        106847.52,
        70846.39,
        34870.82,
        34888.990000000005,
        34953.72,
        35056.96,
        35171.44,
        35181.37,
        106832.90000000001,
        106831.52,
        106770.01,
        106831.91,
        106828.69,
        106828.69
    ]
}