{
    "virtual_best": 10236.71,
    "single_best": 149878.53,
    "passive_learning": 222780.12,
    "active_learning": [
        329310.85000000003,
        258267.53000000003,
        292745.27,
        292727.94,
        290860.98,
        291094.77,
        290807.09,
        289832.84,
        256577.64,
        252665.91999999998,
        255796.65999999997,
        252647.16999999998,
        288492.38,
        252344.90000000002,
        252348.03000000003,
        254788.41999999998,
        290663.27,
        258170.07,
        186250.59000000003,
        222229.19,
        222230.7,
        222223.90999999997,
        222775.09000000003,
        294709.02,
        258765.31,
        258763.97999999998,
        258759.94,
        258760.72000000003,
        258760.72000000003
    ]
}