{
    "virtual_best": 9765.11,
    "single_best": 149569.2,
    "passive_learning": 258762.73,
    "active_learning": [
        221153.49,
        152411.76,
        188675.73,
        221180.27,
        220918.58,
        184827.99,
        185505.47,
        185502.57,
        183623.87,
        219989.66,
        291409.57,
        399716.97,
        364204.29000000004,
        327736.85,
        294699.99,
        257638.82,
        257700.22,
        294169.88,
        295077.14,
        221712.71,
        221712.29,
        222773.3,
        258756.77,
        258756.38,
        258756.38,
        258752.32,
        222757.38,
        221311.41,
        222766.27,
        186358.34,
        184282.78,
        186700.91999999998,
        184334.98,
        186358.28,
        186753.5,
        186353.44,
        222744.49,
        255910.6,
        258736.31,
        222744.59,
        222744.59,
        258736.31,
        258736.31,
        258736.31,
        222744.59,
        222744.59,
        222744.59,
        222744.59,
        222744.59,
        222744.59,
        222744.59,
        222744.59,
        222745.56,
        222744.12,
        222744.12,
        222744.12,
        222744.12,
        222744.12,
        222744.12,
        222794.26,
        258784.98,
        258762.73,
        258785.03,
        258785.4,
        222793.3,
        258781.38,
        258781.86,
        258759.08
    ]
}