{
    "virtual_best": 9659.45,
    "single_best": 151653.92,
    "passive_learning": 286325.6,
    "active_learning": [
        255166.27,
        255175.97,
        287756.19,
        287756.68,
        287558.92,
        254685.57,
        253140.71,
        253144.77,
        252053.77,
        253814.66,
        252273.18,
        286400.06,
        286399.13,
        219111.58,
        251983.91999999998,
        250704.13999999998,
        250724.13999999998,
        214724.3,
        251940.77,
        216436.65,
        214850.88,
        286368.27,
        286368.27,
        286361.37,
        286361.37,
        286342.32999999996,
        286351.53,
        214686.58,
        286367.6,
        286332.75,
        286328.20999999996,
        286316.16000000003,
        286351.53,
        286339.08999999997,
        286322.77,
        286320.05,
        286351.53,
        286349.28,
        286331.69999999995,
        286331.69999999995,
        286331.69999999995,
        286332.69,
        286332.69,
        286332.69,
        286332.69,
        286332.69,
        286332.69,
        286332.69,
        286332.69,
        286332.69,
        286332.69,
        286332.69,
        286331.69999999995,
        286332.69,
        286332.69,
        286332.69,
        286332.69,
        286332.69,
        286332.69,
        286332.94999999995,
        286332.70999999996,
        286320.54000000004,
        286319.55,
        286331.33999999997,
        322319.88,
        322327.16000000003,
        322324.18000000005,
        322320.14
    ]
}