{
    "virtual_best": 1113.32,
    "single_best": 184839.82,
    "passive_learning": 39654.61,
    "active_learning": [
        220027.47999999998,
        148994.41,
        148330.75,
        112232.40999999999,
        111364.18,
        75680.81999999999,
        39707.26,
        39843.76,
        74940.18999999999,
        75424.37,
        75230.5,
        75290.37,
        38805.8,
        38947.48,
        39343.08,
        39262.1,
        75582.0,
        39261.5,
        39260.36,
        39778.47,
        39504.74,
        39461.54,
        39173.42,
        39156.44,
        39223.67,
        39332.23,
        39821.08,
        39567.15,
        39567.15,
        39698.92,
        39698.92,
        39195.03,
        39195.03,
        39195.03,
        39195.03,
        39195.03,
        39195.03,
        39195.03,
        39195.03,
        39195.03,
        39195.03,
        39195.03,
        39195.03,
        39195.03,
        39195.03,
        39195.03,
        39195.03,
        39256.43,
        39336.8,
        39336.8,
        39364.07,
        39315.05,
        39315.05,
        39336.8,
        39336.8,
        39336.8,
        39336.8,
        39315.05,
        39336.8,
        39315.05,
        39336.8,
        39315.05,
        39336.8
    ]
}