{
    "virtual_best": 2992.3,
    "single_best": 295244.35,
    "passive_learning": 294463.87,
    "active_learning": [
        1126230.3199999998,
        553850.54,
        547738.51,
        585206.75,
        473485.08999999997,
        439543.64999999997,
        547118.01,
        403276.83,
        510876.17,
        583110.15,
        510916.51,
        438853.75,
        438235.93,
        366233.92,
        366935.27,
        295277.19,
        367129.93,
        402124.52,
        330510.33999999997,
        331393.1,
        332504.16,
        367460.19,
        439671.95,
        439631.83999999997,
        439492.07,
        366686.0,
        367147.97,
        366310.82,
        366310.82,
        294428.89999999997,
        294546.23,
        366412.81,
        366412.81,
        366322.19,
        366349.96,
        366412.81,
        366412.81,
        366705.14999999997,
        366795.77,
        366705.14999999997,
        366705.14999999997,
        366705.14999999997,
        366826.93,
        366705.14999999997,
        366795.77,
        366794.89,
        366705.14999999997,
        403189.8,
        366053.41,
        366053.41,
        294378.58,
        366028.91,
        366073.21,
        366053.41,
        366077.45,
        330125.64999999997,
        366053.41,
        366053.41,
        366053.41,
        366073.21,
        366053.41,
        366053.41,
        366053.41
    ]
}