{
    "virtual_best": 3776.66,
    "single_best": 474565.42,
    "passive_learning": 78083.56,
    "active_learning": [
        400581.63,
        436155.57,
        436446.66,
        222872.72,
        258408.27000000002,
        293325.11,
        293438.44,
        221773.34,
        256993.13,
        221293.43000000002,
        185631.43000000002,
        221501.2,
        185615.5,
        257235.45,
        185445.49000000002,
        150156.88,
        149909.41,
        149814.59,
        114681.11,
        114688.14,
        150196.44,
        150563.11000000002,
        150149.28,
        114388.48,
        114376.93,
        150450.57,
        150572.47,
        114647.79999999999,
        150572.47,
        114647.79999999999,
        114647.79999999999,
        150572.47,
        150572.47,
        150572.47,
        114647.79999999999,
        150572.47,
        114647.79999999999,
        78846.11,
        150572.47,
        114647.79999999999,
        150572.47,
        114647.79999999999,
        150572.47,
        114647.79999999999,
        150572.47,
        114647.79999999999,
        150572.47,
        114647.79999999999,
        114647.79999999999,
        150572.47,
        150572.47,
        114647.79999999999,
        150572.47,
        150572.47,
        114647.79999999999,
        150572.47,
        150572.47,
        114647.79999999999,
        150572.47,
        114647.79999999999,
        150572.47,
        150572.47,
        114647.79999999999,
        150572.47
    ]
}