{
    "virtual_best": 2663.82,
    "single_best": 223036.51,
    "passive_learning": 187068.72,
    "active_learning": [
        329867.44999999995,
        331532.76999999996,
        329889.51999999996,
        329477.54,
        292843.20999999996,
        365441.94999999995,
        329313.42,
        293371.20999999996,
        329499.73,
        329819.3,
        257219.2,
        293922.08999999997,
        294165.13999999996,
        221140.98,
        258311.06,
        186263.86000000002,
        150693.23,
        187075.19,
        80227.23,
        187882.08000000002,
        258816.28,
        223024.62,
        222458.88,
        187575.83000000002,
        186361.41,
        259685.73,
        223490.15,
        223490.15,
        223490.15,
        223490.15,
        187387.96000000002,
        223564.76,
        223564.76,
        223490.15,
        223561.14,
        259424.08000000002,
        223490.15,
        223564.76,
        223379.18000000002,
        223564.76,
        223490.15,
        223527.97,
        187480.61000000002,
        223490.15,
        223490.15,
        223490.15,
        259424.08000000002,
        223490.15,
        223490.15,
        259424.08000000002,
        223490.15,
        223564.76,
        259424.08000000002,
        223490.15,
        223564.76,
        259424.08000000002,
        223564.76,
        223564.76,
        223379.18000000002,
        223490.15,
        223490.15,
        223379.18000000002,
        223564.76,
        223564.76
    ]
}