{
    "virtual_best": 8932.94,
    "single_best": 81730.37,
    "passive_learning": 114377.95,
    "active_learning": [
        218334.1,
        218416.4,
        218406.21,
        218420.66,
        218373.25,
        182351.8,
        146348.16999999998,
        147005.69,
        110349.81,
        111029.4,
        111124.20999999999,
        111128.95999999999,
        110399.48,
        111113.72,
        112810.59,
        111097.31999999999,
        112801.26,
        112804.90999999999,
        112804.90999999999,
        112852.67,
        112843.73999999999,
        112837.5,
        112838.84,
        112838.84,
        112827.73999999999,
        112840.97,
        112830.61,
        112829.64,
        112830.61,
        112830.61
    ]
}