{
    "virtual_best": 8230.0,
    "single_best": 146071.73,
    "passive_learning": 288961.83999999997,
    "active_learning": [
        108293.17,
        144872.03999999998,
        144141.72999999998,
        144300.08000000002,
        180468.19999999998,
        181385.43,
        253115.61,
        217462.25,
        217871.02,
        217172.97,
        253414.49,
        253097.07,
        288891.16000000003,
        252763.96,
        252797.63,
        252480.24,
        252538.72,
        252359.05,
        288373.27,
        289250.9,
        289034.45999999996,
        288966.87,
        288928.69999999995,
        289878.19,
        325243.08,
        325292.58,
        288929.44,
        252989.08,
        288981.07999999996,
        288981.07999999996
    ]
}