{
    "virtual_best": 9617.36,
    "single_best": 113984.86,
    "passive_learning": 292373.38,
    "active_learning": [
        147261.25,
        147330.36,
        183260.90999999997,
        183261.33000000002,
        183842.7,
        183786.06,
        183773.26,
        183795.43,
        220590.62,
        255936.06,
        256690.44,
        292638.18,
        292669.8,
        259586.25,
        220552.5,
        220075.3,
        255823.16999999998,
        220111.53999999998,
        255802.8,
        255740.59999999998,
        255668.83000000002,
        220075.36,
        220043.78000000003,
        219973.06,
        220027.21000000002,
        220026.71999999997,
        220026.71999999997,
        219964.96999999997,
        219964.96999999997,
        220097.44,
        220097.44,
        220097.44,
        220097.44,
        220097.44,
        220097.44,
        220097.44,
        220097.44,
        220097.44,
        220097.44,
        220097.44,
        220097.44,
        220097.44,
        220097.44,
        220097.44,
        220097.44,
        220097.93,
        220097.93,
        220098.89,
        220098.89,
        220098.89,
        220027.64,
        222433.2,
        254988.81,
        255224.5,
        291207.91,
        291237.01,
        255253.22999999998
    ]
}