{
    "virtual_best": 6676.43,
    "single_best": 112913.32,
    "passive_learning": 214390.07,
    "active_learning": [
        146213.91999999998,
        146213.91999999998,
        146213.91999999998,
        146213.91999999998,
        146213.91999999998,
        110404.44,
        146207.1,
        143124.68,
        143194.41,
        143194.41,
        143216.28999999998,
        142851.63,
        178779.44,
        178894.95,
        142577.25,
        142852.74,
        178564.31,
        214543.25,
        214532.78999999998,
        178541.34000000003,
        214535.40000000002,
        178538.46000000002,
        178584.33000000002,
        142413.7,
        142383.49,
        178371.81,
        178371.81,
        178372.46000000002,
        178372.46000000002,
        178372.46000000002,
        178372.46000000002,
        178372.46000000002,
        178372.46000000002,
        178372.46000000002,
        178372.46000000002,
        178372.46000000002,
        178372.46000000002,
        178372.46000000002,
        178372.46000000002,
        178372.46000000002,
        178372.46000000002,
        178372.46000000002,
        178372.46000000002,
        178372.46000000002,
        178372.46000000002,
        178417.53000000003,
        178417.53000000003,
        178417.53000000003,
        142426.01,
        142426.01,
        142423.53999999998,
        178395.86,
        178395.86,
        144064.96000000002,
        178400.88,
        178400.88,
        178391.14
    ]
}