{
    "virtual_best": 3962.66,
    "single_best": 435910.28,
    "passive_learning": 75816.22,
    "active_learning": [
        253609.49,
        182187.56,
        253718.18999999997,
        148206.46,
        219596.46,
        76194.09,
        76144.2,
        40158.130000000005,
        76132.75,
        76132.90000000001,
        40147.17,
        76135.83,
        4494.89,
        40403.630000000005,
        40083.79,
        75737.54000000001,
        40081.85,
        75737.5,
        75737.49,
        75738.13,
        75738.26,
        75738.44,
        75816.58,
        75816.06,
        75816.58,
        75816.28,
        40160.29,
        75816.15000000001,
        75816.15000000001,
        75816.15000000001,
        75816.15000000001,
        75816.15000000001,
        75816.15000000001,
        75816.15000000001
    ]
}