{
    "virtual_best": 7462.69,
    "single_best": 8287.84,
    "passive_learning": 8310.22,
    "active_learning": [
        335353.66000000003,
        8329.43,
        187675.28999999998,
        8329.41,
        370874.78,
        8329.41,
        8316.42,
        8316.4,
        8316.42,
        8316.4,
        8316.4,
        8316.42,
        8316.43,
        8316.36,
        8316.36,
        8316.34,
        8316.36,
        8318.7,
        8318.7,
        8316.36,
        8316.36,
        8316.36,
        8316.36,
        8411.02,
        8408.66,
        8307.88,
        8307.88,
        8308.33,
        8250.45,
        8307.9,
        8308.35,
        8307.9,
        8307.9,
        8307.9
    ]
}