{
    "virtual_best": 7646.89,
    "single_best": 8318.92,
    "passive_learning": 227320.53,
    "active_learning": [
        296271.96,
        296271.96,
        296217.26,
        296217.21,
        296217.21,
        296214.87,
        224525.44999999998,
        296217.21,
        260380.25,
        296217.21,
        296217.21,
        296217.21,
        296214.87,
        8353.35,
        8353.35,
        8353.35,
        8353.35,
        8353.35,
        8353.35,
        8353.35,
        8353.35,
        8353.37,
        8399.41,
        442365.72000000003,
        370581.58,
        190171.97,
        191263.56999999998,
        8298.2,
        223736.24,
        223777.93,
        223777.93
    ]
}