{
    "virtual_best": 3047.92,
    "single_best": 331525.29,
    "passive_learning": 39351.189999999995,
    "active_learning": [
        219551.03,
        147627.02,
        111686.85,
        111541.45,
        111594.62000000001,
        75801.93000000001,
        40758.38,
        76676.8,
        40780.509999999995,
        40758.49,
        40732.96,
        40832.68,
        40908.0,
        39485.1,
        39382.939999999995,
        39366.10999999999,
        39366.10999999999,
        39366.07,
        3368.09,
        3368.12,
        3368.12,
        3368.78,
        3405.68,
        39351.159999999996,
        39350.53,
        39350.28999999999,
        39351.46,
        3405.47,
        3440.59,
        3383.09,
        3383.09
    ]
}