{
    "virtual_best": 9788.61,
    "single_best": 149910.62,
    "passive_learning": 325567.96,
    "active_learning": [
        214211.56,
        181708.91,
        214150.21,
        214908.0,
        179485.0,
        180565.96,
        180498.83,
        178653.94999999998,
        178690.03999999998,
        214652.06,
        214287.16999999998,
        249664.41999999998,
        180902.59,
        252581.56,
        214823.78,
        181190.66,
        181293.94,
        181276.62,
        253968.66999999998,
        254290.19999999998,
        254179.06,
        289165.58,
        325676.30000000005,
        325669.67000000004,
        325670.2,
        325617.39,
        325568.39,
        325576.78,
        325576.34
    ]
}