{
    "virtual_best": 6115.33,
    "single_best": 78592.09,
    "passive_learning": 69747.58,
    "active_learning": [
        105137.37,
        104958.62,
        105141.45000000001,
        69332.28,
        104823.76000000001,
        69300.79999999999,
        69185.0,
        68996.6,
        69156.79000000001,
        69167.78,
        140907.9,
        69257.37,
        33093.799999999996,
        32994.19,
        70011.03,
        69609.63,
        105143.73000000001,
        69043.94,
        104902.54000000001,
        68779.36,
        68842.73,
        68841.79999999999,
        69800.01000000001,
        69670.87,
        68946.63,
        68675.04000000001,
        104768.65,
        140672.21,
        104765.54999999999
    ]
}