{
    "virtual_best": 6676.43,
    "single_best": 112913.32,
    "passive_learning": 214390.07,
    "active_learning": [
        108814.43,
        107190.91,
        143182.44,
        107897.49,
        143529.18,
        107209.53,
        178975.62,
        214902.19,
        106683.37,
        106744.23,
        142655.62,
        106691.86,
        106670.92,
        106612.2,
        142517.85,
        142434.89,
        142314.43,
        142427.84,
        142426.28,
        142393.35,
        142447.34,
        142411.85,
        142415.25,
        142403.39,
        142405.94,
        178393.24,
        142399.19,
        142396.4,
        178381.84000000003,
        178381.84000000003
    ]
}