{
    "virtual_best": 9617.36,
    "single_best": 113984.86,
    "passive_learning": 292373.38,
    "active_learning": [
        219301.12,
        219310.75,
        219257.94,
        146523.01,
        219136.32,
        219146.09999999998,
        219159.32,
        257076.96000000002,
        219175.61,
        219178.51,
        218563.87,
        287989.19,
        288894.37,
        252929.18,
        327639.3,
        327622.39,
        325232.13,
        330694.96,
        328013.74,
        328351.72000000003,
        261579.97999999998,
        294537.5,
        327068.13,
        327410.48000000004,
        255536.22999999998,
        255670.2,
        327465.33,
        255271.34999999998,
        291585.13,
        291584.6
    ]
}