{
    "virtual_best": 10034.04,
    "single_best": 113648.85,
    "passive_learning": 221344.62,
    "active_learning": [
        111354.54,
        111351.43,
        183302.33,
        183482.72,
        183307.28,
        147710.95,
        111714.4,
        111751.25,
        186141.85,
        149829.17,
        185827.44999999998,
        147409.54,
        149827.06,
        149823.81,
        149832.68,
        185735.63,
        183303.96,
        185730.79,
        185724.06,
        185779.66,
        221451.12,
        221352.78,
        221351.87,
        221345.13999999998,
        221351.34,
        221345.13999999998,
        221067.91,
        221007.51,
        221005.66999999998,
        221005.66999999998
    ]
}