{
    "virtual_best": 6918.58,
    "single_best": 42813.39,
    "passive_learning": 182748.87,
    "active_learning": [
        254913.74,
        253839.63999999998,
        219722.74,
        220909.96,
        221918.76,
        217923.11,
        254607.83,
        218953.59,
        182707.9,
        218681.73,
        218499.16,
        218499.16,
        218491.58,
        217718.02,
        182455.35,
        182460.75,
        182460.75,
        182452.96,
        182477.22,
        182452.96,
        254377.34,
        218453.05,
        182454.12,
        182453.63999999998,
        182748.87,
        182748.87,
        182748.87,
        182748.87,
        182748.87,
        182748.87
    ]
}