{
    "virtual_best": 8670.58,
    "single_best": 41362.22,
    "passive_learning": 139393.72,
    "active_learning": [
        143616.5,
        143704.72,
        110799.41,
        142144.46,
        141208.2,
        177054.61000000002,
        141046.21,
        140989.4,
        141738.55,
        177387.52000000002,
        141373.72,
        140669.65,
        141383.87,
        141387.87,
        141388.01,
        139979.42,
        140691.43,
        140677.28,
        140431.28,
        107189.32,
        106478.45000000001,
        106421.35999999999,
        107135.91,
        139537.9,
        106529.10999999999,
        140728.34,
        140728.32,
        107719.57,
        107719.5,
        107686.88999999998,
        107265.06,
        140021.21,
        106968.88,
        106968.88,
        70531.68,
        70531.68,
        70531.68,
        70531.68,
        70531.68,
        70531.68,
        70531.68,
        70531.68,
        70531.68,
        70531.68,
        70531.68,
        70531.68,
        70531.68,
        70531.7,
        70531.7,
        70531.7,
        70531.7,
        70531.7,
        70531.7,
        139505.25,
        139495.05,
        139870.2,
        106501.01000000001,
        139505.31,
        140791.57,
        104242.9,
        104242.9
    ]
}