{
    "virtual_best": 8622.45,
    "single_best": 113812.44,
    "passive_learning": 250011.72,
    "active_learning": [
        177485.81,
        177500.34,
        179425.46,
        143508.74,
        145145.95,
        108280.35999999999,
        215150.12,
        180116.63,
        215178.68,
        212497.45,
        143178.65,
        148244.23,
        181077.72,
        216784.5,
        144800.09,
        179437.52000000002,
        216541.06,
        112140.79999999999,
        181031.34,
        178123.2,
        180534.79,
        178987.30000000002,
        178992.30000000002,
        176569.85,
        176640.5,
        143004.1,
        140585.58,
        251537.52000000002,
        213119.02000000002,
        252245.64,
        249880.73,
        252350.12,
        252297.32,
        252297.32,
        215537.53,
        215537.53,
        215537.53,
        215537.53,
        215537.53,
        215537.53,
        215537.53,
        215537.53,
        215537.53,
        215537.53,
        215537.53,
        215537.53,
        215537.53,
        215538.02000000002,
        215538.02000000002,
        215538.02000000002,
        215538.02000000002,
        215538.02000000002,
        215538.02000000002,
        252349.47,
        249878.80000000002,
        249878.26,
        249877.73,
        249932.46,
        249857.88,
        213492.7,
        213492.7
    ]
}