{
    "virtual_best": 6902.92,
    "single_best": 7673.59,
    "passive_learning": 115305.54999999999,
    "active_learning": [
        7705.58,
        7705.6,
        550342.58,
        443543.18,
        441916.75,
        441916.8,
        223063.21000000002,
        7705.58,
        7705.6,
        7705.6,
        7705.610000000001,
        7705.58,
        7705.58,
        7705.530000000001,
        7705.55,
        7705.62,
        7705.55,
        7705.55,
        7705.55,
        7705.55,
        7705.55,
        7705.55,
        7705.55,
        7705.55,
        7705.55,
        7705.55,
        7705.55,
        7705.55,
        7705.55,
        7705.55,
        7705.55,
        7705.55,
        7705.55,
        7705.55,
        7705.55,
        7705.55,
        7705.55,
        7705.55,
        7705.55,
        7705.55,
        7705.55,
        7705.55,
        7705.55,
        7705.55,
        7705.610000000001,
        7705.530000000001,
        7705.530000000001,
        7705.530000000001,
        7695.5,
        334253.01,
        298485.8,
        7847.58,
        226688.95,
        7819.6,
        7842.18,
        7842.18,
        8166.650000000001,
        7825.45,
        7825.45,
        7848.030000000001,
        7853.820000000001,
        7848.030000000001,
        7853.820000000001
    ]
}