{
    "virtual_best": 3023.95,
    "single_best": 327097.1,
    "passive_learning": 74258.25,
    "active_learning": [
        182181.38,
        110296.29,
        147670.87,
        147537.03,
        146181.14,
        146181.14,
        74042.76999999999,
        74239.73,
        38241.82,
        38241.93,
        38223.990000000005,
        38223.86,
        38242.020000000004,
        38241.9,
        38241.65,
        38241.770000000004,
        38241.770000000004,
        38241.770000000004,
        38241.310000000005,
        38241.310000000005,
        38241.310000000005,
        38241.310000000005,
        38241.33,
        38223.590000000004,
        38223.590000000004,
        38223.590000000004,
        38223.590000000004,
        38223.590000000004,
        38223.590000000004,
        38223.57,
        38223.590000000004,
        38223.590000000004,
        38223.590000000004,
        38223.590000000004,
        38223.590000000004,
        38223.590000000004,
        38223.590000000004,
        38223.590000000004,
        38223.590000000004,
        38223.590000000004,
        38223.590000000004,
        38223.590000000004,
        38223.590000000004,
        38223.590000000004,
        38223.57,
        38241.310000000005,
        38223.82,
        38239.25,
        38239.78,
        74142.28,
        74159.33,
        38419.62,
        38419.43,
        38401.75,
        38419.47,
        38419.15,
        38372.96,
        38419.740000000005,
        38419.15,
        38419.270000000004,
        38411.060000000005,
        38411.4,
        38411.4
    ]
}