{
    "virtual_best": 7864.02,
    "single_best": 8611.46,
    "passive_learning": 8870.01,
    "active_learning": [
        8645.04,
        8645.04,
        8645.04,
        8645.04,
        8644.99,
        8645.04,
        8645.01,
        8644.99,
        8645.06,
        8645.08,
        8644.99,
        8644.99,
        8667.57,
        8681.550000000001,
        8644.99,
        8669.91,
        8645.86,
        8867.69,
        8867.69,
        8867.69,
        8870.48,
        8867.69,
        191851.51,
        227731.17,
        44776.72,
        8890.29,
        227795.91,
        227731.17,
        227731.17,
        407020.63999999996,
        227699.72,
        227731.17,
        8811.300000000001
    ]
}