{
    "virtual_best": 2004.66,
    "single_best": 185295.02,
    "passive_learning": 38043.43,
    "active_learning": [
        37597.58,
        38344.27,
        3067.0299999999997,
        3045.64,
        3059.71,
        2333.0699999999997,
        37915.72,
        37915.17,
        38651.72,
        37921.99,
        37901.369999999995,
        37901.49,
        37899.59,
        37899.61,
        37899.72,
        37899.74,
        37899.619999999995,
        38043.56,
        38043.439999999995,
        38043.43,
        38043.43,
        38043.43,
        38043.43,
        38043.43,
        38043.439999999995,
        38043.43,
        38035.14,
        38043.549999999996,
        38043.549999999996,
        38043.549999999996,
        38043.549999999996,
        38043.57,
        38043.45
    ]
}