{
    "virtual_best": 2917.37,
    "single_best": 294940.0,
    "passive_learning": 402244.03,
    "active_learning": [
        737736.47,
        657304.76,
        582306.97,
        332305.96,
        115970.46,
        222962.88,
        223688.7,
        151797.0,
        295834.23000000004,
        365859.63,
        330851.92000000004,
        330536.49,
        437948.54000000004,
        366138.01,
        330352.06,
        401900.49,
        401626.08,
        366678.35000000003,
        402077.22000000003,
        401792.49,
        401770.35000000003
    ]
}