{
    "virtual_best": 3220.34,
    "single_best": 363305.52,
    "passive_learning": 40543.52,
    "active_learning": [
        402247.31,
        365761.84,
        257036.23,
        184757.95,
        149092.75,
        149151.13,
        113033.79,
        112483.63,
        112460.68,
        112098.22,
        111902.17,
        76164.94,
        148231.54,
        112652.17,
        40605.409999999996,
        148341.28000000003,
        76526.88,
        112270.52,
        76605.31999999999,
        112324.29,
        112664.28
    ]
}