{
    "virtual_best": 9765.11,
    "single_best": 149569.2,
    "passive_learning": 258762.73,
    "active_learning": [
        149205.78999999998,
        181712.55,
        221350.49,
        254610.85,
        291028.18,
        327151.11,
        326468.19999999995,
        327152.52,
        327152.03,
        327133.03,
        327132.5,
        291142.87,
        255013.87,
        257774.88,
        293691.78,
        330735.55000000005,
        330738.04000000004,
        329676.58999999997,
        259454.96,
        331070.57999999996,
        293653.41000000003,
        257666.78,
        294313.69999999995,
        294715.29000000004,
        292365.25,
        294787.85,
        222792.05,
        222796.66999999998,
        186777.28,
        186775.94,
        186775.94,
        259085.27,
        259085.27,
        259085.8,
        259085.27,
        259085.8,
        259193.41999999998,
        259081.19,
        259081.19,
        259081.19,
        258759.66,
        258759.66,
        258759.66,
        258759.66,
        258759.66,
        258759.66,
        258759.66,
        258759.66,
        258759.66,
        258759.66,
        258759.66,
        258759.66,
        258759.66,
        258759.66,
        258759.56,
        258763.59,
        258762.73,
        258758.98,
        222770.9,
        222770.9
    ]
}