{
    "virtual_best": 9659.45,
    "single_best": 151653.92,
    "passive_learning": 286325.6,
    "active_learning": [
        178774.32,
        178743.36,
        214763.49,
        251104.75,
        286629.44999999995,
        286630.28,
        286630.25,
        286630.25,
        286630.25,
        286630.25,
        286630.25,
        286630.37,
        214739.98,
        214740.97,
        250710.85,
        286329.32999999996,
        322298.74,
        250430.19,
        286371.33999999997,
        286380.44999999995,
        250675.25,
        286325.3,
        286359.29000000004,
        286325.51,
        286325.51,
        286325.51,
        286325.53,
        286325.53,
        286325.53,
        286322.29000000004,
        286331.70999999996,
        286322.55,
        286322.55,
        286322.55,
        286322.55,
        286322.55,
        286322.55,
        286322.55,
        286322.55,
        286322.55,
        286322.53,
        286322.53,
        286338.58999999997,
        286338.58999999997,
        286338.85,
        286338.85,
        286338.85,
        286322.53,
        286322.53,
        286322.53,
        286322.53,
        286322.53,
        286322.53,
        286322.53,
        286322.53,
        286321.54000000004,
        286321.3,
        286325.32,
        286321.3,
        286321.3
    ]
}