{
    "virtual_best": 2974.4,
    "single_best": 223818.31,
    "passive_learning": 402458.12000000005,
    "active_learning": [
        690857.65,
        691045.47,
        727084.27,
        583843.4299999999,
        583548.52,
        692415.6699999999,
        548318.12,
        655505.4099999999,
        547546.7999999999,
        691376.82,
        655902.5399999999,
        294228.16000000003,
        402564.05000000005,
        330710.94,
        330371.64,
        473591.65,
        365735.55000000005,
        329589.59,
        366248.86000000004,
        365875.15
    ]
}