{
    "virtual_best": 1896.5,
    "single_best": 185042.53,
    "passive_learning": 148932.41,
    "active_learning": [
        222349.91999999998,
        328729.58,
        400504.63,
        292580.07,
        257047.16,
        256965.41,
        185304.51,
        220836.61,
        149479.63,
        184808.57,
        185338.99,
        149293.93,
        185102.53,
        148719.8,
        112996.36,
        184409.15,
        148864.82,
        184706.41999999998,
        148726.65,
        148840.08
    ]
}