{
    "virtual_best": 2289.78,
    "single_best": 365785.03,
    "passive_learning": 110081.14,
    "active_learning": [
        256747.67,
        256694.95,
        110985.65,
        146949.58,
        76272.58,
        76294.42,
        40433.03,
        76298.31,
        112618.41,
        40623.61,
        112282.31,
        76625.64,
        76626.44,
        148290.56,
        112297.81999999999,
        112297.83,
        76626.45,
        76626.45,
        112634.56999999999,
        148275.17,
        148275.17,
        112282.43,
        148275.17,
        148290.56,
        148266.76,
        148266.76,
        148262.46,
        112420.99,
        148270.87,
        148262.46,
        112614.88,
        112614.88,
        112614.88,
        112614.88,
        112614.88,
        148270.87,
        148270.87,
        148270.87,
        148270.87,
        148270.87,
        148270.87,
        148270.87,
        148270.87,
        148270.87,
        148270.87,
        148270.87,
        148270.87,
        148270.87,
        148270.87,
        148270.87,
        148270.87,
        110046.02,
        74413.81999999999,
        110030.53,
        110071.66,
        110065.9,
        110065.95,
        110042.14,
        110065.94,
        110186.7,
        145807.61,
        145798.31,
        181574.29,
        145823.55,
        181589.32,
        181589.32,
        145823.84,
        145823.88999999998
    ]
}