{
    "virtual_best": 7656.33,
    "single_best": 8519.42,
    "passive_learning": 8536.730000000001,
    "active_learning": [
        478913.2,
        478857.43000000005,
        8542.49,
        8531.300000000001,
        224081.53,
        188720.29,
        45752.33,
        188720.29,
        188720.29,
        442936.44,
        478849.88,
        224044.18,
        442970.22000000003,
        478920.23000000004,
        478869.72000000003,
        443044.47000000003,
        442970.22000000003,
        297850.98000000004,
        478869.72000000003,
        224094.69,
        224094.69,
        442970.22000000003,
        407055.45,
        443036.17000000004,
        443036.17000000004,
        443036.17000000004,
        224172.69,
        154548.58,
        224095.0,
        371780.24000000005,
        407079.82,
        407079.82,
        407079.82,
        407079.82,
        407079.82,
        407079.82,
        407079.82,
        407079.82,
        407079.82,
        407079.82,
        407079.82,
        407079.82,
        407079.82,
        407079.82,
        407079.82,
        407079.82,
        407079.82,
        407079.82,
        407079.82,
        407079.82,
        407079.82,
        191538.29,
        8554.470000000001,
        227405.04,
        8661.060000000001,
        8658.7,
        8658.7,
        8658.7,
        8658.7,
        227329.51,
        225708.82,
        261548.82,
        188149.72,
        116159.25,
        407091.37000000005,
        407032.08,
        335006.7,
        335006.7
    ]
}