{
    "virtual_best": 2852.5,
    "single_best": 327047.33,
    "passive_learning": 112225.33,
    "active_learning": [
        77277.79,
        185580.57,
        113405.04,
        113141.23,
        148456.21,
        184007.63999999998,
        76952.33,
        76811.4,
        184335.44,
        148366.63999999998,
        147735.53,
        147758.35,
        148185.38,
        184280.03,
        148708.38,
        148426.06,
        184222.43,
        148253.22,
        148289.19999999998,
        148218.18
    ]
}