{
    "virtual_best": 1558.52,
    "single_best": 223372.63,
    "passive_learning": 37747.270000000004,
    "active_learning": [
        111236.73000000001,
        111221.03,
        111218.95,
        111218.85,
        111218.67,
        75229.88,
        111217.53,
        109641.84,
        37745.71000000001,
        37742.950000000004,
        37746.01,
        73652.17,
        73651.83,
        73663.71,
        109651.82,
        73642.15000000001,
        37649.520000000004,
        37657.600000000006,
        37657.590000000004,
        37646.090000000004,
        37646.43,
        37646.08,
        37646.3,
        1765.25,
        37619.060000000005,
        37619.700000000004,
        37619.68,
        37619.82000000001,
        37619.36,
        37619.25,
        37619.25,
        37619.36,
        37619.36,
        1765.5500000000002,
        37619.36,
        37619.36,
        37619.700000000004,
        37619.700000000004,
        37619.700000000004,
        37619.700000000004,
        37619.700000000004,
        37619.700000000004,
        37619.700000000004,
        37619.700000000004,
        37619.700000000004,
        37619.700000000004,
        37619.700000000004,
        37619.700000000004,
        37619.380000000005,
        37619.43,
        37619.43,
        73612.51000000001,
        73612.51000000001,
        37619.43,
        37732.530000000006,
        37812.200000000004,
        73816.92,
        73805.28,
        73804.16,
        73804.16
    ]
}