{
    "virtual_best": 7130.14,
    "single_best": 7944.24,
    "passive_learning": 44040.79,
    "active_learning": [
        7978.46,
        7978.48,
        7978.48,
        7978.46,
        7978.46,
        7978.48,
        7978.48,
        7978.41,
        7978.5,
        7978.41,
        7978.429999999999,
        7978.48,
        7978.48,
        7978.41,
        7978.41,
        7978.41,
        7978.41,
        44049.27,
        8104.45,
        8104.45,
        8104.45,
        8104.429999999999,
        8104.45,
        8003.67,
        115664.43000000001,
        115882.82,
        151750.86,
        79850.75,
        115591.97,
        151750.84,
        8095.969999999999,
        8095.99,
        8095.969999999999
    ]
}