{
    "virtual_best": 2606.66,
    "single_best": 291031.16,
    "passive_learning": 112417.24,
    "active_learning": [
        111892.52,
        112176.91,
        38750.14,
        38749.659999999996,
        2771.45,
        2772.0499999999997,
        2771.9599999999996,
        38680.56,
        2772.1299999999997,
        38680.6,
        2771.6,
        38679.52,
        2771.6699999999996,
        38679.54,
        38679.43,
        2772.3799999999997,
        38680.82,
        112417.76000000001,
        38723.77,
        38724.32,
        38726.65,
        38726.68,
        38724.29,
        38724.29,
        74485.63,
        39132.979999999996,
        110873.3,
        39132.93,
        75012.59000000001,
        112824.40000000001,
        38728.729999999996,
        38724.34,
        38724.68
    ]
}