{
    "virtual_best": 3115.26,
    "single_best": 259567.76,
    "passive_learning": 474906.72,
    "active_learning": [
        1023874.54,
        590433.86,
        298095.79,
        154832.0,
        403547.54,
        403903.20999999996,
        332352.98,
        402780.61,
        366580.93,
        403764.1,
        547618.79,
        582911.69,
        582647.0,
        583170.9299999999,
        476015.86,
        402706.52999999997,
        475132.69999999995,
        402958.86,
        331965.23,
        439179.54,
        439402.29
    ]
}