{
    "virtual_best": 2167.91,
    "single_best": 259061.69,
    "passive_learning": 148108.84,
    "active_learning": [
        404750.24,
        331818.51,
        257687.91,
        185810.12000000002,
        221649.84,
        184300.52000000002,
        77627.40999999999,
        148137.89,
        112653.09999999999,
        148388.92,
        147692.46000000002,
        112001.64,
        147488.38,
        111329.53,
        112166.17,
        220468.27000000002,
        183363.94,
        147368.62000000002,
        147737.44,
        147542.75,
        147542.75
    ]
}