{
    "virtual_best": 4144.72,
    "single_best": 508239.47,
    "passive_learning": 328776.8,
    "active_learning": [
        472690.42000000004,
        507688.26,
        436486.0,
        435895.39,
        399778.82,
        399217.34,
        363487.85000000003,
        399998.01,
        292525.83,
        364452.05,
        257034.23,
        364299.63,
        364841.10000000003,
        328373.77,
        328944.46,
        220966.53000000003,
        328707.84,
        364128.76,
        328857.64,
        292532.34
    ]
}