{
    "virtual_best": 3294.32,
    "single_best": 305095.08,
    "passive_learning": 330872.36,
    "active_learning": [
        82125.72,
        260707.41,
        261422.97,
        80629.2,
        115700.84,
        80184.45,
        80727.97,
        81150.99,
        116600.97,
        116660.78,
        188776.08000000002,
        115995.25,
        331280.47000000003,
        439148.27,
        367879.32,
        438682.4,
        402649.48000000004,
        474792.09,
        330742.0,
        222889.09000000003
    ]
}