{
    "virtual_best": 9914.64,
    "single_best": 149951.76,
    "passive_learning": 330209.58999999997,
    "active_learning": [
        218525.87,
        218437.1,
        182320.83,
        182441.18,
        182494.67,
        182405.04,
        149239.03,
        185250.99,
        185162.73,
        258172.48,
        258190.62,
        259794.09,
        258150.39,
        258141.45,
        258244.96,
        258241.61000000002,
        258188.49,
        222212.73,
        185427.54,
        185225.87,
        185232.28,
        185225.38,
        185229.42,
        185257.57,
        185213.99,
        185215.33,
        185215.33,
        185223.18,
        257987.55,
        258031.84,
        257949.32,
        257995.29,
        257947.67,
        257948.09,
        257949.42,
        257949.42,
        257949.42,
        257949.42,
        257948.09,
        257948.09,
        257948.09,
        258016.4,
        258016.4,
        258013.73,
        258051.3,
        258055.07,
        258054.97,
        258054.97,
        258054.97,
        258054.97,
        258062.82,
        258064.16,
        257995.74,
        257993.72,
        257993.72,
        257993.72,
        257993.72,
        257993.72,
        293884.24,
        294015.0,
        224660.18,
        224722.9,
        258008.34,
        297266.54000000004,
        297542.66000000003,
        330553.9,
        330552.56000000006
    ]
}