{
    "virtual_best": 7168.18,
    "single_best": 110336.32,
    "passive_learning": 143246.85,
    "active_learning": [
        179208.43,
        215155.1,
        215068.48,
        215074.57,
        215060.93,
        250891.41,
        250890.84,
        216549.27,
        250888.42,
        249749.91,
        177730.37,
        142098.65,
        178077.59,
        177692.66,
        177692.66,
        143361.02000000002,
        213689.06,
        178030.9,
        213689.31,
        178883.24,
        142874.01,
        178870.8,
        108658.94,
        107352.73,
        108472.09,
        108472.09,
        106989.41,
        141806.79,
        107461.08,
        106133.69,
        71787.19,
        141951.27000000002,
        141951.55,
        141951.55,
        141951.27000000002,
        141951.27000000002,
        141951.27000000002,
        141952.72999999998,
        141952.72999999998,
        141952.72999999998,
        141952.72999999998,
        141953.57,
        105956.78,
        105956.78,
        105956.78,
        105956.78,
        105956.78,
        105956.78,
        105956.78,
        105956.78,
        141956.96000000002,
        141956.96000000002,
        142297.44,
        177963.66,
        177963.66,
        177963.66,
        177963.66,
        177963.66,
        71617.93,
        141951.72,
        143170.59,
        107177.19,
        107089.33,
        143091.11,
        143248.99,
        143247.06,
        143247.06
    ]
}