{
    "virtual_best": 7787.1,
    "single_best": 8450.8,
    "passive_learning": 151828.08,
    "active_learning": [
        8479.8,
        8479.8,
        8479.8,
        8479.75,
        8479.75,
        8479.769999999999,
        8479.769999999999,
        8479.769999999999,
        8502.3,
        8479.679999999998,
        8479.699999999999,
        8479.699999999999,
        44373.73,
        8479.699999999999,
        8479.699999999999,
        8479.699999999999,
        8479.699999999999,
        8479.72,
        8480.59,
        8479.699999999999,
        8498.779999999999,
        8498.779999999999,
        8498.779999999999,
        8498.779999999999,
        8498.779999999999,
        8501.119999999999,
        8501.119999999999,
        8498.76,
        8479.699999999999,
        8479.679999999998,
        8479.679999999998
    ]
}