{
    "virtual_best": 921.04,
    "single_best": 184782.72,
    "passive_learning": 36907.380000000005,
    "active_learning": [
        217362.63,
        181364.93,
        181590.67,
        181609.92,
        109367.88,
        73300.02,
        73387.51,
        109296.67,
        2688.8999999999996,
        1197.63,
        1197.88,
        37108.700000000004,
        37105.92,
        37105.9,
        1252.3700000000001,
        1251.75,
        37105.56,
        37105.770000000004,
        1252.05,
        1052.69,
        37050.01,
        37105.56,
        72903.82,
        37008.91,
        37007.53,
        36908.450000000004,
        37005.65,
        37005.08,
        37005.08,
        36907.35,
        36907.35
    ]
}