{
    "virtual_best": 7863.53,
    "single_best": 8613.29,
    "passive_learning": 8564.92,
    "active_learning": [
        8742.720000000001,
        8742.720000000001,
        11910.25,
        8742.740000000002,
        8731.08,
        8756.12,
        8742.720000000001,
        8744.480000000001,
        8663.5,
        8723.570000000002,
        8742.720000000001,
        8741.880000000001,
        8742.19,
        8660.11,
        8541.490000000002,
        8556.87,
        8584.59,
        191181.58000000002,
        259404.1,
        259374.28,
        442081.77,
        8521.980000000001,
        259462.63,
        8599.16,
        153991.6,
        259789.18000000002,
        442348.56,
        442429.88,
        442429.88,
        442437.53,
        442437.53,
        442437.53,
        442437.53,
        442437.53,
        442437.53,
        442437.53,
        442437.53,
        442437.53,
        442437.53,
        442437.53,
        442437.53,
        442437.53,
        442437.53,
        442437.53,
        442437.53,
        442437.53,
        442437.53,
        442086.84,
        191161.91,
        334209.56,
        226572.87000000002,
        442361.64,
        442282.89,
        8599.16,
        226572.89,
        8565.390000000001,
        8564.94,
        8665.740000000002,
        8599.18,
        8599.16,
        8599.16
    ]
}