{
    "virtual_best": 2025.29,
    "single_best": 290621.71,
    "passive_learning": 38298.53,
    "active_learning": [
        109855.36,
        145770.04,
        145770.0,
        109848.04,
        73894.31,
        74184.04,
        74180.8,
        3816.35,
        38217.06,
        2646.72,
        2629.14,
        2628.7999999999997,
        2629.62,
        38292.03999999999,
        2640.95,
        2670.7,
        38326.7,
        74564.87,
        38294.85,
        38288.549999999996,
        74527.76,
        38299.11,
        2634.6499999999996,
        38260.18,
        38260.18,
        2604.29,
        38882.1,
        38870.78,
        38870.78,
        38870.78,
        38870.78,
        38870.78,
        38870.78,
        38870.78,
        38870.78,
        38870.78,
        38870.78,
        38870.78,
        38870.78,
        38870.78,
        38870.78,
        38870.78,
        38870.78,
        38870.78,
        38870.78,
        38870.78,
        38870.78,
        74565.16,
        74556.36,
        74526.52,
        74526.66,
        111240.14,
        110020.2,
        73751.7,
        110019.25,
        73751.66,
        38095.7,
        73753.77,
        73751.69,
        73751.69,
        73751.65
    ]
}