{
    "virtual_best": 7699.53,
    "single_best": 8448.33,
    "passive_learning": 189470.02,
    "active_learning": [
        47038.72,
        261827.65,
        261827.65,
        47038.72,
        261827.65,
        261763.66,
        225933.6,
        47100.44,
        442858.73,
        261825.38,
        8482.95,
        189516.25,
        8482.9,
        8482.9,
        47036.380000000005,
        8485.24,
        47038.72,
        8948.92,
        8482.9,
        332985.23,
        187645.34,
        223763.97,
        43852.57000000001,
        8545.57,
        404960.51999999996,
        117792.17,
        8576.3,
        8570.49,
        117773.57,
        8553.61,
        151825.65,
        151825.65
    ]
}