{
    "virtual_best": 1485.92,
    "single_best": 290775.64,
    "passive_learning": 75737.86,
    "active_learning": [
        182169.42,
        109940.74,
        38271.310000000005,
        39695.18,
        110228.12000000001,
        74176.19,
        74204.14,
        2409.97,
        76042.31,
        74209.59,
        1951.23,
        39781.23,
        1944.49,
        37953.12,
        1962.99,
        1962.99,
        1951.15,
        2204.02,
        1915.8200000000002,
        39753.100000000006,
        1925.51,
        1922.65,
        1910.01,
        1910.44,
        39739.9,
        1909.77,
        1903.49,
        1909.77,
        73787.48000000001,
        1903.2900000000002,
        1903.16,
        1903.16
    ]
}