{
    "virtual_best": 3033.36,
    "single_best": 329218.19,
    "passive_learning": 76919.96999999999,
    "active_learning": [
        364019.26,
        185079.97999999998,
        185426.9,
        220369.06,
        257470.69,
        256573.28,
        292318.74,
        184195.02,
        184873.27,
        149403.22999999998,
        112872.90999999999,
        112984.95999999999,
        112514.82999999999,
        149446.46,
        112578.20999999999,
        148687.16999999998,
        113151.79,
        149021.81,
        112951.87999999999,
        112931.17,
        77233.09,
        113444.18999999999
    ]
}