{
    "virtual_best": 3362.53,
    "single_best": 269397.46,
    "passive_learning": 402681.17,
    "active_learning": [
        583489.32,
        587784.5499999999,
        622738.8899999999,
        583177.7,
        510032.62,
        473193.17,
        511023.9,
        582354.19,
        617329.8899999999,
        367610.14,
        403663.9,
        115981.53000000001,
        402539.73,
        366657.35000000003,
        403367.97000000003,
        438573.33,
        366661.09,
        366146.91000000003,
        331782.76,
        367045.05,
        332703.43,
        297031.4,
        332581.82,
        403880.27,
        331653.3,
        403894.02,
        367944.54,
        367980.84,
        403127.95,
        403144.91000000003,
        438820.42,
        402863.28,
        402665.45,
        402818.78,
        403137.33,
        403137.33,
        403137.33,
        439095.16000000003,
        403137.33,
        439095.16000000003,
        366939.72000000003,
        366885.04,
        403266.15,
        403137.33,
        403276.13,
        403121.19,
        438799.09,
        438556.26,
        367137.55,
        438800.94,
        403137.33,
        439018.18,
        439092.51,
        403259.99,
        439094.47000000003,
        367188.24,
        403307.37,
        403137.33,
        439094.47000000003,
        403137.33,
        403121.19,
        367223.65,
        331212.99,
        403110.83,
        403137.33,
        403137.33,
        403121.19
    ]
}