{
    "virtual_best": 3484.78,
    "single_best": 221380.9,
    "passive_learning": 5241.0,
    "active_learning": [
        292802.49,
        329488.94,
        220666.54,
        292545.9,
        220334.09,
        184405.31,
        184651.14,
        219932.66,
        148568.23,
        78001.07,
        41143.94,
        5302.5,
        41052.7,
        6160.32,
        41173.87,
        5484.5,
        5179.74,
        41025.37,
        5305.040000000001,
        41714.37,
        5418.780000000001,
        5151.79,
        5190.8099999999995,
        5411.23,
        5381.73,
        5488.9400000000005,
        5554.299999999999,
        5554.299999999999,
        5399.75,
        5399.75,
        5401.360000000001,
        5401.360000000001,
        5414.73,
        5248.66,
        5428.110000000001,
        5428.110000000001,
        5428.110000000001,
        5428.110000000001,
        5428.110000000001,
        5275.42,
        5206.710000000001,
        5228.030000000001,
        5159.32,
        5428.110000000001,
        5428.110000000001,
        5361.76,
        5428.110000000001,
        5428.110000000001,
        5428.110000000001,
        5428.110000000001,
        5428.110000000001,
        5428.110000000001,
        5428.110000000001,
        5428.110000000001,
        5428.110000000001,
        5428.110000000001,
        5428.110000000001,
        5428.110000000001,
        5275.42,
        5428.110000000001,
        5428.110000000001,
        5228.030000000001,
        5206.710000000001,
        5159.32,
        5428.110000000001,
        5428.110000000001,
        5428.110000000001
    ]
}