{
    "virtual_best": 3605.23,
    "single_best": 400156.97,
    "passive_learning": 148929.13,
    "active_learning": [
        472626.26999999996,
        436224.1,
        327936.73,
        327056.74,
        328162.56999999995,
        255565.29,
        184149.95,
        219621.96,
        255978.2,
        255716.42,
        184232.26,
        184344.58,
        219992.09,
        220017.06,
        255554.25,
        255504.3,
        184573.39,
        219874.57,
        184093.0,
        183971.34,
        184387.59,
        184256.87,
        184483.4,
        184402.63,
        220136.65,
        219973.81,
        220121.66,
        219761.86000000002,
        219761.64,
        219766.12,
        219766.12,
        184184.97,
        184180.56,
        184180.56,
        184180.56,
        184180.56,
        184180.56,
        184180.56,
        184180.56,
        184180.56,
        184180.56,
        184180.56,
        184180.56,
        184180.56,
        184180.56,
        184180.56,
        184180.56,
        184180.56,
        184180.56,
        184180.56,
        184180.56,
        184180.56,
        148424.2,
        184449.54,
        148334.59,
        148333.47,
        184533.43
    ]
}