{
    "virtual_best": 3116.02,
    "single_best": 295826.87,
    "passive_learning": 366575.18,
    "active_learning": [
        473388.81999999995,
        259113.02,
        473377.02999999997,
        331370.54,
        437890.79,
        294917.42,
        151868.24,
        116536.48,
        259470.88,
        258801.48,
        189404.86000000002,
        366578.27999999997,
        294118.39999999997,
        258171.52,
        367024.49,
        402286.23,
        509806.85,
        401655.02999999997,
        402519.91,
        474083.75,
        438299.99,
        473580.24,
        438180.57999999996,
        437611.87999999995,
        437936.29,
        509647.70999999996,
        473529.17,
        473509.12,
        473556.11,
        473556.11,
        473556.11,
        509593.67,
        509593.98,
        509593.98,
        509593.98,
        509593.98,
        509593.98,
        509593.98,
        509593.98,
        509593.98,
        509593.98,
        509593.98,
        509593.98,
        509593.98,
        509593.98,
        509593.98,
        509593.98,
        509593.98,
        509593.98,
        509593.98,
        509593.98,
        509593.98,
        474085.12,
        510275.43,
        474281.93,
        473580.00999999995,
        474404.58999999997
    ]
}