{
    "virtual_best": 6303.28,
    "single_best": 74734.52,
    "passive_learning": 179051.86000000002,
    "active_learning": [
        214613.45,
        143226.55,
        179115.08000000002,
        143558.32,
        107799.42000000001,
        107792.68,
        143644.82,
        179364.9,
        143253.79,
        179248.04,
        179248.02000000002,
        215245.44,
        179295.93,
        179203.74000000002,
        106397.4,
        179205.68,
        179349.18,
        143207.7,
        179266.05000000002,
        143274.55,
        143274.55,
        106426.22,
        106426.22,
        106426.22,
        106503.07999999999,
        142462.07,
        107335.79999999999,
        143327.91,
        106426.82,
        106426.23999999999,
        143269.87,
        142417.77,
        142417.77,
        142417.77,
        142417.77,
        142139.91,
        142139.91,
        142139.91,
        142139.91,
        142139.91,
        142392.79,
        142392.79,
        142392.79,
        142392.79,
        142417.15,
        142417.15,
        142417.15,
        142417.15,
        142417.15,
        142417.15,
        142417.15,
        142417.15,
        142392.79,
        142392.79,
        142392.79,
        142392.79,
        142392.79,
        142392.79,
        107177.93,
        143170.02,
        143169.44,
        142859.98,
        142015.67,
        106045.70000000001,
        106045.73000000001,
        70054.2,
        106023.56,
        142014.36,
        143062.17,
        215050.64,
        215050.64
    ]
}