{
    "virtual_best": 8926.26,
    "single_best": 149234.86,
    "passive_learning": 293699.87,
    "active_learning": [
        323016.55,
        323310.25999999995,
        323309.70999999996,
        322758.75999999995,
        251424.85,
        251534.17,
        254193.94,
        182768.39,
        146036.7,
        182718.79,
        182585.6,
        254551.75,
        218547.61000000002,
        327474.87,
        255283.19,
        255279.86000000002,
        146558.47,
        182550.87,
        182577.52000000002,
        182550.87,
        182550.87,
        182515.28,
        219275.06,
        291223.86,
        327251.17,
        291267.19,
        291267.19,
        291267.19,
        327251.17,
        327218.76999999996,
        254526.57,
        327253.79,
        327221.38,
        327221.38,
        254496.79,
        327185.8,
        327185.8,
        327185.8,
        327185.49,
        327183.19,
        327421.44,
        327385.86,
        327385.86,
        327384.51999999996,
        327452.50999999995,
        327452.50999999995,
        327452.50999999995,
        327452.50999999995,
        327452.50999999995,
        327452.50999999995,
        327452.50999999995,
        327452.50999999995,
        327452.50999999995,
        327452.50999999995,
        327452.50999999995,
        327452.50999999995,
        327452.50999999995,
        327452.50999999995,
        327220.75999999995,
        327215.26999999996,
        327214.25,
        327220.75999999995,
        327182.87,
        329594.93,
        329649.62,
        329648.63999999996,
        329651.91,
        329650.94999999995,
        256925.02000000002,
        256925.98,
        256925.98
    ]
}