{
    "virtual_best": 2390.83,
    "single_best": 254764.79,
    "passive_learning": 111092.85,
    "active_learning": [
        183645.44999999998,
        183673.15,
        183251.44,
        147876.81,
        76434.36,
        112118.96,
        75973.81000000001,
        111610.29000000001,
        111553.09000000001,
        75826.39,
        111778.44,
        111372.21,
        146827.16999999998,
        146848.68,
        111234.36,
        111172.6,
        111071.5,
        111220.26000000001,
        146779.37,
        111120.0,
        146782.81
    ]
}