{
    "virtual_best": 3391.25,
    "single_best": 305713.19,
    "passive_learning": 224427.59,
    "active_learning": [
        509814.97000000003,
        509396.63,
        331605.82,
        296541.85000000003,
        438806.98000000004,
        546191.44,
        438487.28,
        439088.54000000004,
        402825.39,
        330498.61000000004,
        403453.45,
        331935.04000000004,
        368100.57,
        260829.55,
        225799.88999999998,
        189515.44999999998,
        296399.15,
        368026.96,
        188720.83,
        117081.22,
        225361.38
    ]
}