{
    "virtual_best": 2441.09,
    "single_best": 328659.55,
    "passive_learning": 38653.24,
    "active_learning": [
        110842.23,
        76615.88,
        39112.52,
        111511.88,
        110800.44,
        76209.66,
        75477.6,
        75477.6,
        74830.93,
        38827.68,
        39460.46,
        74834.69,
        76367.84,
        76357.89,
        76357.86,
        76367.26,
        40369.54,
        40360.14,
        41110.35,
        76367.26,
        40360.14,
        40367.979999999996,
        40368.26,
        76365.63,
        76365.61,
        40360.47,
        40360.47,
        4363.03,
        4363.03,
        4363.03,
        2655.8,
        2655.8,
        2663.6200000000003,
        2663.6200000000003,
        2657.78,
        2657.78,
        2657.6000000000004,
        2657.6000000000004,
        2657.6000000000004,
        2657.6000000000004,
        2657.6000000000004,
        2657.6000000000004,
        2657.6000000000004,
        2657.6000000000004,
        2657.6000000000004,
        2657.6000000000004,
        2657.6000000000004,
        2657.6000000000004,
        38652.659999999996,
        38654.92,
        38654.92,
        2665.42,
        75400.70999999999,
        75390.99,
        3397.82,
        39403.01,
        38644.979999999996,
        38644.96,
        38644.96,
        38644.96,
        38644.96
    ]
}