{
    "virtual_best": 7233.99,
    "single_best": 8038.2,
    "passive_learning": 8223.43,
    "active_learning": [
        8285.44,
        8313.810000000001,
        8326.01,
        8459.83,
        226236.99,
        226481.96,
        226481.94,
        226462.55,
        8394.54,
        8409.320000000002,
        226558.53,
        8368.18,
        8371.460000000001,
        8429.83,
        8436.720000000001,
        8405.470000000001,
        8456.26,
        118053.66,
        226545.13,
        8389.86,
        8419.050000000001,
        8410.68,
        8416.76,
        8279.37,
        8333.95,
        8326.570000000002,
        8349.150000000001,
        44203.89,
        44203.89,
        44203.89,
        8324.300000000001,
        8324.300000000001,
        8324.230000000001,
        8324.230000000001,
        8324.230000000001,
        8324.230000000001,
        8324.230000000001,
        8324.230000000001,
        8324.230000000001,
        8324.230000000001,
        8324.230000000001,
        8324.230000000001,
        8324.230000000001,
        8324.230000000001,
        8324.230000000001,
        8324.230000000001,
        8324.230000000001,
        8324.230000000001,
        8324.230000000001,
        8324.230000000001,
        8326.570000000002,
        8324.230000000001,
        262180.61000000004,
        226389.67,
        82182.19,
        118184.41,
        8223.5,
        8223.45,
        8188.009999999999,
        8237.320000000002,
        8237.320000000002
    ]
}