{
    "virtual_best": 2403.89,
    "single_best": 291366.14,
    "passive_learning": 184019.85,
    "active_learning": [
        327616.57999999996,
        363051.24,
        254910.66,
        255120.13,
        398020.86,
        219316.23,
        255924.1,
        219535.2,
        219610.90000000002,
        148272.75,
        184061.90000000002,
        184104.55000000002,
        219794.19,
        184236.03,
        220221.01,
        148884.99000000002,
        184089.52000000002,
        220018.62000000002,
        220119.88,
        148216.97,
        112997.43,
        220610.13,
        184154.32,
        184506.75,
        148703.54,
        148387.31000000003,
        148691.96000000002,
        148987.81000000003,
        148719.25,
        148700.13,
        148699.63,
        184632.67,
        184632.67,
        184632.67,
        184632.66,
        184632.66,
        184632.66,
        184632.66,
        184632.66,
        184632.66,
        184632.66,
        184632.66,
        184632.66,
        184632.66,
        184632.66,
        184632.66,
        184632.66,
        184632.66,
        184632.66,
        184632.66,
        184632.66,
        184632.66,
        184632.66,
        184632.66,
        148933.81000000003,
        220181.78,
        148573.78,
        147970.95,
        184408.39
    ]
}