{
    "virtual_best": 2857.62,
    "single_best": 258967.02,
    "passive_learning": 330651.02999999997,
    "active_learning": [
        371465.17,
        116102.68,
        79623.73,
        116255.58,
        401022.57,
        367091.01,
        366767.5,
        582681.4500000001,
        223273.44,
        296066.73,
        295917.06,
        402983.97,
        402525.43,
        330413.66,
        366724.54,
        366553.27999999997,
        366647.88,
        330366.29,
        366649.26,
        330496.57999999996,
        365658.95999999996,
        294773.02999999997,
        330723.52999999997,
        366767.32,
        366539.70999999996,
        402649.04,
        402335.44,
        402305.98,
        366285.49,
        366756.62,
        402534.61,
        402516.23,
        402516.23,
        402555.07,
        402555.47,
        402555.47,
        402555.47,
        402555.47,
        402555.47,
        402555.47,
        402555.47,
        402555.47,
        402555.47,
        402555.47,
        402555.47,
        402555.47,
        402555.47,
        402555.47,
        402555.47,
        402555.47,
        402555.47,
        402555.47,
        402555.47,
        402555.47,
        331465.12,
        367461.26999999996,
        402436.26999999996,
        366091.58999999997,
        294654.22
    ]
}