{
    "virtual_best": 1767.52,
    "single_best": 255045.38,
    "passive_learning": 75103.78,
    "active_learning": [
        183514.19,
        111459.4,
        111394.22,
        40092.68,
        40211.51,
        183706.04,
        75926.79999999999,
        39971.990000000005,
        75422.37999999999,
        39548.530000000006,
        39679.98,
        39422.630000000005,
        39701.51,
        75202.76999999999,
        39686.76,
        39698.560000000005,
        75564.23,
        39495.15,
        111320.40999999999,
        75487.53
    ]
}