{
    "virtual_best": 2978.81,
    "single_best": 269546.37,
    "passive_learning": 510765.47,
    "active_learning": [
        227497.37,
        226896.66999999998,
        261522.68,
        189006.19999999998,
        188974.94,
        152515.37,
        583659.68,
        332403.42,
        261114.5,
        152609.91999999998,
        224471.52,
        224380.77,
        152344.97,
        259578.55,
        224171.78,
        332189.75,
        259362.27,
        403404.42,
        223512.74,
        223452.99
    ]
}