{
    "virtual_best": 2218.03,
    "single_best": 400924.3,
    "passive_learning": 148505.44999999998,
    "active_learning": [
        366616.94,
        328973.12,
        221919.59,
        328474.48,
        113758.15,
        185570.79,
        185121.59,
        149139.13,
        149493.47999999998,
        113485.26999999999,
        148988.55,
        148992.32,
        149121.55,
        113275.4,
        113444.73999999999,
        113078.87999999999,
        113018.2,
        113046.33,
        113076.78,
        148964.94999999998,
        113038.40999999999,
        113048.06999999999,
        113055.72,
        113055.56,
        112990.94,
        113076.59999999999,
        113077.08,
        113075.15999999999,
        113069.11,
        113071.37999999999,
        113071.37999999999,
        113071.37999999999,
        113071.37999999999,
        113071.37999999999,
        113071.37999999999,
        113071.37999999999,
        113071.37999999999,
        113071.37999999999,
        113071.37999999999,
        113071.37999999999,
        113071.37999999999,
        113071.37999999999,
        113071.37999999999,
        113071.37999999999,
        113071.37999999999,
        113071.37999999999,
        113071.37999999999,
        113071.37999999999,
        113071.37999999999,
        113071.37999999999,
        113071.37999999999,
        113071.37999999999,
        113071.37999999999,
        113071.37999999999,
        148626.94,
        148489.55,
        148086.57,
        148324.04,
        148351.52
    ]
}