{
    "virtual_best": 2767.33,
    "single_best": 223496.11,
    "passive_learning": 222908.62,
    "active_learning": [
        1635067.11,
        514812.05,
        186283.49,
        365925.99,
        151050.83,
        294555.33,
        331077.3,
        186762.76,
        259432.84,
        151195.07,
        257578.31,
        257522.88,
        222085.97999999998,
        293228.35,
        221400.22999999998,
        294089.0,
        257702.72,
        366585.23,
        293764.42,
        293646.96,
        292652.1,
        293810.98,
        293975.98,
        293724.08,
        293683.64,
        258430.83,
        258249.91,
        258361.65,
        257807.04,
        257927.33,
        257927.33,
        257927.33,
        257927.33,
        257927.33,
        257927.33,
        257927.33,
        257927.33,
        257927.33,
        257927.33,
        257927.33,
        257927.33,
        257927.33,
        257927.33,
        257927.33,
        257927.33,
        257927.33,
        257927.33,
        257927.33,
        257927.33,
        257927.33,
        257927.33,
        257927.33,
        257927.33,
        257927.33,
        329474.75,
        223033.26,
        258874.07,
        293292.62,
        258108.63
    ]
}