{
    "virtual_best": 3047.92,
    "single_best": 331525.29,
    "passive_learning": 39351.189999999995,
    "active_learning": [
        219551.03,
        147605.62999999998,
        147627.02,
        147627.4,
        147605.27,
        111686.97,
        111686.97,
        111594.58,
        111594.58,
        111594.58,
        111795.62000000001,
        75801.98000000001,
        75801.98000000001,
        75801.98000000001,
        110297.5,
        110297.5,
        74378.64,
        110296.40000000001,
        110296.40000000001,
        110296.40000000001,
        110296.40000000001,
        110296.40000000001,
        110296.40000000001,
        110296.40000000001,
        110296.40000000001,
        110296.40000000001,
        110296.40000000001,
        110296.40000000001,
        110296.40000000001,
        110296.40000000001,
        110296.40000000001,
        110296.40000000001,
        110296.40000000001,
        74199.73000000001,
        74199.73000000001,
        110118.15000000001,
        74199.73000000001,
        74199.73000000001,
        74199.73000000001,
        74199.73000000001,
        74199.73000000001,
        74199.73000000001,
        74199.73000000001,
        74199.73000000001,
        74199.73000000001,
        74199.73000000001,
        74199.73000000001,
        74199.73000000001,
        74199.76000000001,
        110221.6,
        74349.38,
        39419.27,
        39419.299999999996,
        39419.27,
        39349.28,
        3442.05,
        3442.04,
        3442.04,
        3442.04,
        3406.37,
        3406.13,
        3441.8,
        3441.69,
        3464.0099999999998,
        3442.04,
        3441.8,
        3441.8
    ]
}