{
    "virtual_best": 7646.89,
    "single_best": 8318.92,
    "passive_learning": 227320.53,
    "active_learning": [
        296271.96,
        296259.87,
        296271.96,
        296271.96,
        296217.21,
        296214.92000000004,
        296214.92000000004,
        296214.91000000003,
        296214.87,
        296214.92000000004,
        296217.66000000003,
        296214.87,
        296214.87,
        296214.94,
        8353.44,
        8353.42,
        8353.44,
        8353.37,
        8353.37,
        8353.37,
        8353.37,
        8353.37,
        8353.37,
        8353.37,
        8353.37,
        8353.37,
        8353.37,
        8353.37,
        8353.37,
        8353.37,
        8353.37,
        8353.37,
        8353.37,
        43727.77,
        8353.35,
        8353.37,
        8353.44,
        8353.44,
        8353.44,
        8353.44,
        8353.44,
        8353.44,
        8353.44,
        8353.44,
        8353.44,
        8353.44,
        8353.44,
        45599.45,
        8353.37,
        155392.37,
        8353.35,
        8353.35,
        8353.35,
        8353.35,
        191271.78999999998,
        151706.69999999998,
        259462.37,
        187550.81999999998,
        151737.59999999998,
        151671.18,
        117581.8,
        259462.34999999998,
        8363.970000000001,
        8518.01,
        259556.41,
        259462.37,
        259462.37
    ]
}