{
    "virtual_best": 5451.48,
    "single_best": 114157.87,
    "passive_learning": 145768.29,
    "active_learning": [
        145246.2,
        145139.39,
        73200.56,
        142811.01,
        142853.27000000002,
        142808.46000000002,
        178792.44,
        142771.89,
        108729.5,
        142888.47999999998,
        178920.09,
        144841.13,
        178920.09,
        178919.43,
        142746.2,
        108667.24,
        108714.65,
        108671.9,
        142754.52000000002,
        108755.58,
        144739.57,
        144656.33000000002,
        144656.44,
        144656.44,
        144658.63,
        144658.63,
        144702.38,
        144784.38,
        144781.56,
        109863.34,
        109780.1,
        109780.1,
        109780.1,
        109780.1,
        110225.95,
        109752.25,
        143911.9,
        179900.77,
        179900.77,
        215321.24,
        215321.24,
        143094.66,
        145765.39,
        179844.33,
        179844.33,
        179844.33,
        179928.01,
        179928.01,
        145849.05,
        145849.05,
        145849.05,
        145849.05,
        145849.05,
        145849.05,
        145849.05,
        145849.05,
        145849.05,
        145849.05,
        145849.05,
        145849.05,
        145849.05,
        145849.05,
        180677.76,
        146281.25,
        146234.97999999998,
        146234.97999999998
    ]
}