{
    "virtual_best": 10352.97,
    "single_best": 113983.53,
    "passive_learning": 256681.54,
    "active_learning": [
        223754.89,
        222305.44,
        222250.21,
        254866.8,
        222299.56,
        224754.19,
        191670.57,
        224035.26,
        224655.47,
        221294.92,
        221290.09,
        221372.34,
        221304.37,
        221214.9,
        224665.17,
        224626.95,
        223970.44,
        223943.54,
        223947.66,
        190954.2,
        190840.95,
        223508.4,
        223191.24,
        223191.24,
        223565.11000000002,
        223565.11000000002,
        223564.75,
        223564.75,
        256617.7,
        292447.9,
        256501.89,
        328802.57999999996,
        328425.51,
        328425.51,
        256603.98,
        256674.18,
        328937.01,
        292925.45,
        292883.0,
        255961.01,
        191110.78,
        222952.6,
        259221.82,
        292941.08999999997,
        292225.2,
        292941.08999999997,
        259100.79,
        259100.79,
        294813.0,
        294813.0,
        294813.0,
        294813.0,
        294813.0,
        294813.0,
        294813.0,
        259815.24,
        259815.24,
        259815.35,
        259815.35,
        259815.35,
        259815.35,
        259815.35,
        259236.68,
        255964.47,
        255958.8,
        292494.95
    ]
}