{
    "virtual_best": 3996.35,
    "single_best": 257640.6,
    "passive_learning": 4378.38,
    "active_learning": [
        256020.2,
        326078.72,
        147827.06,
        110981.2,
        112190.98,
        110815.11,
        110815.01,
        110815.01,
        110847.0,
        40051.01,
        75822.75,
        110598.45,
        110598.84,
        74602.66,
        38831.32,
        4395.51,
        4395.51,
        4395.52,
        4395.2300000000005,
        4395.47,
        4213.51,
        4213.64,
        40211.22,
        4213.5,
        4213.5,
        4213.5,
        4213.5,
        4213.5,
        4213.5,
        4213.5,
        4213.5,
        4213.5,
        4213.5,
        4213.5,
        4213.5,
        4213.5,
        4213.5,
        4213.5,
        4213.5,
        4213.5,
        4213.5,
        4213.5,
        4213.5,
        4213.5,
        4213.5,
        4213.5,
        4213.5,
        4213.5,
        4213.47,
        4213.58,
        4213.55,
        40193.86,
        4196.21,
        4213.81,
        4213.14,
        4213.780000000001,
        40193.96,
        4211.75,
        4395.95,
        40376.04,
        40376.1,
        40376.1
    ]
}