{
    "virtual_best": 7151.22,
    "single_best": 7908.92,
    "passive_learning": 8050.610000000001,
    "active_learning": [
        8002.85,
        373934.11,
        261338.71,
        11184.22,
        82385.11,
        11184.269999999999,
        11184.22,
        47010.71,
        9812.849999999999,
        11120.23,
        261338.71,
        261338.71,
        261361.29,
        225447.0,
        46558.62,
        11184.22,
        7938.81,
        7938.81,
        226802.29,
        7975.37,
        7963.7300000000005,
        7975.37,
        7975.37,
        7975.37,
        7975.37,
        7975.37,
        7975.37,
        7975.37,
        7975.37,
        7975.37,
        7975.37,
        7975.37,
        7975.37,
        7975.37,
        7975.37,
        7975.37,
        7975.37,
        7975.37,
        7975.37,
        7975.37,
        7975.37,
        7975.37,
        7975.37,
        7975.37,
        7975.37,
        7975.37,
        7975.37,
        7975.37,
        7941.150000000001,
        7938.83,
        7963.7300000000005,
        7961.41,
        7938.83,
        7938.81,
        7938.83,
        7938.81,
        7938.83,
        8009.9400000000005,
        8050.63,
        8050.63,
        8048.29,
        8048.29
    ]
}