{
    "virtual_best": 3337.43,
    "single_best": 403074.24,
    "passive_learning": 113470.84000000001,
    "active_learning": [
        400036.91000000003,
        149698.5,
        149132.9,
        222000.11000000002,
        221808.47,
        113923.09000000001,
        185031.07,
        113722.91,
        113619.45000000001,
        149637.58000000002,
        113471.09000000001,
        149497.34,
        113754.27,
        113715.64,
        113551.73000000001,
        77770.83,
        149785.57,
        149650.48,
        114218.0,
        185728.58000000002
    ]
}