{
    "virtual_best": 2812.77,
    "single_best": 259152.87,
    "passive_learning": 365828.26,
    "active_learning": [
        475356.2,
        151349.44,
        186844.06,
        114781.8,
        115317.65000000001,
        294366.49,
        401593.77,
        402011.34,
        330040.0,
        223428.42,
        186680.68,
        329936.09,
        258262.83000000002,
        293530.55,
        329754.41000000003,
        365021.75,
        365638.54,
        329738.09,
        401484.76,
        402297.9
    ]
}