{
    "virtual_best": 10324.77,
    "single_best": 149942.15,
    "passive_learning": 361336.67,
    "active_learning": [
        324970.54,
        289220.27,
        325149.88,
        292553.24,
        292606.91000000003,
        289121.5,
        289197.61,
        254283.59,
        256576.9,
        256648.97,
        256561.94,
        256596.22999999998,
        292364.94,
        325650.61,
        324934.02,
        326250.56,
        362039.38,
        325767.44,
        325795.86,
        289895.13,
        361390.25,
        325948.18,
        290001.1,
        253726.56,
        289548.16000000003,
        253726.56,
        254199.59,
        254199.59,
        254003.31999999998,
        254002.78999999998,
        253943.94999999998,
        254127.31,
        254127.31,
        289653.55,
        253949.09,
        253226.78999999998,
        253226.78999999998,
        253226.78999999998,
        253226.78999999998,
        289048.38,
        253176.08,
        324903.0,
        289376.77,
        220827.4,
        253382.28,
        289190.26,
        253183.87,
        253183.87,
        253183.87,
        253183.87,
        253183.87,
        253184.4,
        253184.4,
        253122.97999999998,
        253122.97999999998,
        253122.97999999998,
        253122.97999999998,
        253122.97999999998,
        253122.97999999998,
        325126.01,
        324932.14,
        324970.01,
        324969.23,
        324912.95,
        325815.33999999997,
        361757.14,
        361740.04,
        361355.57,
        361444.87
    ]
}