{
    "virtual_best": 11047.77,
    "single_best": 119865.93,
    "passive_learning": 108468.1,
    "active_learning": [
        285183.59,
        248916.62,
        176961.74,
        176906.65,
        176906.19999999998,
        177230.33,
        177197.81,
        177165.86,
        213145.71,
        213104.49,
        213056.12,
        213090.25,
        212752.11,
        213089.02,
        213062.84999999998,
        213097.33,
        178686.77,
        178687.56,
        178677.61,
        178726.99,
        178678.4,
        212773.97,
        212744.56,
        178331.44,
        178328.88999999998,
        178328.88999999998,
        178684.21,
        178684.21,
        178690.16,
        178717.00999999998,
        178390.02,
        178386.63,
        178386.63,
        178434.25,
        178437.63999999998,
        178393.36,
        178396.75,
        178396.75,
        178396.75,
        178742.91999999998,
        178742.91999999998,
        178436.00999999998,
        178436.00999999998,
        178436.00999999998,
        178436.00999999998,
        178446.13,
        178436.00999999998,
        178436.00999999998,
        178436.00999999998,
        178436.00999999998,
        178436.00999999998,
        178436.00999999998,
        178446.13,
        178439.4,
        178439.4,
        178439.4,
        178439.4,
        178439.4,
        178439.4,
        178372.33,
        212932.27,
        178395.15,
        108548.81,
        74064.48999999999,
        74276.25,
        108676.82,
        73962.22,
        108699.88,
        180357.65
    ]
}