{
    "virtual_best": 2898.52,
    "single_best": 259410.18,
    "passive_learning": 653889.94,
    "active_learning": [
        843233.09,
        805311.0599999999,
        481185.95999999996,
        298266.76,
        510524.04,
        365313.38,
        222812.9,
        364572.58999999997,
        365299.61,
        364845.05,
        257178.53,
        472762.88,
        473732.94,
        509025.77999999997,
        546116.36,
        473046.89999999997,
        473233.98,
        509866.14999999997,
        509068.36,
        473043.26999999996
    ]
}