{
    "virtual_best": 1958.14,
    "single_best": 255466.45,
    "passive_learning": 111045.48,
    "active_learning": [
        293779.62,
        113145.23,
        148660.93999999997,
        112782.71,
        76079.62,
        76525.13,
        40101.26,
        75600.33,
        147906.06,
        147221.09999999998,
        147391.33,
        111490.6,
        219505.4,
        112014.74,
        148130.59999999998,
        147427.03999999998,
        183700.11,
        219401.55,
        111811.5,
        111806.89
    ]
}