{
    "virtual_best": 2733.98,
    "single_best": 222690.49,
    "passive_learning": 437385.94,
    "active_learning": [
        448888.54000000004,
        375211.53,
        300477.26,
        331676.84,
        330056.42000000004,
        332034.77,
        295579.10000000003,
        186269.59,
        151799.88999999998,
        187358.83,
        186661.62,
        258177.78999999998,
        294750.13,
        329066.25,
        329806.23000000004,
        256990.9,
        293100.75,
        437238.31,
        401382.75,
        437247.43,
        328819.33,
        329622.92000000004,
        329482.74,
        365456.63,
        328790.62,
        364828.32,
        401320.83,
        400998.21,
        329228.63,
        328849.08,
        364987.08,
        328833.45,
        329065.17000000004,
        365579.4,
        364859.63,
        364859.63,
        364859.63,
        364859.63,
        364859.63,
        364859.63,
        364859.63,
        364859.63,
        364859.63,
        364859.63,
        364859.63,
        364859.63,
        364859.63,
        364859.63,
        364859.63,
        364859.63,
        364859.63,
        364859.63,
        364859.63,
        364859.63,
        401983.9,
        365890.65,
        402640.76,
        293963.48000000004,
        365347.17000000004
    ]
}