{
    "virtual_best": 4342.88,
    "single_best": 615142.82,
    "passive_learning": 292687.3,
    "active_learning": [
        616690.0199999999,
        437446.10000000003,
        436611.09,
        473091.56,
        472569.66000000003,
        365161.02,
        364650.2,
        292885.01,
        221398.44999999998,
        185041.61,
        257031.47,
        221100.52,
        221448.49,
        328847.87,
        328356.42000000004,
        292932.48000000004,
        328496.61000000004,
        292445.48000000004,
        328319.10000000003,
        328729.8,
        292722.11000000004,
        257090.55,
        256922.68999999997,
        292782.95,
        256643.61,
        220861.87,
        220909.59,
        220913.22999999998,
        220897.4,
        256857.97999999998,
        292819.15,
        293066.15,
        293200.51,
        293074.21,
        293090.2,
        293090.2,
        293090.2,
        293090.2,
        293090.2,
        293090.2,
        293090.2,
        293090.2,
        293090.2,
        293090.2,
        293090.2,
        293090.2,
        293090.2,
        293090.2,
        293090.2,
        293090.2,
        293090.2,
        293090.2,
        293090.2,
        293090.2,
        257133.43999999997,
        292668.08,
        292935.66000000003,
        257014.34999999998,
        256797.78999999998
    ]
}