{
    "virtual_best": 2935.52,
    "single_best": 364268.64,
    "passive_learning": 148482.27,
    "active_learning": [
        364667.45999999996,
        292991.95,
        327824.43,
        255552.84999999998,
        292323.69,
        291849.51999999996,
        219655.38999999998,
        184097.75999999998,
        183555.62,
        255488.33,
        255998.3,
        291430.69,
        219732.22999999998,
        255178.96999999997,
        255675.18999999997,
        291438.12,
        219734.19999999998,
        220309.22999999998,
        219828.72999999998,
        220068.46999999997,
        220268.22999999998,
        220270.50999999998,
        148433.34,
        184543.96,
        184499.37,
        184499.37,
        256264.71,
        256264.71,
        184677.87999999998,
        220216.68999999997,
        220216.68999999997,
        220216.68999999997,
        220216.68999999997,
        220216.68999999997,
        220216.68999999997,
        220216.68999999997,
        220216.68999999997,
        220216.68999999997,
        220216.68999999997,
        220216.68999999997,
        220216.68999999997,
        220216.68999999997,
        220216.68999999997,
        220216.68999999997,
        220216.68999999997,
        184289.22999999998,
        220216.68999999997,
        184289.22999999998,
        220216.68999999997,
        220216.68999999997,
        220216.68999999997,
        220216.68999999997,
        220216.68999999997,
        220216.68999999997,
        220216.68999999997,
        220216.68999999997,
        184289.22999999998,
        220216.68999999997,
        220216.68999999997,
        220216.68999999997,
        220216.68999999997,
        220216.68999999997,
        220216.68999999997,
        220216.68999999997,
        220216.68999999997,
        220216.68999999997,
        220216.68999999997,
        220216.68999999997,
        220216.68999999997,
        220216.68999999997,
        220216.68999999997,
        220216.68999999997,
        220216.68999999997,
        220216.68999999997
    ]
}