{
    "virtual_best": 2909.69,
    "single_best": 233774.07,
    "passive_learning": 293824.48,
    "active_learning": [
        874702.83,
        229125.52,
        514237.27999999997,
        476304.95,
        513878.6,
        476336.31,
        403496.18,
        402176.51999999996,
        258637.66999999998,
        293696.47,
        329900.56,
        294550.12,
        365508.98,
        185739.37,
        221796.15,
        329909.06,
        365237.0,
        401299.42,
        364979.0,
        365278.01,
        294504.05,
        258152.53,
        223502.0,
        259280.46,
        330272.97,
        330273.82999999996,
        330231.66,
        330141.04,
        294282.97,
        294851.83999999997,
        402573.25,
        366493.39,
        366493.39,
        330560.44,
        402536.14999999997,
        402573.25,
        402482.63,
        366493.39,
        330753.93,
        366784.55,
        402573.25,
        366493.39,
        402482.63,
        366047.36,
        366493.39,
        402573.25,
        366493.39,
        366584.0,
        365956.74,
        331091.51999999996,
        366784.55,
        402573.25,
        366493.39,
        402482.63,
        365956.74,
        366784.55,
        366584.0,
        366493.39,
        330560.44,
        330349.27999999997,
        294862.36,
        330258.66,
        402573.25,
        402482.63,
        402482.63,
        366584.0,
        401945.99,
        402573.25,
        366493.39,
        366493.39,
        330942.22,
        330795.31,
        366493.39,
        402573.25
    ]
}