{
    "virtual_best": 4391.78,
    "single_best": 219412.42,
    "passive_learning": 75901.27,
    "active_learning": [
        111184.77,
        111040.44,
        111771.15,
        183887.99,
        112286.79,
        76383.05,
        111793.23999999999,
        75935.81999999999,
        75937.78,
        75937.77,
        75937.76,
        75683.26,
        75717.12,
        75717.34999999999,
        75710.52,
        75711.19,
        39697.61,
        39717.159999999996,
        39717.159999999996,
        39716.71,
        39694.03,
        39716.71,
        39717.39,
        39875.939999999995,
        111979.8,
        76033.78,
        76063.09999999999,
        39956.43,
        75902.45,
        75926.25,
        75795.55,
        112030.70999999999,
        112029.61,
        112029.61
    ]
}