{
    "virtual_best": 7385.46,
    "single_best": 8111.91,
    "passive_learning": 81741.86,
    "active_learning": [
        297314.4,
        297314.42,
        11324.58,
        46762.97,
        223605.31,
        299017.09,
        258760.87,
        46698.95,
        8145.400000000001,
        8145.47,
        154007.58,
        8145.450000000001,
        8145.450000000001,
        8145.400000000001,
        8145.450000000001,
        8145.42,
        8145.42,
        8169.89,
        8169.89,
        8147.76,
        8167.55,
        8147.740000000001,
        8145.42,
        117315.73,
        406041.38,
        223126.79,
        223096.41,
        8103.25,
        191007.93,
        191007.93,
        43830.04,
        370215.51,
        441353.36,
        405978.96
    ]
}