{
    "virtual_best": 6491.01,
    "single_best": 40365.96,
    "passive_learning": 71610.04999999999,
    "active_learning": [
        71859.54000000001,
        71862.04999999999,
        71907.38,
        107819.23999999999,
        107843.94,
        107820.3,
        107821.01,
        107819.15,
        107831.51,
        107829.23999999999,
        108091.04,
        108074.09,
        72026.48,
        71264.45999999999,
        71588.9,
        71627.86,
        72088.97,
        71615.85,
        71616.51999999999,
        71653.87,
        71616.51,
        72088.61,
        71620.34,
        71627.47,
        72081.29000000001,
        71608.25,
        71609.19,
        71607.66,
        71607.66
    ]
}