{
    "virtual_best": 8987.47,
    "single_best": 149862.48,
    "passive_learning": 225216.95,
    "active_learning": [
        220203.35,
        222449.27,
        222626.18,
        222813.41999999998,
        222622.19,
        149704.61,
        149389.81,
        149321.44,
        222105.24,
        222920.04,
        222560.09,
        222411.31,
        222036.61,
        222752.07,
        255759.31,
        222288.04,
        258250.04,
        258274.18,
        258542.5,
        258516.81,
        294178.57999999996,
        294242.57,
        294238.68,
        261215.18,
        225216.41999999998,
        258235.8,
        294219.78,
        294209.72,
        294209.72
    ]
}