{
    "virtual_best": 2099.23,
    "single_best": 327435.65,
    "passive_learning": 147889.83000000002,
    "active_learning": [
        256421.23,
        220666.28,
        256388.45,
        291955.70999999996,
        255654.22,
        255230.4,
        183859.09,
        147615.22,
        76511.28,
        76788.08,
        148448.82,
        220162.12,
        184056.28,
        183743.94,
        147951.83000000002,
        147610.67,
        183694.04,
        183622.4,
        147761.32,
        183730.38,
        147736.4,
        183693.97,
        183611.57,
        183717.30000000002,
        183430.26,
        183482.72,
        183482.27,
        183442.4,
        183466.52,
        183460.38,
        183441.25,
        183462.55000000002,
        183444.14,
        183470.13,
        183440.97,
        183440.97,
        183440.97,
        183440.97,
        183440.97,
        183440.97,
        183440.97,
        183440.97,
        183440.97,
        183440.97,
        183440.97,
        183440.97,
        183440.97,
        183440.97,
        183440.97,
        183440.97,
        183440.97,
        183440.97,
        183440.97,
        183440.97,
        183440.97,
        183440.97,
        183440.97,
        111606.43000000001,
        147747.96,
        147522.93,
        147518.88,
        111639.16
    ]
}