{
    "virtual_best": 3145.28,
    "single_best": 259918.25,
    "passive_learning": 474904.29,
    "active_learning": [
        334810.92,
        225143.66,
        224601.81,
        152910.32,
        474734.85,
        475031.98,
        259734.37,
        473656.24,
        402330.49,
        402323.16,
        403814.14999999997,
        367700.74,
        438837.43,
        439454.22,
        438203.57999999996,
        402724.68,
        403232.5,
        402535.67,
        473317.11,
        367227.8,
        509894.73,
        474741.42,
        474478.93,
        473846.98,
        509934.6,
        401870.87999999995,
        401875.06,
        438155.25999999995,
        437891.3,
        401880.01999999996,
        473842.04,
        437859.54,
        473987.74,
        473721.5,
        438202.56,
        438202.56,
        438202.56,
        438202.56,
        438202.56,
        438202.56,
        438202.56,
        438202.56,
        438202.56,
        438202.56,
        438202.56,
        438202.56,
        438202.56,
        438202.56,
        438202.56,
        438202.56,
        438202.56,
        438202.56,
        438202.56,
        438202.56,
        438202.56,
        438202.56,
        438202.56,
        401716.1,
        366124.61,
        330749.12999999995,
        402916.94999999995,
        331640.68
    ]
}