{
    "virtual_best": 3093.47,
    "single_best": 291482.39,
    "passive_learning": 38368.19,
    "active_learning": [
        149487.13,
        76190.73000000001,
        111039.88,
        182979.7,
        182988.35,
        110076.85,
        75047.64000000001,
        74313.65000000001,
        74220.24,
        74145.34000000001,
        74948.83,
        146803.39,
        74382.64000000001,
        74394.96,
        74394.96,
        74388.35,
        74294.18000000001,
        74372.19,
        74372.54000000001,
        74365.91,
        74372.52,
        74365.91,
        38367.64,
        38367.64,
        38290.07,
        38374.69,
        74365.82,
        38368.08,
        38368.19,
        74365.93000000001,
        38368.21,
        74372.54000000001,
        74390.29000000001
    ]
}