{
    "virtual_best": 7512.69,
    "single_best": 8209.02,
    "passive_learning": 8388.68,
    "active_learning": [
        8241.07,
        46858.54,
        46794.48,
        46794.48,
        8241.0,
        8241.039999999999,
        154396.24000000002,
        46854.24,
        43675.159999999996,
        79507.11,
        8299.74,
        8265.94,
        8263.6,
        8241.0,
        8243.36,
        8243.36,
        8265.49,
        8424.789999999999,
        8413.17,
        8424.81,
        8413.17,
        8407.32,
        8390.59,
        8388.23,
        8388.25,
        8388.23,
        8410.83,
        8422.449999999999,
        8422.449999999999,
        8410.83,
        8330.82,
        8422.449999999999,
        9105.13
    ]
}