{
    "virtual_best": 7824.53,
    "single_best": 8509.72,
    "passive_learning": 299545.89,
    "active_learning": [
        298058.72,
        298000.25,
        803576.02,
        191779.66,
        407205.25,
        191757.08,
        8755.269999999999,
        8672.609999999999,
        8619.189999999999,
        8619.189999999999,
        8620.21,
        8657.269999999999,
        8629.93,
        8620.21,
        8671.68,
        8664.15,
        8693.51,
        8612.68,
        8612.68,
        8718.89,
        8718.89,
        8649.81,
        8649.81,
        8618.529999999999,
        8618.529999999999,
        8658.359999999999,
        8670.0,
        297667.33,
        8576.01,
        8576.01,
        44010.18,
        8635.779999999999,
        8635.779999999999,
        47123.64,
        47123.64,
        47123.64,
        47123.64,
        47123.64,
        47123.64,
        47123.64,
        47123.64,
        47123.64,
        47123.64,
        47123.64,
        47123.64,
        47123.64,
        47123.64,
        47123.64,
        47123.64,
        47123.64,
        47123.64,
        47106.909999999996,
        8742.35,
        8797.26,
        8797.26,
        8761.82,
        8679.47,
        8818.449999999999,
        8762.269999999999,
        8715.359999999999,
        8762.269999999999,
        8761.82,
        8797.26,
        8797.26
    ]
}