{
    "virtual_best": 2814.31,
    "single_best": 255134.72,
    "passive_learning": 110572.09,
    "active_learning": [
        147823.18,
        146830.34,
        218228.23,
        147287.9,
        218421.31,
        218208.71,
        182210.41,
        110935.42,
        110748.51,
        111249.68,
        181808.09,
        75144.48999999999,
        111079.51,
        75189.41,
        75160.63,
        75238.79,
        145839.88,
        110654.94,
        110654.94,
        75162.5,
        75162.5,
        111062.64,
        146248.36,
        75161.02,
        111079.44,
        75080.72,
        75082.09999999999,
        110852.56999999999,
        39163.68,
        39163.68,
        3163.69,
        3163.69,
        38658.799999999996,
        38658.81,
        38658.81,
        38663.869999999995,
        38689.17,
        38689.17,
        38689.17,
        38689.17,
        38689.17,
        38689.17,
        38689.17,
        38689.17,
        38689.17,
        38689.17,
        38689.17,
        38689.17,
        38689.17,
        38689.17,
        38689.17,
        3165.07,
        38668.759999999995,
        38700.47,
        38700.49,
        38671.06,
        74669.76,
        38673.1,
        38673.1,
        38673.1,
        38673.1,
        38673.1,
        38673.1,
        38673.1
    ]
}