{
    "virtual_best": 5568.36,
    "single_best": 146590.48,
    "passive_learning": 145886.58000000002,
    "active_learning": [
        216179.5,
        216214.02,
        216267.32,
        213960.14,
        213714.61000000002,
        181456.92,
        181376.71,
        183972.15,
        183996.8,
        183622.97,
        183969.05,
        183671.11000000002,
        183623.32,
        183920.57,
        183622.84,
        183547.61000000002,
        180927.04,
        180869.44,
        181170.59,
        145841.41,
        109945.21,
        109898.94,
        109898.94,
        109898.94,
        109898.94,
        109898.94,
        109898.94,
        109898.94,
        145890.66,
        109897.13,
        109897.13,
        109897.13,
        109897.13,
        145888.85,
        145888.85,
        145888.85,
        145888.85,
        145888.85,
        145888.85,
        145899.68,
        109897.13,
        109897.13,
        109897.13,
        109897.13,
        109897.13,
        109897.13,
        109897.13,
        109897.13,
        109897.13,
        109897.13,
        109897.13,
        109897.13,
        145888.85,
        145888.85,
        145888.85,
        109897.13,
        109897.13,
        109907.96,
        109907.96,
        109907.96,
        109907.96,
        145888.85,
        109904.22,
        145898.02000000002,
        145877.55,
        181877.54,
        145895.94,
        145942.21000000002,
        145884.77000000002,
        145884.77000000002,
        145884.77000000002
    ]
}