{
    "virtual_best": 9754.78,
    "single_best": 146559.61,
    "passive_learning": 291075.44,
    "active_learning": [
        222002.23,
        256742.89,
        256163.77,
        255769.34,
        219776.57,
        218075.77,
        183242.8,
        183241.7,
        183297.69,
        219280.04,
        216925.68,
        252924.57,
        252871.29,
        252818.83,
        252821.44,
        252866.58,
        215663.3,
        180279.41,
        180279.03,
        144265.15,
        180242.84,
        180167.96,
        180171.54,
        179903.73,
        180179.31,
        180174.31,
        143928.13,
        143927.6,
        179914.22,
        179924.12,
        252926.49,
        216657.25,
        217060.89,
        252636.72,
        252449.76,
        251193.18,
        251908.15,
        251908.15,
        251905.0,
        251949.29,
        252663.41,
        252663.41,
        252663.41,
        252663.41,
        252663.41,
        252663.41,
        252663.41,
        252663.41,
        252663.41,
        252663.41,
        252663.41,
        252663.41,
        252698.99,
        252686.56,
        252686.57,
        252650.98,
        252650.98,
        252686.57,
        252686.57,
        252686.57,
        215634.93,
        288933.1,
        291401.62,
        327073.6,
        327096.93000000005,
        363107.23,
        291030.43,
        291109.17000000004,
        291051.82999999996,
        291021.74,
        291023.58999999997
    ]
}