{
    "virtual_best": 6682.86,
    "single_best": 150252.9,
    "passive_learning": 215054.03000000003,
    "active_learning": [
        359096.22000000003,
        325750.56,
        289760.87,
        290037.11,
        287411.75,
        324112.87,
        323400.76,
        323331.38,
        287412.36,
        218380.53999999998,
        251420.12,
        287326.41000000003,
        287335.8,
        251385.40000000002,
        287307.06,
        287342.1,
        322940.53,
        286949.6,
        323205.87,
        179095.05,
        215086.77000000002,
        215084.47000000003,
        215088.22999999998,
        215088.22999999998,
        215092.55,
        179171.05,
        215086.88,
        215086.47000000003,
        215084.16000000003
    ]
}