{
    "virtual_best": 10368.06,
    "single_best": 113983.08,
    "passive_learning": 256615.22000000003,
    "active_learning": [
        433057.02,
        362959.9,
        398723.56,
        362715.07,
        360994.84,
        397125.11000000004,
        361135.78,
        328485.5,
        397765.59,
        289420.0,
        328820.88,
        292966.1,
        329925.25,
        365884.44,
        329967.38,
        293732.82,
        365583.75,
        293629.19,
        257544.86,
        257934.68,
        291202.07,
        255188.03000000003,
        254541.40000000002,
        290392.66000000003,
        254495.0,
        290795.58,
        254864.97000000003,
        327966.87,
        256611.18
    ]
}