{
    "virtual_best": 2063.08,
    "single_best": 256446.92,
    "passive_learning": 148217.21,
    "active_learning": [
        148289.40999999997,
        220190.93,
        183950.78,
        183282.11,
        255772.58,
        219193.12,
        183273.22999999998,
        291315.31,
        219772.21999999997,
        147943.75999999998,
        76421.6,
        112608.3,
        111453.43000000001,
        111767.3,
        112216.77,
        112452.15,
        112607.63,
        75928.51,
        76739.68000000001,
        112112.08,
        112998.36,
        112941.85,
        112786.73,
        112234.68000000001,
        112151.88,
        112222.76,
        112398.18000000001,
        76544.07,
        148625.75999999998,
        112597.89,
        112572.01,
        112478.05,
        112415.76,
        112415.85,
        112415.85,
        112567.01,
        112555.36,
        112555.36,
        112555.36,
        112555.36,
        112555.36,
        112555.36,
        112555.36,
        112555.36,
        112555.36,
        112555.36,
        112555.36,
        112555.36,
        112555.36,
        112555.36,
        112555.36,
        112555.36,
        112555.36,
        112555.36,
        112555.36,
        112555.36,
        184308.69999999998,
        113111.75,
        184645.52,
        148268.46,
        148268.46
    ]
}