{
    "virtual_best": 2907.08,
    "single_best": 259729.59,
    "passive_learning": 401892.26999999996,
    "active_learning": [
        332286.82,
        116529.78,
        115723.88,
        115900.75,
        404197.12,
        367541.57,
        332179.89,
        515257.99,
        622330.96,
        330685.39,
        510297.39999999997,
        473401.51999999996,
        437014.07999999996,
        402071.51,
        509657.20999999996,
        365775.08999999997,
        438060.99,
        401786.61,
        365798.44,
        365826.02999999997,
        366136.7,
        509582.35,
        437000.73,
        402069.36,
        329242.6,
        293345.49,
        365785.64999999997,
        329683.95,
        365888.88,
        366056.27999999997,
        401249.17,
        329716.86,
        473310.37,
        437382.75,
        437382.75,
        401764.32,
        473368.93,
        473368.93,
        473368.93,
        473368.93,
        473368.93,
        473368.93,
        473368.93,
        473368.93,
        473368.93,
        473368.93,
        473368.93,
        473368.93,
        473368.93,
        473368.93,
        473368.93,
        473368.93,
        473368.93,
        473368.93,
        473368.93,
        473368.93,
        473123.89999999997,
        402465.22,
        437219.14,
        437472.93,
        437472.93
    ]
}