{
    "virtual_best": 7233.17,
    "single_best": 218219.52,
    "passive_learning": 179309.93,
    "active_learning": [
        251188.5,
        218166.77999999997,
        215874.0,
        219424.53999999998,
        219606.78999999998,
        253147.93,
        180198.5,
        216195.43,
        216771.88,
        252785.2,
        180530.87,
        143718.41999999998,
        143946.65,
        110564.64,
        252374.46999999997,
        214836.99,
        214491.43,
        180694.65999999997,
        215323.63,
        145471.57,
        145359.11,
        110489.45,
        145229.41999999998,
        144283.08000000002,
        144279.69,
        145232.81,
        179308.38,
        145226.97
    ]
}