{
    "virtual_best": 8658.96,
    "single_best": 113992.92,
    "passive_learning": 259512.19,
    "active_learning": [
        222737.15000000002,
        221406.31,
        295842.2,
        258698.52999999997,
        222739.3,
        222675.90000000002,
        189551.56,
        189552.40000000002,
        222716.84999999998,
        255949.51,
        364643.08999999997,
        328714.76999999996,
        292701.72,
        259537.59999999998,
        259538.09000000003,
        297760.2,
        295190.23,
        331141.8,
        295142.89,
        295464.52,
        222476.31,
        331195.72,
        295211.16,
        295211.16,
        327754.13999999996,
        331182.70999999996,
        331182.70999999996,
        331190.45999999996
    ]
}