{
    "virtual_best": 2679.77,
    "single_best": 293651.86,
    "passive_learning": 112773.94,
    "active_learning": [
        366456.26,
        256062.15,
        220710.85,
        184427.72,
        220429.81,
        112982.62,
        149057.76,
        77341.45999999999,
        112915.06,
        41740.04,
        76934.87999999999,
        76828.9,
        41528.0,
        77267.01999999999,
        76845.79,
        77239.75,
        41406.75,
        113969.86,
        149597.94999999998,
        149620.05,
        149620.05
    ]
}