{
    "virtual_best": 2836.51,
    "single_best": 259379.75,
    "passive_learning": 329232.16,
    "active_learning": [
        336248.92,
        187514.9,
        116379.79999999999,
        78582.12,
        150929.22999999998,
        150688.59,
        329723.68,
        329555.14,
        365822.21,
        293643.33,
        185376.22,
        293045.56,
        257217.07,
        258300.16999999998,
        293423.24,
        365352.77999999997,
        328589.96,
        400856.94,
        294123.82,
        329080.52,
        329309.49
    ]
}