{
    "virtual_best": 7505.91,
    "single_best": 8297.97,
    "passive_learning": 8285.18,
    "active_learning": [
        225841.30000000002,
        46884.6,
        8331.12,
        8331.14,
        8331.16,
        8331.07,
        8331.09,
        8331.05,
        8331.07,
        8331.15,
        8331.07,
        8331.07,
        8333.41,
        8333.41,
        8331.07,
        8331.07,
        8331.07,
        8330.76,
        8331.05,
        8331.05,
        8442.37,
        8287.54,
        8319.44,
        8285.2,
        8285.2,
        8285.210000000001,
        8285.2,
        8285.22,
        8285.18,
        8285.2,
        8285.2,
        8285.18,
        8319.4,
        8319.4
    ]
}