{
    "virtual_best": 1788.07,
    "single_best": 291681.4,
    "passive_learning": 2091.65,
    "active_learning": [
        146128.79,
        38373.93,
        38374.299999999996,
        2425.88,
        38428.29,
        38334.1,
        38330.72,
        38427.71,
        2414.7200000000003,
        2401.92,
        2307.07,
        2509.34,
        38332.869999999995,
        2191.61,
        38012.2,
        2093.78,
        2093.78,
        2093.66,
        2093.77,
        2093.9900000000002,
        2111.98,
        2091.86,
        2091.84,
        2091.19,
        2091.65,
        2091.1800000000003,
        2091.1800000000003,
        2186.17,
        2091.1800000000003,
        2091.39,
        2091.2000000000003,
        2091.41,
        2091.65,
        2091.65
    ]
}