{
    "virtual_best": 2376.59,
    "single_best": 219102.75,
    "passive_learning": 2591.82,
    "active_learning": [
        146709.99,
        110464.15000000001,
        145920.05,
        38444.79,
        110231.74,
        74198.93000000001,
        74237.68000000001,
        74237.61,
        74213.39,
        74213.33,
        74212.85,
        74213.25,
        74177.46,
        74177.47,
        38419.83,
        38455.5,
        38419.840000000004,
        38419.83,
        38419.83,
        38518.41,
        38518.41,
        38518.490000000005,
        38527.450000000004,
        38527.450000000004,
        38517.850000000006,
        38517.850000000006,
        38517.850000000006,
        38517.770000000004,
        38517.770000000004,
        38517.770000000004,
        38517.770000000004,
        38517.770000000004,
        38518.41,
        38517.770000000004,
        38526.73,
        38526.73,
        38526.73,
        38526.73,
        38526.73,
        38517.770000000004,
        38419.83,
        2525.4,
        2525.3900000000003,
        2525.84,
        2525.4,
        2560.6600000000003,
        2478.4900000000002,
        38336.0,
        39139.310000000005,
        2591.8300000000004,
        2493.25,
        2591.8500000000004,
        2587.05,
        2593.13,
        2588.3100000000004,
        2589.4900000000002
    ]
}