{
    "virtual_best": 7696.76,
    "single_best": 8595.81,
    "passive_learning": 8726.359999999999,
    "active_learning": [
        8625.359999999999,
        8625.359999999999,
        8625.359999999999,
        8625.359999999999,
        8625.359999999999,
        8625.359999999999,
        8625.359999999999,
        8625.359999999999,
        8625.359999999999,
        8625.359999999999,
        8625.39,
        8625.39,
        8625.369999999999,
        8625.369999999999,
        8627.71,
        8625.369999999999,
        8665.84,
        8625.369999999999,
        8625.369999999999,
        8625.369999999999,
        8625.369999999999,
        8625.369999999999,
        8625.369999999999,
        8625.369999999999,
        8625.369999999999,
        8625.369999999999,
        8625.369999999999,
        8625.369999999999,
        8625.369999999999,
        8625.369999999999,
        8625.369999999999,
        8625.369999999999,
        8625.369999999999,
        8625.369999999999,
        8625.369999999999,
        8625.369999999999,
        8625.369999999999,
        8625.369999999999,
        8625.369999999999,
        8625.369999999999,
        8647.519999999999,
        8625.369999999999,
        8625.369999999999,
        8625.369999999999,
        8625.369999999999,
        8625.369999999999,
        8533.23,
        8598.58,
        190813.22,
        8690.9,
        8690.9,
        8693.24,
        8690.9,
        8690.9,
        8690.9,
        8690.9
    ]
}