{
    "virtual_best": 2390.83,
    "single_best": 254764.79,
    "passive_learning": 111092.85,
    "active_learning": [
        326911.64,
        255266.16999999998,
        291150.27,
        255030.72999999998,
        219195.12,
        147111.25,
        111452.34000000001,
        218586.12,
        146720.72999999998,
        147243.81,
        182985.02,
        146792.52,
        147137.46,
        147027.53999999998,
        111253.13,
        147324.91999999998,
        183195.86,
        147214.72999999998,
        75367.33,
        111146.13,
        111181.55,
        111188.98000000001,
        111181.33,
        111133.09000000001,
        110993.96,
        111007.59000000001,
        111007.59000000001,
        111007.59000000001,
        111007.59000000001,
        111007.59000000001,
        111007.59000000001,
        111007.59000000001,
        111007.59000000001,
        111007.59000000001,
        111007.59000000001,
        111007.59000000001,
        111007.59000000001,
        111007.59000000001,
        111007.59000000001,
        111007.59000000001,
        111007.59000000001,
        111007.59000000001,
        111007.59000000001,
        111007.59000000001,
        111007.59000000001,
        111007.59000000001,
        111007.59000000001,
        111007.59000000001,
        111007.59000000001,
        111007.59000000001,
        111058.01000000001,
        111203.29000000001,
        111328.68000000001,
        111369.99,
        75757.98000000001
    ]
}