{
    "virtual_best": 3391.25,
    "single_best": 305713.19,
    "passive_learning": 259911.19999999998,
    "active_learning": [
        800191.88,
        836370.63,
        873609.82,
        801100.14,
        549623.95,
        117831.63,
        225367.21,
        332835.03,
        332246.79000000004,
        332704.69,
        405194.0,
        514004.46,
        511996.06,
        476543.06,
        440032.12,
        475459.53,
        475518.81,
        511834.27,
        439589.69,
        404275.91000000003,
        368448.23000000004,
        405404.23000000004,
        368521.7,
        332446.37,
        441200.55000000005,
        441103.82,
        441103.82,
        441103.82,
        441103.82,
        441103.82,
        441103.82,
        441103.82,
        441103.82,
        441103.82,
        441103.82,
        441103.82,
        441103.82,
        441103.82,
        441103.82,
        441103.82,
        441103.82,
        441103.82,
        441103.82,
        441103.82,
        441103.82,
        441103.82,
        441103.82,
        441103.82,
        441103.82,
        441103.82,
        475321.16000000003,
        296334.74000000005,
        331797.93,
        368197.69,
        332078.18
    ]
}