{
    "virtual_best": 10285.93,
    "single_best": 149803.98,
    "passive_learning": 398954.33,
    "active_learning": [
        228238.87,
        260399.96,
        225900.84,
        259827.32,
        261803.24,
        261470.09,
        259175.22,
        259342.53999999998,
        291734.83999999997,
        258945.56,
        291639.66000000003,
        291692.57999999996,
        258635.4,
        259337.37,
        258662.28999999998,
        222741.91,
        222669.06,
        220298.66,
        222835.31,
        258845.22,
        258773.82,
        294773.01,
        258766.38,
        291168.35,
        255280.44999999998,
        327223.1,
        261649.25,
        225777.16,
        294729.1
    ]
}