{
    "virtual_best": 3780.16,
    "single_best": 79725.81,
    "passive_learning": 70675.48999999999,
    "active_learning": [
        107245.82999999999,
        71283.48999999999,
        106927.10999999999,
        106843.59,
        109719.75,
        109689.53,
        110640.26999999999,
        110641.57999999999,
        110809.26,
        109615.06,
        109539.7,
        109522.37,
        109610.09999999999,
        109273.51,
        70362.78,
        70357.16999999998,
        70397.98999999999,
        34678.67999999999,
        34677.81999999999,
        70688.91999999998,
        70671.81,
        70666.15,
        34697.899999999994,
        70711.81,
        70695.23,
        70680.16,
        70712.09,
        70683.51999999999,
        70692.07999999999
    ]
}