{
    "virtual_best": 9018.43,
    "single_best": 149582.46,
    "passive_learning": 396599.8,
    "active_learning": [
        180976.36,
        145790.91999999998,
        218394.90000000002,
        142884.62,
        213368.72999999998,
        216517.22999999998,
        249001.8,
        141759.81,
        249864.11,
        177896.12,
        216712.74,
        217354.58000000002,
        217357.46999999997,
        216933.55,
        289519.44,
        252647.83000000002,
        257269.96999999997,
        292904.58,
        321934.47,
        287804.71,
        292653.72,
        290184.23,
        292733.58,
        292786.14,
        325234.14999999997,
        326004.45999999996,
        290014.75,
        290086.05,
        325958.35,
        325958.35,
        325958.35,
        325962.39,
        325967.24,
        325967.24,
        325967.24,
        325967.24,
        325958.35,
        325957.39,
        325957.39,
        430880.3,
        430880.3,
        430752.89999999997,
        430828.62,
        430828.62,
        430828.62,
        430828.62,
        430828.62,
        430828.62,
        430828.62,
        394875.31,
        394879.0,
        358889.27999999997,
        394470.29,
        358249.81,
        358249.81,
        358248.47,
        397382.85,
        396668.88,
        360660.63
    ]
}