{
    "virtual_best": 9357.94,
    "single_best": 109026.14,
    "passive_learning": 105396.03,
    "active_learning": [
        104234.32,
        104175.11,
        104249.11,
        212155.34000000003,
        176189.90999999997,
        176105.51,
        176094.59000000003,
        175807.11,
        176053.32,
        175941.08000000002,
        104308.26,
        104308.26,
        176045.90000000002,
        176097.62,
        175929.8,
        175931.84999999998,
        140451.66,
        175931.84999999998,
        175929.8,
        175974.02000000002,
        176391.21999999997,
        175962.31,
        213257.81,
        213258.15999999997,
        177764.58000000002,
        177762.03000000003,
        177295.3,
        141769.07,
        141769.07,
        105777.54,
        211709.36,
        177296.24,
        177296.24,
        213287.77000000002,
        213287.77000000002,
        213287.77000000002,
        177296.24,
        177296.24,
        177296.24,
        177296.24,
        177296.24,
        177299.63,
        177296.24,
        177296.24,
        177296.24,
        177296.24,
        177296.24,
        177296.24,
        177296.24,
        141890.19,
        105429.03,
        141398.49,
        141387.56,
        141387.56,
        141420.56,
        141420.56,
        141384.02000000002,
        139811.9,
        105398.78
    ]
}