{
    "virtual_best": 9357.94,
    "single_best": 109026.14,
    "passive_learning": 105396.03,
    "active_learning": [
        104437.59,
        104437.71,
        104443.07,
        104204.22,
        104204.22,
        104219.49,
        140458.26,
        140418.63,
        140325.47999999998,
        140405.61,
        140364.16,
        140396.32,
        140408.28,
        140385.4,
        104437.34,
        140354.66,
        176458.43,
        104535.96,
        70057.95,
        104471.06,
        104471.06,
        104457.5,
        70016.19,
        70044.38,
        104457.5,
        139987.59,
        176019.2,
        105564.34,
        105570.61,
        105570.61,
        105570.61,
        105528.1,
        105686.24,
        140099.36,
        140099.36,
        140099.36,
        140056.27000000002,
        139959.38,
        139959.38,
        175950.90000000002,
        175950.90000000002,
        175950.90000000002,
        175950.90000000002,
        175950.90000000002,
        175950.90000000002,
        175950.90000000002,
        175950.90000000002,
        175950.90000000002,
        175950.90000000002,
        175984.09999999998,
        175984.09999999998,
        141537.78,
        141537.78,
        141570.97999999998,
        141491.74,
        141504.78,
        141504.78,
        141508.02000000002,
        141508.02000000002,
        141504.78,
        141415.94,
        105499.51,
        141369.9,
        141384.16999999998,
        141384.16999999998
    ]
}