{
    "virtual_best": 9018.43,
    "single_best": 149582.46,
    "passive_learning": 396599.8,
    "active_learning": [
        182333.96000000002,
        146801.65,
        183510.31,
        147679.02000000002,
        183214.2,
        180833.96999999997,
        180820.7,
        180784.46000000002,
        183028.87,
        147727.71000000002,
        144677.31,
        180636.56,
        145329.81,
        144659.08000000002,
        144747.62,
        180722.22999999998,
        253529.13,
        288476.49,
        255892.45,
        255862.59000000003,
        255860.43,
        255859.52000000002,
        255910.24,
        256647.83000000002,
        255886.84999999998,
        253228.87,
        253175.76,
        253230.0,
        253221.11,
        253221.11,
        253221.11,
        253221.11,
        253228.86,
        289050.45,
        253228.86,
        253228.86,
        253228.86,
        253221.11,
        253221.11,
        253228.86,
        253228.86,
        253228.86,
        253228.86,
        253228.86,
        253228.86,
        253228.86,
        253228.86,
        253228.86,
        253228.86,
        252935.41999999998,
        252935.41999999998,
        253228.86,
        253221.11,
        252927.66999999998,
        288870.34,
        289163.23,
        289163.23,
        253220.57,
        253220.57,
        289781.18,
        361770.57,
        361772.64999999997,
        397314.35,
        361371.69,
        361371.69
    ]
}