{
    "virtual_best": 2741.42,
    "single_best": 222900.42,
    "passive_learning": 330044.23,
    "active_learning": [
        511701.16000000003,
        365592.58,
        330184.42,
        258105.59,
        402306.17,
        366437.72000000003,
        402647.93,
        366376.41000000003,
        366160.53,
        295421.48,
        366673.35000000003,
        331074.84,
        365766.03,
        366677.24,
        366038.24,
        401265.83,
        402444.21,
        438281.05,
        366614.0,
        366091.62
    ]
}