{
    "virtual_best": 2595.73,
    "single_best": 294572.73,
    "passive_learning": 111860.75,
    "active_learning": [
        256971.81,
        113305.01999999999,
        148895.78,
        112567.92,
        148328.93000000002,
        112236.89,
        111990.26,
        112089.09,
        111894.53,
        112127.92,
        111992.59,
        111968.89,
        112029.54,
        111964.95,
        111867.29,
        111922.06,
        147903.64,
        76117.48999999999,
        147715.24000000002,
        147778.76
    ]
}