{
    "virtual_best": 3957.95,
    "single_best": 186191.65,
    "passive_learning": 4368.18,
    "active_learning": [
        74906.21,
        75016.69,
        74526.82,
        74687.31,
        74687.36,
        74687.39,
        74682.87000000001,
        38335.39000000001,
        74321.31,
        38659.08,
        74136.66,
        38330.060000000005,
        38330.01,
        38695.82000000001,
        38695.82000000001,
        38330.020000000004,
        38330.020000000004,
        38330.020000000004,
        38330.020000000004,
        38330.020000000004,
        38330.020000000004,
        38333.94,
        38333.94,
        38333.990000000005,
        38337.01,
        4373.4,
        4373.42,
        4373.37,
        4373.66,
        4373.37,
        4373.37,
        4369.36,
        4369.41,
        4369.36,
        4369.41,
        4365.11,
        4364.67,
        4365.0599999999995,
        4364.67,
        4364.67,
        4364.67,
        4364.67,
        4364.67,
        4364.67,
        4364.67,
        4364.67,
        4367.12,
        4368.04,
        4367.92,
        4354.61,
        4354.9,
        4316.47,
        4368.51,
        4721.33,
        40312.76,
        40289.5,
        38328.69,
        38328.72,
        40327.340000000004,
        40328.05,
        4382.5199999999995,
        4382.28,
        4691.58,
        4691.58
    ]
}