{
    "virtual_best": 7831.37,
    "single_best": 8585.02,
    "passive_learning": 8763.44,
    "active_learning": [
        47173.19,
        11798.74,
        297788.56,
        8619.68,
        8619.63,
        8619.73,
        8619.7,
        8619.63,
        8619.61,
        9014.57,
        402444.05,
        8619.68,
        8619.68,
        8619.68,
        8619.68,
        8619.68,
        8619.68,
        8619.68,
        8619.68,
        8619.68,
        8619.68,
        8619.68,
        8619.66,
        8619.66,
        8619.68,
        8619.68,
        8619.68,
        8619.68,
        8619.68,
        8619.68,
        8619.68,
        8619.68,
        8619.68,
        8619.68,
        8619.61,
        8619.68,
        8619.68,
        8619.68,
        8619.68,
        8619.68,
        8619.68,
        8619.68,
        8619.68,
        8619.68,
        8619.68,
        8619.68,
        8619.61,
        8619.61,
        8619.61,
        8711.17,
        8683.11,
        8472.56,
        8537.91,
        8617.46,
        191458.91,
        442621.94,
        8537.91,
        259391.64,
        191456.55000000002,
        334810.89999999997,
        8537.91,
        187633.49,
        152284.84,
        152284.84
    ]
}