{
    "virtual_best": 1096.49,
    "single_best": 150698.58,
    "passive_learning": 1472.76,
    "active_learning": [
        75589.17,
        75388.76,
        75396.06999999999,
        75394.42,
        75446.11,
        111420.51,
        39557.64,
        39556.78,
        39546.11,
        3483.71,
        3428.7000000000003,
        3163.05,
        39160.25,
        3178.21,
        39170.46,
        39170.57,
        39156.130000000005,
        3444.88,
        3159.44,
        3158.7000000000003,
        3158.7200000000003,
        3173.11,
        3174.03,
        3173.82,
        3173.82,
        3459.17,
        3444.76,
        39156.74,
        3459.19,
        3459.19,
        3459.19,
        3459.19,
        3459.19,
        3459.19,
        3459.19,
        3459.19,
        3459.19,
        3459.19,
        3459.19,
        3459.19,
        3459.19,
        3459.19,
        3459.19,
        3459.1600000000003,
        3159.42,
        3173.82,
        3484.36,
        3459.1600000000003,
        3484.35,
        1260.5700000000002,
        1268.3500000000001,
        1246.8400000000001,
        1302.43,
        1411.94,
        1483.8100000000002,
        1492.39,
        1400.3000000000002,
        1489.95,
        1470.48,
        1392.47,
        1465.52,
        1465.5500000000002
    ]
}