{
    "virtual_best": 7685.13,
    "single_best": 8485.23,
    "passive_learning": 8689.27,
    "active_learning": [
        295753.30000000005,
        224308.66,
        295753.27,
        295754.92000000004,
        295736.18000000005,
        478691.08,
        295736.18000000005,
        295736.18000000005,
        295736.18000000005,
        295755.59,
        295753.25,
        295753.25,
        295753.25,
        295753.25,
        295755.59,
        295755.59,
        295755.59,
        295755.59,
        295755.59,
        295755.59,
        295755.59,
        295755.59,
        295755.59,
        295753.25,
        295753.25,
        295753.25,
        295753.25,
        295755.59,
        295753.25,
        295753.25,
        295753.25,
        295753.25,
        295753.25,
        295753.25,
        295753.25,
        295753.25,
        295753.25,
        295753.25,
        295753.25,
        295753.25,
        295753.25,
        295753.25,
        295753.25,
        295755.59,
        295755.59,
        295755.59,
        295755.59,
        295755.59,
        295755.59,
        8522.38,
        8522.38,
        8520.039999999999,
        8522.83,
        8689.72,
        8722.369999999999,
        8722.369999999999,
        8687.38,
        44567.04,
        8689.72,
        8689.72,
        8686.93,
        8686.93
    ]
}