{
    "virtual_best": 2722.12,
    "single_best": 291946.8,
    "passive_learning": 220593.97999999998,
    "active_learning": [
        435528.75,
        328545.86,
        293114.14999999997,
        400368.48,
        255633.69,
        328396.2,
        327678.58,
        184164.71,
        220032.83,
        291235.75,
        255420.56,
        291782.86,
        256288.08,
        256164.50999999998,
        220421.8,
        256350.28,
        256177.12,
        291867.7,
        255483.77,
        255470.06
    ]
}