{
    "virtual_best": 9112.95,
    "single_best": 146206.42,
    "passive_learning": 288709.77,
    "active_learning": [
        287661.98,
        291866.01,
        288245.39999999997,
        287532.3,
        287562.17,
        252513.86000000002,
        288683.19,
        287954.17,
        287792.71,
        287580.06,
        251637.87,
        287454.0,
        251350.34,
        251029.30000000002,
        289711.88,
        289803.82,
        287517.49,
        287343.43,
        289762.01,
        287343.5,
        289718.3,
        325742.87,
        324992.33,
        252956.24000000002,
        288707.93,
        288709.77,
        288709.77,
        288708.46,
        288707.93
    ]
}