{
    "virtual_best": 7899.44,
    "single_best": 115833.75,
    "passive_learning": 215784.84,
    "active_learning": [
        320709.26,
        320604.29,
        322151.25,
        322585.81,
        323043.25,
        323046.28,
        323036.97000000003,
        321421.34,
        285442.3,
        287027.91,
        287027.91,
        323015.04,
        251277.2,
        287240.91,
        285624.92,
        249415.06,
        251012.62,
        251028.95,
        248438.6,
        250997.78,
        250997.78,
        286960.02999999997,
        218407.37,
        182666.93,
        215766.38,
        215797.54,
        183211.46000000002,
        215777.98,
        215798.72
    ]
}