{
    "virtual_best": 6902.92,
    "single_best": 7673.59,
    "passive_learning": 115305.54999999999,
    "active_learning": [
        226750.56,
        7866.92,
        442118.47000000003,
        442173.44,
        442101.74,
        442101.74,
        442116.13,
        442099.92,
        442118.47000000003,
        442231.24,
        7962.27,
        226806.6,
        442173.44,
        226898.16,
        442154.29000000004,
        7962.27,
        226862.11000000002,
        226825.75,
        442262.03,
        7962.58,
        226705.25,
        7797.74,
        226790.29,
        334330.43,
        223183.06,
        224695.35,
        226665.83000000002,
        226958.5,
        334218.17,
        226602.63,
        226602.63
    ]
}