{
    "virtual_best": 3023.95,
    "single_best": 327097.1,
    "passive_learning": 74258.25,
    "active_learning": [
        182430.83000000002,
        110540.42,
        146238.0,
        146267.59,
        146238.0,
        110344.18999999999,
        110266.48999999999,
        74346.28,
        74273.76,
        74313.7,
        38488.48,
        38488.48,
        110272.31,
        38485.9,
        74263.62999999999,
        38487.020000000004,
        38493.97,
        38486.9,
        74243.14,
        38495.28,
        38479.04,
        38530.41,
        38530.91,
        74248.28,
        74266.36,
        38528.29,
        38507.85,
        38530.770000000004,
        38513.03,
        38517.5,
        38517.5
    ]
}