{
    "virtual_best": 1558.52,
    "single_best": 223372.63,
    "passive_learning": 73740.01000000001,
    "active_learning": [
        145609.16,
        109645.95,
        145566.21,
        109564.5,
        73659.82,
        73669.04000000001,
        73671.32,
        109646.14,
        109644.0,
        109643.33,
        109637.96,
        73651.54000000001,
        73650.39,
        73638.64,
        73639.02,
        73638.81,
        37646.22,
        1739.8000000000002,
        37648.46000000001,
        37619.280000000006,
        37915.23,
        37813.21000000001,
        37813.98,
        37915.060000000005,
        37896.630000000005,
        73804.25,
        73805.40000000001,
        73804.27,
        73805.26000000001,
        73804.25,
        73804.25,
        37812.520000000004
    ]
}