{
    "virtual_best": 1312.63,
    "single_best": 255241.89,
    "passive_learning": 2106.21,
    "active_learning": [
        181523.0,
        109467.91,
        73572.51000000001,
        73572.85,
        37572.88,
        109548.06,
        1734.02,
        1573.79,
        1397.06,
        1398.23,
        1394.6399999999999,
        1399.5300000000002,
        1423.71,
        1423.71,
        1423.71,
        1425.75,
        109032.94,
        1422.5100000000002,
        109021.61,
        1441.4,
        1495.3400000000001,
        1495.3400000000001,
        1438.0300000000002,
        1438.0300000000002,
        1438.0,
        1438.0,
        1479.3899999999999,
        1479.3899999999999,
        1422.3000000000002,
        1479.75,
        1479.8000000000002,
        1479.8000000000002,
        1479.75,
        1422.3000000000002,
        1422.35,
        1422.35,
        1422.35,
        1422.35,
        1422.35,
        1422.35,
        1422.35,
        1422.35,
        1422.35,
        1422.35,
        1422.35,
        1422.35,
        1422.35,
        1422.35,
        1420.6100000000001,
        1561.25,
        1558.04,
        1560.4499999999998,
        1656.0300000000002,
        1537.4499999999998,
        1469.4299999999998,
        1557.9899999999998,
        1534.19,
        1557.9899999999998,
        1557.9899999999998,
        1733.0100000000002
    ]
}