{
    "virtual_best": 7406.49,
    "single_best": 8212.73,
    "passive_learning": 477844.82,
    "active_learning": [
        8245.64,
        8258.16,
        8245.64,
        8245.589999999998,
        8245.589999999998,
        227161.04,
        8245.589999999998,
        8245.589999999998,
        8245.589999999998,
        8245.589999999998,
        8245.589999999998,
        8245.56,
        8245.509999999998,
        8245.49,
        8245.49,
        8245.509999999998,
        189807.17,
        8245.49,
        189745.52000000002,
        8245.509999999998,
        8245.49,
        8245.58,
        8245.58,
        8245.58,
        8245.589999999998,
        8245.589999999998,
        8245.509999999998,
        8245.509999999998,
        8245.49,
        8245.49,
        8245.49,
        8245.49,
        8245.49,
        8245.49,
        8245.49,
        8245.49,
        8245.49,
        8245.49,
        8245.49,
        8245.49,
        8245.49,
        8245.49,
        8245.49,
        8245.49,
        8245.49,
        8245.49,
        8245.49,
        8245.49,
        8245.199999999999,
        8398.509999999998,
        8341.08,
        8457.259999999998,
        8746.24,
        8421.089999999998,
        370615.89,
        151831.36000000002,
        8454.92,
        190138.06,
        8398.529999999999,
        117942.14
    ]
}