{
    "virtual_best": 8920.51,
    "single_best": 118448.67,
    "passive_learning": 257790.40999999997,
    "active_learning": [
        221557.06,
        221308.0,
        259380.87,
        258718.99,
        257055.59999999998,
        257244.21000000002,
        222195.90000000002,
        223885.33000000002,
        222089.88,
        222013.41999999998,
        221992.63,
        221953.87,
        222116.81,
        222288.77999999997,
        222291.77000000002,
        221931.55,
        221836.52999999997,
        222138.81,
        222135.38,
        222248.63,
        222184.39,
        224919.87,
        224984.3,
        257792.26,
        257857.56,
        257795.86,
        257794.90000000002,
        257796.53999999998
    ]
}