{
    "virtual_best": 6278.8,
    "single_best": 41864.67,
    "passive_learning": 35907.329999999994,
    "active_learning": [
        70736.72,
        71055.59,
        107357.65,
        107991.5,
        35910.969999999994,
        35562.759999999995,
        35562.759999999995,
        35562.60999999999,
        35564.729999999996,
        35564.729999999996,
        36121.219999999994,
        35801.81,
        72546.32999999999,
        35841.969999999994,
        35640.31999999999,
        36354.299999999996,
        35579.049999999996,
        35565.409999999996,
        35568.549999999996,
        35568.02999999999,
        35569.13,
        35569.579999999994,
        35499.329999999994,
        35886.479999999996,
        35769.63,
        36360.7,
        35699.38,
        35699.38
    ]
}