{
    "virtual_best": 3449.81,
    "single_best": 292973.49,
    "passive_learning": 147527.38999999998,
    "active_learning": [
        111699.54,
        76267.47,
        39917.52,
        75854.93,
        112476.16,
        40402.399999999994,
        40400.57,
        76251.79,
        39963.649999999994,
        75728.86,
        111494.68,
        39967.549999999996,
        39732.28,
        111496.06,
        111494.68,
        39967.56,
        111521.70999999999,
        39969.229999999996,
        39966.02,
        76013.87,
        111451.98,
        75569.11,
        147253.46,
        75650.34999999999,
        111082.31,
        111933.11,
        147115.69999999998,
        147622.83,
        147524.18,
        147522.51,
        147522.51,
        147522.51,
        147251.81,
        147251.81,
        147251.81
    ]
}