{
    "virtual_best": 7174.65,
    "single_best": 7918.37,
    "passive_learning": 370086.98000000004,
    "active_learning": [
        225413.65,
        188589.5,
        7962.88,
        7962.95,
        191675.77,
        7896.41,
        7896.4800000000005,
        7896.43,
        7896.41,
        43486.78999999999,
        187303.55,
        7740.1900000000005,
        79545.31999999999,
        187311.47,
        187369.35,
        7740.2300000000005,
        187262.13,
        7774.14,
        7875.650000000001,
        190409.53,
        190401.61,
        116653.23999999999,
        298169.99000000005,
        115629.76,
        43888.59,
        298049.09,
        262377.29000000004,
        370211.18000000005,
        298147.43000000005,
        370109.94,
        370109.63,
        370121.61000000004,
        262367.9,
        298061.98000000004,
        298061.98000000004
    ]
}