{
    "virtual_best": 2260.66,
    "single_best": 222324.66,
    "passive_learning": 2584.0600000000004,
    "active_learning": [
        109109.0,
        2841.03,
        38757.73,
        38659.36,
        38686.4,
        2657.21,
        2587.4300000000003,
        37141.630000000005,
        37002.670000000006,
        37141.880000000005,
        37156.240000000005,
        37244.5,
        37129.53,
        37118.64,
        2475.38,
        37128.43,
        2584.1400000000003,
        2583.73,
        2593.2900000000004,
        2583.4900000000002,
        2593.05,
        2603.53,
        2583.4900000000002,
        2577.6400000000003,
        2593.05,
        2583.73,
        2603.36,
        2584.1400000000003,
        2584.1400000000003,
        2583.73,
        2494.69,
        2583.73,
        2583.73
    ]
}