{
    "virtual_best": 8254.0,
    "single_best": 9137.89,
    "passive_learning": 9315.6,
    "active_learning": [
        298369.21,
        402964.81,
        403006.60000000003,
        298393.63,
        298409.2,
        9178.710000000001,
        9169.41,
        9169.72,
        9167.92,
        259782.80000000002,
        9169.72,
        259785.14,
        9169.72,
        9169.72,
        9169.72,
        9203.94,
        45950.93,
        224326.15000000002,
        187909.18000000002,
        9225.25,
        152342.48,
        188987.89,
        80815.36,
        226326.98,
        9285.630000000001,
        260359.09,
        9265.31,
        9225.25,
        9225.7,
        9225.7,
        9263.03,
        9585.7,
        9227.59
    ]
}