{
    "virtual_best": 4898.83,
    "single_best": 108898.05,
    "passive_learning": 142935.91999999998,
    "active_learning": [
        178920.57,
        143217.9,
        143218.5,
        179288.0,
        143182.86,
        143182.03999999998,
        143193.53,
        143197.19,
        143197.87,
        143180.97999999998,
        143179.56,
        143186.32,
        143187.8,
        107216.94,
        107220.92,
        107225.06999999999,
        107215.31999999999,
        107212.55,
        107212.16,
        107212.16,
        107078.01,
        107022.12,
        107021.81,
        107020.98999999999,
        106956.12,
        142932.52000000002,
        142921.69,
        107020.34999999999,
        107020.34999999999
    ]
}