{
    "virtual_best": 8618.76,
    "single_best": 113815.8,
    "passive_learning": 295433.87,
    "active_learning": [
        259189.19,
        259186.75,
        327987.57,
        256860.86,
        220906.89,
        329128.9,
        292791.0,
        292990.39,
        293050.02999999997,
        293568.05,
        293246.93,
        257285.11,
        184609.94,
        257564.59999999998,
        293542.65,
        293475.6,
        293222.77,
        292985.83,
        293088.59,
        293027.07,
        292914.61,
        292969.27999999997,
        292917.54,
        292970.79,
        295319.45,
        295390.18,
        295492.49,
        295380.84,
        295380.84
    ]
}