{
    "virtual_best": 2780.77,
    "single_best": 259497.38,
    "passive_learning": 365806.43,
    "active_learning": [
        622810.66,
        442254.24,
        624283.8600000001,
        582794.7300000001,
        116295.81,
        115501.42,
        79763.86,
        79882.62,
        82469.37,
        80505.31,
        116073.61,
        152928.83,
        151546.57,
        188383.47,
        186843.53,
        150670.48,
        222338.66,
        329952.27,
        329671.09,
        365965.82,
        402307.68,
        366834.33,
        402034.56,
        401898.41,
        365741.08,
        401379.63,
        365169.66,
        329258.47,
        365699.4,
        329600.74,
        329600.74,
        329600.74,
        329600.74,
        329600.74,
        329600.74,
        329600.74,
        329600.74,
        329600.74,
        329600.74,
        329600.74,
        329600.74,
        329600.74,
        329600.74,
        329600.74,
        329600.74,
        329620.54,
        329600.74,
        329600.74,
        329430.62,
        329450.42,
        365706.75,
        401676.68,
        330045.81,
        330045.81,
        365979.74,
        330045.81,
        437322.27999999997
    ]
}