{
    "virtual_best": 3762.65,
    "single_best": 402583.86,
    "passive_learning": 185066.3,
    "active_learning": [
        509141.18,
        293323.41,
        364631.31,
        471560.22,
        149092.6,
        184339.51,
        148664.71,
        220778.82,
        184981.65,
        184789.16,
        148664.96,
        148539.16999999998,
        113599.95999999999,
        148987.77,
        77983.20999999999,
        77935.18,
        149442.49,
        149639.51,
        184888.3,
        149008.05,
        149522.63999999998,
        149271.91,
        149436.19,
        149354.25,
        185366.4,
        221269.19,
        221483.23,
        221399.47,
        185105.95,
        220785.9,
        220785.9,
        220785.9,
        220785.9,
        220785.9,
        220785.9,
        220785.9,
        220785.9,
        220785.9,
        220785.9,
        220785.9,
        220785.9,
        220785.9,
        220785.9,
        220785.9,
        220785.9,
        220785.9,
        220785.9,
        220785.9,
        220812.56,
        220812.56,
        185611.75,
        185611.75,
        185223.36,
        185223.36,
        149290.41999999998,
        185223.36,
        221160.27
    ]
}