{
    "virtual_best": 2522.6,
    "single_best": 329002.72,
    "passive_learning": 75516.06999999999,
    "active_learning": [
        292871.76,
        219460.61,
        147935.12,
        183089.33,
        147160.02,
        75483.93,
        146607.58,
        147032.86,
        146563.96,
        146714.47999999998,
        146816.18,
        110871.26999999999,
        75100.18,
        111073.11,
        111203.22,
        75423.18,
        75250.42,
        75162.4,
        111161.89,
        75344.65999999999
    ]
}