{
    "virtual_best": 3962.66,
    "single_best": 435910.28,
    "passive_learning": 75816.22,
    "active_learning": [
        255332.69999999998,
        183750.77,
        183228.3,
        219148.06999999998,
        111418.53,
        147220.68,
        145635.62999999998,
        75563.54000000001,
        41602.950000000004,
        75681.79000000001,
        77259.58,
        41603.590000000004,
        77390.66,
        41603.65,
        77317.86,
        41662.16,
        40084.07,
        75740.07,
        75740.07,
        40160.44,
        147246.31,
        75738.28,
        75816.52,
        75816.52,
        75816.52,
        75816.52,
        75816.52,
        75816.52,
        75816.52,
        75816.45,
        75816.45
    ]
}