{
    "virtual_best": 7752.65,
    "single_best": 8551.58,
    "passive_learning": 227495.32,
    "active_learning": [
        8585.439999999999,
        8585.439999999999,
        8585.39,
        8588.21,
        8610.31,
        8588.179999999998,
        8585.369999999999,
        8585.369999999999,
        8610.289999999999,
        8587.71,
        8607.97,
        8585.82,
        8585.82,
        8585.369999999999,
        8619.589999999998,
        8585.39,
        8607.949999999999,
        8585.39,
        8585.369999999999,
        8586.029999999999,
        8642.64,
        8656.31,
        8610.07,
        8539.5,
        9017.189999999999,
        8631.82,
        8631.82,
        8631.82,
        8631.82,
        188228.14,
        8994.609999999999,
        8631.82,
        82748.58,
        82748.56
    ]
}