{
    "virtual_best": 3501.14,
    "single_best": 147496.79,
    "passive_learning": 3656.81,
    "active_learning": [
        110967.44,
        146642.29,
        110646.79000000001,
        110645.87000000001,
        110632.18000000001,
        110667.32,
        110622.18000000001,
        74763.72,
        74751.94,
        74753.04000000001,
        74382.3,
        74382.3,
        74367.77,
        38468.6,
        38481.92,
        38474.659999999996,
        38481.64,
        3667.69,
        3668.2400000000002,
        3667.9700000000003,
        3661.17,
        3660.94,
        39401.81,
        3667.92,
        3667.9100000000003,
        3660.8,
        3646.54,
        3646.77,
        3661.17,
        39397.0,
        3661.61,
        3661.61,
        3661.03,
        3661.03
    ]
}