{
    "virtual_best": 10329.46,
    "single_best": 149943.04,
    "passive_learning": 223247.83000000002,
    "active_learning": [
        216270.34,
        254213.06,
        326380.3,
        218925.17,
        361108.87,
        360331.42,
        254107.52000000002,
        290108.61,
        291310.1,
        254121.64,
        254127.87,
        291131.42,
        291159.62,
        255162.48,
        222611.11000000002,
        291122.88,
        258567.47,
        258770.14,
        258570.52000000002,
        258768.72,
        258570.09,
        258566.05000000002,
        222587.84,
        258663.05000000002,
        291121.66,
        291121.66,
        258859.86000000002,
        258663.05000000002,
        327084.34,
        291175.13,
        291121.37,
        291121.37,
        258565.96000000002,
        258570.0,
        258565.96000000002,
        258565.96000000002,
        258565.96000000002,
        258570.0,
        258570.0,
        258570.0,
        258585.77000000002,
        258570.0,
        258570.0,
        258570.0,
        258585.77000000002,
        258570.0,
        258570.0,
        258570.0,
        258570.0,
        258570.0,
        258570.0,
        258570.0,
        258570.0,
        258570.0,
        258570.0,
        258570.0,
        291408.13,
        259189.64,
        259235.46000000002,
        259273.80000000002,
        259212.31,
        222837.08000000002,
        259235.05000000002,
        226159.89,
        226171.84,
        259239.02000000002,
        259239.02000000002
    ]
}