{
    "virtual_best": 5790.93,
    "single_best": 149046.82,
    "passive_learning": 109479.23000000001,
    "active_learning": [
        223071.86000000002,
        223445.04,
        187463.98,
        189280.41,
        222583.06,
        258461.82,
        188381.1,
        223815.07,
        222975.89,
        187602.72,
        222703.35,
        222957.35,
        222811.81,
        222957.35,
        221575.16,
        223058.65000000002,
        222523.96000000002,
        222378.43000000002,
        222586.55000000002,
        222523.96000000002,
        222523.96000000002,
        222408.46000000002,
        222193.43000000002,
        222193.43000000002,
        222193.43000000002,
        223045.0,
        222192.90000000002,
        222370.99000000002,
        222255.5,
        186276.96000000002,
        186276.96000000002,
        186276.96000000002,
        187129.05000000002,
        186276.96000000002,
        186276.96000000002,
        186276.96000000002,
        186276.96000000002,
        186276.96000000002,
        186276.96000000002,
        186276.96000000002,
        186276.96000000002,
        186276.96000000002,
        186276.96000000002,
        186276.96000000002,
        222255.5,
        222255.5,
        222255.5,
        222255.5,
        222255.5,
        222255.5,
        222255.5,
        222255.5,
        222255.5,
        222255.5,
        222255.5,
        222255.5,
        223349.39,
        222177.32,
        186413.81,
        111190.28,
        147284.32,
        111278.78,
        111137.07,
        147134.02,
        111137.07,
        109479.23000000001,
        109479.23000000001
    ]
}