{
    "virtual_best": 2559.1,
    "single_best": 328781.18,
    "passive_learning": 76108.06999999999,
    "active_learning": [
        328680.11,
        292022.18,
        327417.66,
        148451.59,
        148676.43000000002,
        112788.65,
        148670.84,
        112375.68,
        147813.33000000002,
        148022.55000000002,
        147795.15000000002,
        112440.09999999999,
        112411.28,
        76110.5,
        111897.67,
        76143.93,
        76539.06,
        76151.53,
        76179.23,
        76058.4
    ]
}