{
    "virtual_best": 3120.67,
    "single_best": 223286.53,
    "passive_learning": 329963.47,
    "active_learning": [
        586564.25,
        474451.75,
        474690.51,
        402763.42,
        403277.13999999996,
        117577.20999999999,
        151583.5,
        258893.05000000002,
        152122.85,
        366473.69,
        331030.45999999996,
        258297.59,
        401252.94999999995,
        437821.33999999997,
        472807.66,
        437955.51999999996,
        437347.32999999996,
        437883.19999999995,
        509736.22,
        545660.19
    ]
}