{
    "virtual_best": 2767.33,
    "single_best": 223496.11,
    "passive_learning": 222908.62,
    "active_learning": [
        766506.43,
        554572.48,
        444554.13,
        622734.02,
        475219.0,
        439462.04,
        366708.08999999997,
        438670.52,
        330416.7,
        294200.21,
        259219.6,
        438129.36,
        294131.56,
        257727.51,
        329965.69,
        220988.6,
        293613.05,
        185761.16999999998,
        293602.04,
        258378.49,
        330464.61,
        328725.91,
        257833.13999999998,
        366080.51,
        294061.79,
        294075.39,
        330439.74,
        366085.81,
        330936.44,
        366316.75,
        258469.97,
        294301.21,
        223375.86,
        186840.05,
        222117.13999999998,
        150512.91999999998,
        150514.82,
        150512.91999999998,
        150463.71,
        150462.83,
        222533.19999999998,
        222483.99,
        222176.72,
        222176.72,
        222176.72,
        222483.99,
        222176.72,
        222473.81,
        222533.19999999998,
        222483.99,
        222483.99,
        222462.88999999998,
        222512.09,
        222770.16,
        222770.16,
        222770.16,
        222462.88999999998,
        222512.09,
        222462.88999999998,
        222512.09,
        222770.16,
        222770.16,
        222770.16,
        222770.16,
        222770.16,
        222770.16,
        222770.16,
        222770.16
    ]
}