{
    "virtual_best": 2218.03,
    "single_best": 400924.3,
    "passive_learning": 148505.44999999998,
    "active_learning": [
        362374.37,
        399376.21,
        184291.56,
        255864.33,
        184448.51,
        76767.64,
        77400.54,
        112700.26999999999,
        149065.22,
        148102.86,
        112279.76,
        147891.69,
        112600.23,
        147990.38999999998,
        183859.33,
        112668.47,
        148317.58,
        148315.86,
        148313.53,
        148341.66999999998,
        148345.57,
        148246.26,
        148031.97,
        148384.75,
        148253.28,
        148250.81,
        148478.34,
        148478.34,
        148473.79,
        148473.79,
        148469.69999999998,
        148469.69999999998,
        148489.88,
        148506.15,
        148506.15,
        148505.58,
        148505.58,
        148505.58,
        148505.58,
        148505.71,
        148511.51,
        148511.51,
        148511.51,
        148511.51,
        148511.51,
        148511.51,
        148511.51,
        148511.51,
        148511.51,
        148511.51,
        148511.51,
        148511.51,
        148511.51,
        148511.51,
        148511.51,
        148511.51,
        148511.51,
        148511.51,
        148511.51,
        148511.51,
        148511.51,
        148511.51,
        148511.51,
        148511.51,
        148511.51,
        148511.51,
        148511.51,
        148511.51
    ]
}