{
    "virtual_best": 2975.27,
    "single_best": 295152.86,
    "passive_learning": 401939.04000000004,
    "active_learning": [
        294512.31,
        512600.80000000005,
        474826.95,
        438219.35000000003,
        366097.33,
        329758.77,
        366474.7,
        366493.25,
        402158.43,
        293500.79000000004,
        293308.21,
        293754.30000000005,
        222122.58,
        186349.75,
        293366.34,
        401779.46,
        438261.18,
        508908.78,
        473277.35000000003,
        401932.64,
        366431.77,
        437453.32,
        366103.02,
        330189.88,
        329437.66000000003,
        329891.27,
        402144.96,
        402144.96,
        402295.99,
        402295.99,
        402295.99,
        402295.99,
        402295.99,
        402295.99,
        402295.99,
        402295.99,
        402295.99,
        402295.99,
        402295.99,
        402295.99,
        402295.99,
        402295.99,
        402295.99,
        402295.99,
        402295.99,
        402295.99,
        402295.99,
        402295.99,
        402295.99,
        402295.99,
        402295.99
    ]
}