{
    "virtual_best": 3226.28,
    "single_best": 402442.65,
    "passive_learning": 113759.1,
    "active_learning": [
        293170.49,
        255869.59,
        399607.58,
        364400.95,
        292492.59,
        255895.19999999998,
        185211.08,
        256714.66999999998,
        113286.62000000001,
        185052.94,
        184666.28,
        185195.34999999998,
        184156.22999999998,
        112726.21,
        148825.91999999998,
        113163.40000000001,
        113285.55,
        113728.48000000001,
        113845.94,
        148926.63999999998,
        185625.66999999998,
        114090.52,
        149194.4,
        149241.83,
        149210.8,
        149791.21,
        113796.38,
        113796.38,
        113774.54000000001,
        113774.54000000001,
        113774.54000000001,
        113774.54000000001,
        113774.54000000001,
        113774.54000000001,
        113774.54000000001,
        113774.54000000001,
        113774.54000000001,
        113774.54000000001,
        113774.54000000001,
        113774.54000000001,
        113774.54000000001,
        113774.54000000001,
        113774.54000000001,
        113774.54000000001,
        113774.54000000001,
        113774.54000000001,
        113774.54000000001,
        113774.54000000001,
        113774.54000000001,
        113774.54000000001,
        113774.54000000001
    ]
}