{
    "virtual_best": 2530.23,
    "single_best": 292416.05,
    "passive_learning": 184365.94,
    "active_learning": [
        293500.84,
        293478.42,
        257240.86000000002,
        292068.93,
        184829.58000000002,
        255923.85,
        148462.89,
        77148.28,
        148841.28,
        148523.53,
        112751.31999999999,
        148210.57,
        183985.26,
        220062.30000000002,
        184326.0,
        112843.01999999999,
        219828.84,
        148551.88,
        219991.6,
        220115.55000000002
    ]
}