{
    "virtual_best": 2776.26,
    "single_best": 223508.31,
    "passive_learning": 185440.84,
    "active_learning": [
        401611.60000000003,
        365181.45,
        364760.13,
        293609.34,
        258540.98,
        257202.6,
        151028.29,
        150511.72,
        185047.83000000002,
        150940.27000000002,
        149850.87,
        222386.19,
        186248.69,
        222894.85,
        150326.19,
        150654.6,
        293944.84,
        151467.78,
        149808.48,
        222341.12
    ]
}