{
    "virtual_best": 1113.32,
    "single_best": 184839.82,
    "passive_learning": 39654.61,
    "active_learning": [
        292154.5,
        147765.11,
        184255.74,
        112483.26999999999,
        40872.93,
        76544.65999999999,
        41402.21,
        40669.01,
        39695.91,
        39960.68,
        147875.25999999998,
        39496.590000000004,
        75735.5,
        75210.54999999999,
        75233.60999999999,
        75499.85999999999,
        39563.95,
        39187.04,
        39573.96,
        75778.48,
        75133.37999999999,
        75364.42,
        38938.56,
        74821.51,
        39445.840000000004,
        39337.97,
        39609.24,
        39793.99,
        40075.73,
        39787.06,
        39787.06,
        39787.06,
        39787.06,
        39787.06,
        39787.06,
        39787.06,
        39787.06,
        39787.06,
        39787.06,
        39787.06,
        39787.06,
        39787.06,
        39787.06,
        39787.06,
        39787.06,
        39787.06,
        39787.06,
        39787.06,
        39787.06,
        39787.06,
        39787.06,
        39787.06,
        38728.12,
        38885.62,
        75227.39,
        75258.71999999999,
        39329.82
    ]
}