{
    "virtual_best": 2992.3,
    "single_best": 295244.35,
    "passive_learning": 294601.01,
    "active_learning": [
        690683.7000000001,
        548005.7100000001,
        546824.0900000001,
        80082.68999999999,
        259904.5,
        402522.32,
        222037.94999999998,
        330298.89,
        365852.04,
        222199.72999999998,
        437518.56,
        437775.23,
        401542.24,
        474889.7,
        438264.12,
        330306.33999999997,
        403396.79,
        402707.72,
        330753.45,
        403167.27,
        402682.22,
        294591.74,
        330885.91,
        367530.66,
        403266.47,
        295015.89999999997,
        367005.64999999997,
        366984.3,
        367033.2,
        331113.07,
        331113.07,
        331113.07,
        331113.07,
        331113.07,
        331113.07,
        331113.07,
        331113.07,
        331113.07,
        331113.07,
        331113.07,
        331113.07,
        331113.07,
        331113.07,
        331113.07,
        331113.07,
        331113.07,
        331113.07,
        331113.07,
        331113.07,
        331113.07,
        331113.07,
        331113.07,
        402982.41,
        366724.8,
        404439.73,
        366991.52,
        439500.88
    ]
}