{
    "virtual_best": 7696.76,
    "single_best": 8595.81,
    "passive_learning": 8726.359999999999,
    "active_learning": [
        226229.41999999998,
        226165.43,
        226165.46,
        226165.43,
        47147.450000000004,
        297794.26,
        8625.359999999999,
        8625.359999999999,
        8625.359999999999,
        8625.359999999999,
        8625.359999999999,
        8625.359999999999,
        8625.359999999999,
        47178.840000000004,
        43999.770000000004,
        8625.39,
        8625.39,
        8625.39,
        8625.39,
        9932.74,
        9932.74,
        9932.74,
        8625.39,
        11804.47,
        11804.439999999999,
        11804.439999999999,
        11804.439999999999,
        11804.439999999999,
        11804.439999999999,
        11804.439999999999,
        11804.439999999999,
        11804.439999999999,
        11804.439999999999,
        11804.439999999999,
        11804.439999999999,
        11804.439999999999,
        11804.439999999999,
        11804.439999999999,
        11804.439999999999,
        11804.439999999999,
        11804.439999999999,
        11804.439999999999,
        11804.439999999999,
        11804.439999999999,
        11804.439999999999,
        8625.39,
        8625.39,
        43999.79,
        8625.39,
        8625.39,
        8625.39,
        8625.369999999999,
        8625.369999999999,
        8713.029999999999,
        8713.029999999999,
        8690.92,
        8690.9,
        8690.9,
        8690.92,
        8690.9,
        8713.029999999999,
        8713.029999999999,
        8690.92,
        8713.029999999999,
        8713.029999999999
    ]
}