{
    "virtual_best": 2376.59,
    "single_best": 219102.75,
    "passive_learning": 2591.82,
    "active_learning": [
        254588.65999999997,
        146208.44999999998,
        146200.69,
        110241.95,
        146101.50999999998,
        110141.69,
        74363.85,
        74062.47,
        73996.86,
        38302.54,
        38305.380000000005,
        38305.41,
        38340.87,
        38339.590000000004,
        38341.340000000004,
        38304.04,
        38304.12,
        38304.04,
        38304.04,
        38304.12,
        38304.130000000005,
        38304.130000000005,
        38304.07,
        38304.07,
        38304.100000000006,
        38304.100000000006,
        38304.100000000006,
        38304.100000000006,
        38304.100000000006,
        38304.100000000006,
        38304.100000000006,
        38304.100000000006,
        38304.100000000006,
        38304.100000000006,
        38304.100000000006,
        38304.100000000006,
        38304.100000000006,
        38304.100000000006,
        38304.100000000006,
        38304.100000000006,
        38304.100000000006,
        38304.100000000006,
        38304.100000000006,
        38304.100000000006,
        38304.100000000006,
        38304.07,
        38308.270000000004,
        38299.630000000005,
        2542.1000000000004,
        2534.3700000000003,
        2534.4500000000003,
        2568.8300000000004,
        2560.4900000000002,
        38620.14,
        38619.490000000005,
        38593.64,
        38629.55,
        38530.98,
        2537.0800000000004,
        38495.48,
        38593.350000000006,
        38494.96000000001,
        2493.26,
        2493.0800000000004,
        2493.0800000000004
    ]
}