{
    "virtual_best": 2754.69,
    "single_best": 196720.26,
    "passive_learning": 294496.11000000004,
    "active_learning": [
        447765.48000000004,
        447192.35000000003,
        474676.12,
        330294.3,
        366885.18,
        402006.03,
        222250.53,
        187757.44999999998,
        116011.98,
        79962.84,
        114472.35,
        150791.0,
        258011.56999999998,
        258637.15999999997,
        328999.69,
        365864.12,
        330480.78,
        258093.33,
        222169.38999999998,
        329821.53,
        329894.5,
        366566.0,
        257658.61,
        293995.54000000004,
        366114.32,
        366089.67000000004,
        366076.7,
        294270.86000000004,
        292665.2,
        257544.3,
        258558.3,
        293810.44,
        293892.95,
        257544.3,
        257544.3,
        293514.23000000004,
        221648.37999999998,
        257675.06,
        293514.23000000004,
        293895.37,
        257564.97999999998,
        257544.3,
        257503.21,
        221866.9,
        257544.3,
        293900.54000000004,
        221815.66999999998,
        257502.33,
        293810.44,
        293499.9,
        293484.95,
        221847.09999999998,
        221942.59999999998,
        293810.44,
        293935.27,
        257544.3,
        293513.61000000004,
        293810.44,
        293514.23000000004,
        257503.12,
        221979.71,
        222284.25,
        293916.52,
        257544.3,
        257578.78,
        293810.44,
        293616.0
    ]
}