{
    "virtual_best": 3367.15,
    "single_best": 577993.46,
    "passive_learning": 255871.3,
    "active_learning": [
        472941.44,
        544327.49,
        400042.11000000004,
        399645.54000000004,
        327583.51,
        220099.75,
        255960.43,
        327292.97000000003,
        256731.84,
        220186.38999999998,
        291816.07,
        291629.52,
        291567.60000000003,
        256276.96,
        220236.37,
        255914.4,
        255749.94999999998,
        256647.84,
        219754.09999999998,
        256365.8,
        363161.49,
        256267.77,
        327643.32,
        327654.41000000003,
        219825.21,
        219825.08,
        219803.34,
        219729.61,
        327478.7,
        291335.48000000004,
        255725.55,
        291335.48000000004,
        291335.48000000004,
        291335.48000000004,
        291335.48000000004,
        291335.48000000004,
        291335.48000000004,
        291335.48000000004,
        291335.48000000004,
        291335.48000000004,
        291335.48000000004,
        291335.48000000004,
        291335.48000000004,
        255712.16999999998,
        255712.16999999998,
        291335.48000000004,
        291335.48000000004,
        291335.48000000004,
        291335.48000000004,
        291335.48000000004,
        291335.48000000004,
        255712.16999999998,
        291335.48000000004,
        291335.48000000004,
        291346.9,
        291335.48000000004,
        291335.48000000004,
        291335.48000000004,
        291335.48000000004,
        291335.48000000004,
        291335.48000000004,
        255725.55,
        291348.86000000004,
        291335.48000000004,
        291335.48000000004,
        291335.48000000004,
        291335.48000000004
    ]
}