{
    "virtual_best": 9914.64,
    "single_best": 149951.76,
    "passive_learning": 330209.58999999997,
    "active_learning": [
        187111.56,
        222747.98,
        187120.22,
        219599.21,
        220218.38,
        184328.02,
        255027.66,
        185118.75,
        185266.54,
        259538.39,
        259517.26,
        257884.65,
        257848.39,
        225002.66,
        257836.19,
        257997.25,
        224828.17,
        297372.33999999997,
        297444.31999999995,
        229043.12,
        330552.78,
        297543.99,
        330275.54000000004,
        297265.9,
        297476.74,
        297472.12,
        330484.94999999995,
        330483.13,
        330549.32999999996,
        330549.32999999996
    ]
}