{
    "virtual_best": 7168.18,
    "single_best": 110336.32,
    "passive_learning": 143246.85,
    "active_learning": [
        144728.78,
        180423.7,
        145008.8,
        180631.12,
        180560.1,
        178624.88,
        178612.93,
        214412.65,
        214585.95,
        214575.7,
        143081.95,
        178616.56,
        142500.41,
        142667.76,
        142666.79,
        177465.32,
        105807.15,
        105816.64,
        105787.45,
        105844.34,
        141511.32,
        141511.32,
        105889.79000000001,
        71512.57,
        141538.04,
        71438.23000000001,
        71429.18,
        107089.18000000001,
        107468.97,
        141804.89
    ]
}