{
    "virtual_best": 3307.26,
    "single_best": 305793.48,
    "passive_learning": 582661.1100000001,
    "active_learning": [
        586690.3500000001,
        588913.9800000001,
        404292.99,
        117092.37,
        473924.75,
        473968.02999999997,
        438238.13,
        438637.5,
        474745.04,
        473738.75,
        403699.14,
        153052.04,
        367898.37,
        439404.74,
        403926.33,
        475180.17,
        439139.84,
        475226.34,
        474685.22,
        509646.98,
        511184.89,
        547523.43,
        474711.5,
        403179.81,
        511730.73,
        439522.72,
        475389.58,
        511033.06,
        582387.68,
        510305.6,
        474689.26,
        582329.42,
        547141.67,
        510526.38,
        547173.52,
        510917.81,
        510917.81,
        510917.81,
        510917.81,
        510917.81,
        510917.81,
        510917.81,
        510917.81,
        510917.81,
        510917.81,
        510917.81,
        510917.81,
        510917.81,
        510917.81,
        510917.81,
        510917.81,
        510917.81,
        510917.81,
        510917.81,
        582962.93,
        473836.5,
        583055.38,
        546489.89,
        473804.56,
        510873.66
    ]
}