{
    "virtual_best": 2329.7,
    "single_best": 290993.69,
    "passive_learning": 111835.9,
    "active_learning": [
        326799.98,
        291562.92,
        291158.72,
        254509.62,
        111091.48999999999,
        75825.48999999999,
        40031.149999999994,
        75834.28,
        111480.45999999999,
        75774.27,
        40203.439999999995,
        75816.94,
        39734.229999999996,
        75810.9,
        111535.73999999999,
        111876.4,
        147158.46,
        111519.77,
        75628.42,
        111718.14,
        111869.23999999999,
        75794.2,
        111969.72,
        75800.4,
        112540.43,
        112035.73,
        112482.84,
        112491.38,
        76530.43,
        112325.86,
        111861.37,
        75865.91,
        111832.93,
        111797.0,
        75822.28,
        75823.73999999999,
        75823.73999999999,
        75823.73999999999,
        75823.73999999999,
        75823.73999999999,
        75823.73999999999,
        75823.73999999999,
        75823.73999999999,
        75823.73999999999,
        75823.73999999999,
        75823.73999999999,
        75823.73999999999,
        75823.73999999999,
        75823.73999999999,
        75823.73999999999,
        75823.73999999999,
        75823.73999999999,
        75823.73999999999,
        75823.73999999999,
        111792.53,
        111785.61,
        111849.75,
        111957.17,
        111898.83,
        111924.12
    ]
}