{
    "virtual_best": 8658.96,
    "single_best": 113992.92,
    "passive_learning": 259512.19,
    "active_learning": [
        222692.96000000002,
        226168.01,
        262140.84999999998,
        226290.34000000003,
        226488.15999999997,
        262506.6,
        262251.82,
        259836.28999999998,
        262333.61,
        262259.0,
        261359.93,
        261424.86,
        261361.95,
        222724.22999999998,
        186842.39,
        222931.90000000002,
        150186.96,
        222918.24,
        222853.81,
        222852.74,
        222852.74,
        222969.76,
        258997.75,
        258969.38,
        223003.69,
        186752.02999999997,
        186818.81,
        255669.66999999998,
        219685.58000000002,
        292038.96,
        328025.13999999996,
        328016.99,
        291781.2,
        292058.55,
        292058.44,
        291781.2,
        291781.2,
        363682.41,
        363682.41,
        363682.41,
        363682.49,
        363682.49,
        331404.32,
        363958.82,
        331403.41,
        331403.41,
        331403.41,
        331403.41,
        331403.41,
        331403.41,
        331403.41,
        331403.41,
        331403.41,
        331403.41,
        331405.0,
        331405.0,
        331405.0,
        331405.0,
        327747.05,
        295468.98,
        295144.71,
        295144.71,
        259249.08000000002,
        295192.33,
        331191.1,
        295209.82,
        295206.43,
        295206.96
    ]
}