{
    "virtual_best": 7233.17,
    "single_best": 218219.52,
    "passive_learning": 179309.93,
    "active_learning": [
        251549.59999999998,
        251502.59999999998,
        251911.09999999998,
        251941.81,
        251635.28999999998,
        214858.02999999997,
        180296.83000000002,
        179358.51,
        180552.62,
        180284.14,
        180269.18,
        216241.5,
        214510.39,
        215212.5,
        179571.82,
        214490.03999999998,
        215566.36,
        179518.27999999997,
        179507.16999999998,
        179558.75,
        179558.75,
        179566.77000000002,
        179552.71999999997,
        179550.41999999998,
        179556.11,
        178713.06,
        214474.33000000002,
        178474.65000000002,
        214242.96999999997,
        215192.09999999998,
        215192.09999999998,
        180393.18,
        181114.33000000002,
        181114.33000000002,
        181114.33000000002,
        181114.33000000002,
        181114.33000000002,
        181114.33000000002,
        181114.33000000002,
        181114.33000000002,
        181114.33000000002,
        181114.33000000002,
        215193.28999999998,
        215193.28999999998,
        215193.28999999998,
        215193.28999999998,
        215193.28999999998,
        215193.28999999998,
        215193.28999999998,
        215193.28999999998,
        215193.28999999998,
        215193.28999999998,
        215193.28999999998,
        215193.28999999998,
        215193.28999999998,
        215193.28999999998,
        215193.28999999998,
        215193.28999999998,
        182319.47999999998,
        215197.33000000002,
        215195.49,
        179309.93,
        178588.77000000002,
        179309.93,
        145230.97,
        145238.69,
        145238.69,
        145238.69
    ]
}