{
    "virtual_best": 5275.56,
    "single_best": 43478.18,
    "passive_learning": 105763.29,
    "active_learning": [
        70911.23,
        70789.95,
        106286.16,
        106264.62999999999,
        106322.3,
        141947.24,
        106227.05,
        105902.23999999999,
        106033.53,
        106158.84999999999,
        106455.59,
        106450.62999999999,
        106333.09999999999,
        106362.45999999999,
        106322.84,
        106272.12999999999,
        106301.05,
        106353.68,
        106446.69,
        106372.48999999999,
        106324.19,
        106324.58,
        106324.58,
        106372.47,
        106324.58,
        106372.47,
        106334.83,
        106340.70999999999,
        105994.64,
        105963.51,
        105978.41,
        105978.23,
        105974.45999999999,
        105823.48999999999,
        106019.45999999999,
        106019.45999999999,
        106019.45999999999,
        106019.45999999999,
        106019.45999999999,
        106019.45999999999,
        106019.45999999999,
        106019.45999999999,
        106019.45999999999,
        106019.45999999999,
        106019.45999999999,
        106019.45999999999,
        106019.45999999999,
        106019.45999999999,
        106019.45999999999,
        105807.43,
        105807.43,
        105770.37,
        105770.37,
        105770.37,
        105770.37,
        105971.39,
        105971.39,
        105971.39,
        105971.39,
        105971.39,
        105976.81999999999,
        105748.20999999999,
        105766.12,
        105748.20999999999,
        105763.48,
        105763.48
    ]
}