{
    "virtual_best": 9547.98,
    "single_best": 113816.0,
    "passive_learning": 293956.42,
    "active_learning": [
        220782.91999999998,
        220761.40000000002,
        183136.96000000002,
        218702.49,
        218779.2,
        218407.37,
        188555.19,
        186559.83000000002,
        185774.13,
        222495.46000000002,
        222632.22999999998,
        222688.37,
        222594.09999999998,
        223259.84000000003,
        223092.76,
        295033.43,
        295048.14,
        294397.73,
        294398.7,
        294398.12,
        294398.63,
        294398.17,
        258397.52999999997,
        294460.41,
        294460.41,
        294468.16,
        294405.92,
        294400.05,
        294398.17,
        294466.86,
        294465.75,
        294312.27999999997,
        258404.7,
        294290.24,
        330383.41000000003,
        330376.57,
        330383.41000000003,
        330383.41000000003,
        330383.41000000003,
        330383.41000000003,
        330383.41000000003,
        330383.41000000003,
        330383.41000000003,
        330383.41000000003,
        330383.41000000003,
        330383.41000000003,
        330383.41000000003,
        330383.41000000003,
        330383.41000000003,
        330379.31,
        330379.31,
        330383.41000000003,
        330383.41000000003,
        258407.71000000002,
        258407.71000000002,
        222432.65999999997,
        222434.51,
        222432.65999999997,
        222432.65999999997,
        222432.65999999997,
        294270.81,
        258206.89,
        294177.45,
        293958.62,
        293933.39,
        293933.39
    ]
}