{
    "virtual_best": 2935.52,
    "single_best": 364268.64,
    "passive_learning": 148482.27,
    "active_learning": [
        401638.79,
        185232.56,
        77021.5,
        113353.44,
        184444.38999999998,
        220346.37999999998,
        220244.71999999997,
        183886.4,
        219813.21999999997,
        255791.75999999998,
        255890.4,
        183968.18999999997,
        220021.59999999998,
        220223.00999999998,
        219901.41999999998,
        184025.78999999998,
        184361.41999999998,
        183745.5,
        183962.22999999998,
        183849.34999999998
    ]
}