{
    "virtual_best": 2909.69,
    "single_best": 233774.07,
    "passive_learning": 293895.29,
    "active_learning": [
        1163053.9400000002,
        406696.73,
        259513.18,
        80277.19,
        8277.4,
        151183.37999999998,
        187065.33,
        330453.87,
        329528.27999999997,
        330172.7,
        221935.34999999998,
        366424.36,
        259048.37,
        474636.61,
        367030.82,
        331892.68,
        401568.05,
        294489.51,
        366848.35,
        330821.6
    ]
}