{
    "virtual_best": 7233.99,
    "single_best": 8038.2,
    "passive_learning": 8223.43,
    "active_learning": [
        8070.41,
        45316.51,
        226183.75,
        116547.73,
        226183.7,
        8070.429999999999,
        8070.429999999999,
        8070.41,
        8070.509999999999,
        8070.46,
        8070.509999999999,
        8070.429999999999,
        8070.5,
        8070.48,
        8070.48,
        226183.77,
        226183.75,
        226183.75,
        226236.93,
        226183.75,
        477335.28,
        477335.28,
        226183.75,
        8070.48,
        8070.48,
        8070.48,
        8070.48,
        8070.48,
        8070.48,
        8070.48,
        8070.48,
        8070.48,
        8070.48,
        8070.48,
        226183.75,
        8070.509999999999,
        226183.76,
        226183.76,
        226183.76,
        226183.78,
        8070.509999999999,
        8070.509999999999,
        8070.509999999999,
        8070.509999999999,
        8070.509999999999,
        8070.509999999999,
        8070.509999999999,
        8070.509999999999,
        8070.509999999999,
        226183.75,
        8070.509999999999,
        8070.509999999999,
        8070.429999999999,
        8070.429999999999,
        8070.48,
        8070.46,
        8070.429999999999,
        8070.429999999999,
        259314.74,
        8188.009999999999,
        116700.77,
        8188.009999999999,
        223619.85,
        115685.8,
        115685.8,
        115685.8
    ]
}