{
    "virtual_best": 2441.09,
    "single_best": 328659.55,
    "passive_learning": 38653.24,
    "active_learning": [
        146334.69,
        110807.0,
        77280.68,
        147589.54,
        113273.38,
        77273.24,
        111432.11,
        75408.25,
        76365.14,
        74666.91,
        74639.52,
        38640.26,
        74638.0,
        74638.0,
        74761.63,
        75388.20999999999,
        75388.20999999999,
        75388.20999999999,
        75378.49,
        75391.48,
        75381.74,
        75381.74,
        75391.48,
        74641.27,
        74641.27,
        74641.27,
        74641.27,
        74641.27,
        74641.27,
        74641.27,
        74641.27,
        74641.27,
        74641.27,
        74641.27,
        75391.48,
        74641.25,
        75391.48,
        75391.45999999999,
        75391.45999999999,
        39393.74,
        38643.53,
        38643.53,
        38643.53,
        38643.53,
        38643.53,
        38643.53,
        38643.53,
        38643.53,
        38643.53,
        75391.48,
        74658.79,
        76348.22,
        74640.97,
        74660.59,
        74660.56999999999,
        38663.25,
        2647.73,
        38653.2,
        2647.6600000000003,
        2655.48,
        3405.67,
        2655.48,
        38653.2,
        38653.2,
        2655.48,
        2655.48
    ]
}