{
    "virtual_best": 6836.92,
    "single_best": 73100.59,
    "passive_learning": 105364.01999999999,
    "active_learning": [
        141100.34,
        141101.8,
        141111.71,
        177099.46000000002,
        177069.61000000002,
        141060.25,
        177222.84,
        105244.12,
        105275.5,
        105253.76000000001,
        105278.45999999999,
        105270.84,
        105315.89000000001,
        105316.37,
        105271.67000000001,
        105272.5,
        105327.56,
        105271.67000000001,
        105357.79999999999,
        105373.81,
        105373.82999999999,
        105327.56,
        105263.31,
        105361.4,
        105372.45000000001,
        105360.51000000001,
        141384.36,
        141357.79,
        141357.79
    ]
}