{
    "virtual_best": 10042.46,
    "single_best": 149895.87,
    "passive_learning": 329461.06,
    "active_learning": [
        184386.59,
        219939.42,
        187450.11000000002,
        187378.03,
        187421.22,
        220505.1,
        256685.45,
        187642.67,
        185097.62,
        149097.69,
        148921.78,
        148861.72,
        184399.86000000002,
        184402.30000000002,
        293178.47,
        329906.51,
        329906.03,
        329931.04,
        294080.57,
        329925.28,
        329602.09,
        293981.49,
        329566.5,
        329465.44,
        329466.34,
        329781.64,
        329458.23,
        329458.27,
        329458.27
    ]
}