{
    "virtual_best": 4243.28,
    "single_best": 295425.55,
    "passive_learning": 4483.570000000001,
    "active_learning": [
        113318.7,
        113337.61,
        113322.26,
        113195.67,
        113275.37,
        42923.11,
        6211.43,
        6211.070000000001,
        4502.1,
        4559.320000000001,
        4504.35,
        4503.88,
        4503.88,
        4503.92,
        4504.320000000001,
        4502.04,
        4504.320000000001,
        4504.280000000001,
        4504.320000000001,
        4504.320000000001,
        4504.31,
        4504.31,
        4504.110000000001,
        4504.12,
        4504.12,
        4504.13,
        4504.13,
        4504.13,
        4504.13,
        4504.13,
        4504.13,
        4504.13,
        4504.13,
        4504.13,
        4504.13,
        4504.13,
        4504.13,
        4504.13,
        4504.13,
        4504.13,
        4506.02,
        4504.24,
        4506.99,
        4506.96,
        4456.89,
        4457.8,
        4456.89,
        4483.45,
        4489.49,
        4486.2,
        4486.58,
        4425.71,
        4486.16,
        4486.1900000000005,
        4486.72,
        4486.29,
        4486.24,
        4489.58,
        4489.58
    ]
}