{
    "virtual_best": 6999.64,
    "single_best": 7775.78,
    "passive_learning": 7823.16,
    "active_learning": [
        7810.320000000001,
        7810.320000000001,
        7810.27,
        7810.27,
        7810.25,
        7810.320000000001,
        7810.29,
        7810.29,
        7810.29,
        7810.29,
        7810.29,
        7810.29,
        7810.29,
        7810.29,
        7810.29,
        7810.29,
        7810.29,
        7810.29,
        7810.29,
        7810.29,
        7810.29,
        7810.29,
        7810.29,
        7810.29,
        7810.29,
        7810.29,
        7810.29,
        7810.29,
        7810.29,
        7810.29,
        7810.29,
        7810.29,
        7810.29,
        7810.29,
        7810.29,
        7810.29,
        7810.29,
        7810.29,
        7810.29,
        7810.29,
        7810.27,
        7810.27,
        7810.3,
        7810.3,
        7810.22,
        7810.3,
        7810.3,
        7810.22,
        7810.22,
        7810.22,
        7810.22,
        7922.75,
        8931.5,
        7820.84,
        7820.84,
        7820.84,
        7824.820000000001,
        7820.87,
        7820.820000000001
    ]
}