{
    "virtual_best": 2979.95,
    "single_best": 295728.79,
    "passive_learning": 257882.81,
    "active_learning": [
        438364.73,
        402572.07,
        438178.47000000003,
        116714.01999999999,
        368238.08,
        404151.36,
        117540.23999999999,
        473808.36,
        365467.76,
        402847.85000000003,
        330996.18,
        438097.09,
        402922.01,
        402765.53,
        366098.8,
        366838.91000000003,
        437856.41000000003,
        366413.45,
        295205.32,
        438227.84,
        330634.72000000003,
        366996.17,
        330546.76,
        367006.16000000003,
        366642.04000000004,
        402264.41000000003,
        402696.7,
        402615.92,
        402691.43,
        402691.43,
        402977.60000000003,
        402659.69,
        366725.76,
        294895.69,
        366739.52,
        366739.52,
        366739.52,
        366739.52,
        366739.52,
        366739.52,
        366739.52,
        366739.52,
        366739.52,
        366739.52,
        366739.52,
        366739.52,
        366739.52,
        366739.52,
        366739.52,
        366739.52,
        366739.52,
        366739.52,
        366739.52,
        366739.52,
        258341.67,
        330269.32,
        366353.99,
        368118.83,
        367160.81
    ]
}