{
    "virtual_best": 3462.39,
    "single_best": 363281.14,
    "passive_learning": 148146.47,
    "active_learning": [
        436050.0,
        471516.74,
        255962.14,
        291627.84,
        291393.34,
        184809.84,
        76643.93999999999,
        112815.61,
        112554.95999999999,
        113191.08,
        148671.11000000002,
        112659.29,
        148409.34,
        112693.12999999999,
        148959.27000000002,
        113364.58,
        148440.25,
        148680.78,
        148218.68000000002,
        113000.84999999999,
        112538.73999999999,
        148180.80000000002,
        112536.25,
        148502.84,
        183923.62,
        183896.56,
        183867.84,
        183866.99000000002,
        184328.01,
        147911.75,
        148401.38,
        184058.47,
        184057.82,
        183588.0,
        183622.49000000002,
        183622.49000000002,
        183622.49000000002,
        183622.49000000002,
        183622.49000000002,
        183622.49000000002,
        183622.49000000002,
        183622.49000000002,
        183622.49000000002,
        183622.49000000002,
        183622.49000000002,
        183622.49000000002,
        183622.49000000002,
        183622.49000000002,
        183622.49000000002,
        183622.49000000002,
        183622.49000000002,
        183622.49000000002,
        183622.49000000002,
        183622.49000000002,
        113031.70999999999,
        113066.5,
        112466.78,
        148177.47,
        148610.87
    ]
}