{
    "virtual_best": 2418.09,
    "single_best": 256171.83,
    "passive_learning": 37899.7,
    "active_learning": [
        74371.82,
        74386.85,
        74313.29,
        75114.59,
        110355.16,
        38415.51,
        38456.51,
        38452.04,
        38452.03,
        38070.3,
        38070.01,
        38036.22,
        38090.48,
        38083.75,
        38045.81,
        38037.32,
        37855.6,
        37877.08,
        37975.53,
        37887.33,
        37883.38,
        37883.38,
        37984.22,
        37984.22,
        37985.32,
        37962.53,
        37984.66,
        37984.66,
        37975.74,
        37962.08,
        37962.08,
        37962.08,
        37984.590000000004,
        37984.590000000004,
        37984.590000000004,
        37962.01,
        37864.020000000004,
        37985.25,
        37962.67,
        37962.67,
        37962.67,
        37962.67,
        37962.67,
        37962.67,
        37962.67,
        37962.67,
        37962.67,
        37962.67,
        37962.67,
        37962.67,
        38149.520000000004,
        37877.99,
        37902.18,
        38026.9,
        37866.56,
        37900.270000000004,
        37891.23,
        37891.23,
        74107.3,
        73646.94,
        38228.270000000004,
        37891.3,
        37885.72,
        109862.95,
        73641.5,
        74123.31,
        74122.59,
        74123.24
    ]
}