{
    "virtual_best": 7544.61,
    "single_best": 8245.08,
    "passive_learning": 8284.480000000001,
    "active_learning": [
        261558.94999999998,
        261532.68,
        189989.06999999998,
        189989.06999999998,
        261558.44999999998,
        154376.66999999998,
        46832.4,
        45979.38,
        11524.28,
        8281.210000000001,
        8281.210000000001,
        8281.210000000001,
        8281.210000000001,
        8281.210000000001,
        8281.210000000001,
        8281.210000000001,
        8278.87,
        8292.85,
        8275.36,
        8275.36,
        8288.33,
        8288.33,
        8287.0,
        8292.85,
        8287.0,
        8281.210000000001,
        8281.210000000001,
        8281.210000000001,
        8281.210000000001,
        8281.210000000001,
        8281.210000000001,
        8281.210000000001,
        8275.36,
        8275.36,
        8281.210000000001,
        8281.210000000001,
        8281.210000000001,
        8281.210000000001,
        8281.210000000001,
        8281.210000000001,
        8281.210000000001,
        8281.210000000001,
        8281.210000000001,
        8281.210000000001,
        8281.210000000001,
        8281.210000000001,
        8281.210000000001,
        8281.210000000001,
        8281.210000000001,
        8281.210000000001,
        8368.560000000001,
        8565.140000000001,
        8318.11,
        8266.900000000001,
        8226.95,
        8330.77,
        8306.470000000001,
        81329.53,
        190947.31999999998,
        151758.37999999998,
        153081.0,
        8389.29,
        8280.77,
        370392.57999999996,
        223646.37999999998,
        191195.37,
        190954.27,
        191047.21999999997
    ]
}