{
    "virtual_best": 2508.15,
    "single_best": 292818.78,
    "passive_learning": 40761.29,
    "active_learning": [
        113976.19,
        42079.170000000006,
        77246.3,
        77493.98999999999,
        113347.58,
        148685.5,
        41431.07,
        113187.81,
        77380.01,
        77215.01999999999,
        76654.53,
        5938.290000000001,
        76939.92,
        5389.610000000001,
        41057.670000000006,
        41200.12,
        40966.83,
        5398.209999999999,
        40759.740000000005,
        41029.79,
        40803.810000000005,
        40768.14000000001,
        40862.420000000006,
        40899.8,
        76896.87,
        76903.89,
        76943.08,
        76720.0,
        40947.86,
        40947.86,
        40741.01,
        40793.22,
        40741.32,
        40741.32,
        40738.96000000001,
        40729.01,
        40729.01,
        40738.96000000001,
        40729.01,
        40729.01,
        40729.01,
        40738.96000000001,
        40729.01,
        40738.96000000001,
        40738.96000000001,
        40729.01,
        40729.01,
        40729.01,
        40729.01,
        40729.01,
        40729.01,
        40729.01,
        40729.01,
        40729.01,
        40729.01,
        40729.01,
        40729.01,
        40790.86,
        40729.01,
        40729.01,
        40729.01,
        40780.91,
        40729.01
    ]
}