{
    "virtual_best": 2992.25,
    "single_best": 294911.1,
    "passive_learning": 401403.66,
    "active_learning": [
        374936.31,
        154985.49000000002,
        299500.63999999996,
        153763.41,
        45299.9,
        81346.48,
        116695.73,
        116186.62999999999,
        188152.23,
        115285.01,
        365974.01,
        330126.13,
        365954.33999999997,
        402643.63,
        365612.56,
        330807.79,
        401859.52999999997,
        402250.13999999996,
        330753.3,
        330821.95999999996,
        474336.95999999996,
        510304.69,
        437641.14999999997,
        473425.70999999996,
        402256.16,
        401973.81,
        258696.13,
        402169.37,
        438494.62,
        438494.62,
        402445.24,
        402843.87,
        402794.85,
        402512.49,
        366626.16,
        402542.76,
        402850.26,
        402850.26,
        366951.69,
        402850.26,
        402850.26,
        402542.76,
        402850.26,
        402542.76,
        402542.76,
        366951.69,
        402850.26,
        402850.26,
        402542.76,
        402850.26,
        402850.26,
        402850.26,
        366951.69,
        402850.26,
        402542.76,
        402542.76,
        366951.69,
        402542.76,
        402542.76,
        402850.26,
        366951.69,
        402527.66,
        402850.26
    ]
}