{
    "virtual_best": 7151.22,
    "single_best": 7908.92,
    "passive_learning": 8050.610000000001,
    "active_learning": [
        11181.929999999998,
        7938.860000000001,
        46556.33,
        11181.88,
        7941.150000000001,
        7938.83,
        7938.83,
        7963.75,
        7938.83,
        7938.83,
        7938.83,
        7938.81,
        7938.81,
        7941.17,
        7938.83,
        7938.83,
        7938.83,
        7963.75,
        7940.860000000001,
        7941.62,
        7941.17,
        7941.17,
        7960.96,
        7961.41,
        7961.43,
        7961.39,
        8037.25,
        8048.29,
        8050.63,
        8048.27,
        8070.87,
        8048.27,
        8048.27,
        8048.27
    ]
}