{
    "virtual_best": 3996.35,
    "single_best": 257640.6,
    "passive_learning": 4378.38,
    "active_learning": [
        220045.7,
        220056.56,
        218836.96,
        218990.13,
        76516.62,
        76535.03,
        76516.63,
        76360.45,
        40835.64,
        40392.91,
        4395.37,
        4395.27,
        40393.49,
        4395.71,
        40393.23,
        40211.54,
        40211.35,
        40211.53,
        4213.84,
        40213.23,
        4213.22,
        4213.85,
        4213.88,
        4196.240000000001,
        4196.21,
        4196.12,
        4324.08,
        4378.41,
        4378.41,
        40376.16,
        4378.4400000000005,
        40383.39,
        40383.49,
        40383.380000000005
    ]
}