{
    "virtual_best": 3115.26,
    "single_best": 259567.76,
    "passive_learning": 547452.4199999999,
    "active_learning": [
        294807.04,
        258987.43000000002,
        295360.70999999996,
        401436.48,
        437152.01999999996,
        401807.55,
        402114.73,
        188652.21000000002,
        474619.12,
        582585.2,
        547005.87,
        510978.63,
        476129.41,
        583053.75,
        618727.61,
        582687.4,
        476030.92,
        547101.61,
        474049.88999999996,
        403169.66
    ]
}