{
    "virtual_best": 2167.91,
    "single_best": 259061.69,
    "passive_learning": 184036.48,
    "active_learning": [
        401380.01999999996,
        366116.74,
        365052.05,
        435687.14999999997,
        436487.58999999997,
        471854.64999999997,
        435923.51999999996,
        435836.54,
        399823.99,
        399805.69,
        363665.29,
        327631.05,
        327305.11,
        220244.93000000002,
        111521.48,
        183646.64,
        184010.30000000002,
        219696.38,
        147385.53,
        147720.67
    ]
}