{
    "virtual_best": 7406.49,
    "single_best": 8212.73,
    "passive_learning": 477844.82,
    "active_learning": [
        659441.27,
        659439.03,
        477854.99,
        477835.84,
        477835.82,
        477835.82,
        477835.84,
        477835.82,
        477800.47000000003,
        227409.01,
        477846.28,
        477800.39,
        477785.02,
        477800.39,
        477758.08,
        477800.39,
        227273.97,
        227303.56,
        227108.22,
        8701.89,
        227249.1,
        259030.82,
        477844.82,
        226207.74,
        8699.55,
        8454.92,
        8454.92,
        8477.5,
        8454.92,
        8457.259999999998,
        8457.259999999998
    ]
}