{
    "virtual_best": 1312.63,
    "single_best": 255241.89,
    "passive_learning": 2106.21,
    "active_learning": [
        253821.94,
        181853.4,
        74171.85,
        74171.73000000001,
        74171.57,
        38222.39,
        2223.9700000000003,
        38222.299999999996,
        2233.1400000000003,
        1600.52,
        2209.2400000000002,
        2169.31,
        2139.6400000000003,
        2169.31,
        2166.1,
        2341.12,
        1594.1399999999999,
        1558.12,
        1578.6999999999998,
        1534.2399999999998,
        1537.4,
        2109.36,
        2129.9500000000003,
        1534.19,
        1534.2399999999998,
        1557.9899999999998,
        1534.19,
        1534.19,
        1561.1999999999998,
        1534.19,
        1534.19
    ]
}