{
    "virtual_best": 2579.05,
    "single_best": 255780.04,
    "passive_learning": 2780.15,
    "active_learning": [
        220140.47,
        111472.26999999999,
        219038.22,
        253043.22,
        253008.65,
        255413.55,
        254356.65,
        217398.48,
        217398.41999999998,
        182519.68,
        182520.13,
        182626.93,
        182626.23,
        182618.94,
        182623.82,
        182625.0,
        182625.0,
        182625.0,
        182625.0,
        182625.0,
        182625.0,
        110643.26999999999,
        110642.72,
        110642.72,
        110642.72,
        110642.72,
        110642.72,
        110642.72,
        110275.83,
        110277.01,
        110277.01,
        110277.01,
        110277.01,
        110277.01,
        110277.01,
        110277.01,
        110277.01,
        110277.01,
        110277.01,
        110277.01,
        110277.01,
        110277.01,
        110277.01,
        110277.01,
        110277.01,
        110277.0,
        38613.829999999994,
        2781.9300000000003,
        2781.9300000000003,
        2781.9300000000003,
        2781.94,
        2780.75,
        2780.75,
        2780.75,
        40502.77,
        2780.53,
        2780.76,
        2780.21,
        2780.76,
        2780.76,
        2780.76,
        2780.21,
        2780.21
    ]
}