{
    "virtual_best": 7244.1,
    "single_best": 8030.24,
    "passive_learning": 43558.06,
    "active_learning": [
        189743.16999999998,
        9935.51,
        189743.15,
        189745.44,
        189739.59,
        189745.51,
        189743.15,
        189745.49,
        189743.16999999998,
        189743.16999999998,
        189743.15,
        189743.15,
        189745.48,
        189745.44,
        189745.44,
        189745.44,
        189743.1,
        189743.1,
        189743.1,
        189745.44,
        189745.44,
        189745.44,
        189743.1,
        189745.44,
        189745.44,
        189745.44,
        189745.44,
        189745.44,
        189745.44,
        189745.44,
        189745.44,
        189745.44,
        189745.44,
        189745.44,
        189745.44,
        189745.44,
        189745.44,
        189745.44,
        189745.44,
        189745.44,
        189745.44,
        189745.44,
        189745.44,
        189745.44,
        189745.44,
        189745.44,
        46683.549999999996,
        44745.52,
        8063.74,
        8063.74,
        8066.08,
        8063.74,
        8063.74,
        8063.74,
        478606.79000000004,
        8126.34,
        8181.34,
        8181.32,
        8181.32,
        8113.92,
        8184.110000000001,
        8184.110000000001,
        8181.32
    ]
}