{
    "virtual_best": 9839.27,
    "single_best": 149404.69,
    "passive_learning": 326961.42,
    "active_learning": [
        399623.07,
        396338.95999999996,
        396452.94,
        397828.48,
        468007.77,
        360156.49,
        363500.38,
        327321.35,
        291130.2,
        291122.77,
        291550.91000000003,
        255624.49,
        291672.48,
        291536.68,
        255736.97999999998,
        291678.5,
        255652.83,
        291285.44,
        291544.53,
        323816.42,
        324172.79,
        324165.76,
        255320.05,
        287939.1,
        290298.6,
        290302.98,
        326246.02999999997,
        290301.82,
        293690.92
    ]
}