{
    "virtual_best": 6390.46,
    "single_best": 109447.34,
    "passive_learning": 249334.31999999998,
    "active_learning": [
        251801.06,
        287704.41000000003,
        287801.03,
        142450.4,
        142481.61,
        142379.24,
        142446.27,
        142095.79,
        142174.43,
        142113.03,
        142025.45,
        215030.91,
        178088.86,
        177667.75999999998,
        141678.29,
        141705.53,
        213642.69,
        213712.5,
        213635.21,
        213605.52,
        213606.77,
        213598.84,
        213616.4,
        213626.75,
        249587.62,
        249331.09999999998,
        249468.09999999998,
        249331.09999999998,
        249331.09999999998
    ]
}