{
    "virtual_best": 8306.48,
    "single_best": 113628.52,
    "passive_learning": 220313.13,
    "active_learning": [
        250735.59,
        325496.16000000003,
        289069.62,
        285754.5,
        285665.53,
        214658.00999999998,
        214485.61,
        179989.71,
        108174.54000000001,
        144106.15,
        143190.7,
        109918.29999999999,
        145855.12,
        110627.15,
        146641.27,
        145910.99,
        146576.63,
        146624.25,
        146623.77,
        146624.25,
        145909.7,
        148341.45,
        148341.47,
        220362.35,
        220314.97,
        220313.13,
        220307.74,
        220307.74,
        220307.74
    ]
}