{
    "virtual_best": 9193.54,
    "single_best": 114701.98,
    "passive_learning": 285943.59,
    "active_learning": [
        219002.74,
        256207.94999999998,
        223199.93,
        256780.02,
        180774.38999999998,
        252221.66999999998,
        252111.11,
        287624.17,
        251639.62,
        253829.5,
        287602.76,
        287644.17,
        286551.14,
        286542.78,
        286096.07,
        286096.07,
        250244.62,
        286067.60000000003,
        286071.64,
        286064.01,
        286119.32,
        250293.52,
        250293.52,
        250847.28,
        285944.12,
        285941.81,
        285943.59,
        285943.59,
        285943.59
    ]
}