{
    "virtual_best": 7420.13,
    "single_best": 8215.91,
    "passive_learning": 81074.45,
    "active_learning": [
        9627.76,
        297448.10000000003,
        190468.55,
        154915.63999999998,
        8254.23,
        8299.210000000001,
        8329.15,
        8328.49,
        8256.55,
        8250.4,
        8249.93,
        8249.95,
        8249.93,
        8249.93,
        8284.15,
        8249.93,
        8249.93,
        8252.27,
        8252.27,
        8252.27,
        8252.27,
        8249.95,
        8249.93,
        8252.27,
        8252.27,
        8252.27,
        8252.27,
        8252.27,
        8252.27,
        8252.27,
        8252.27,
        8252.27,
        8252.27,
        8252.27,
        8252.27,
        8252.27,
        8252.27,
        8252.27,
        8252.27,
        8252.27,
        8252.27,
        8252.27,
        8252.27,
        8252.27,
        8252.27,
        8252.27,
        8252.27,
        8252.27,
        8249.93,
        8252.27,
        8252.27,
        8252.27,
        8252.27,
        8249.91,
        8149.150000000001,
        8168.21,
        8149.150000000001,
        8149.13,
        8168.2300000000005,
        153828.04,
        154784.66,
        8168.2300000000005,
        8168.2300000000005
    ]
}