{
    "virtual_best": 3067.75,
    "single_best": 221989.88,
    "passive_learning": 75159.98999999999,
    "active_learning": [
        294745.78,
        332009.45,
        471736.72000000003,
        113297.44,
        41030.659999999996,
        74887.75,
        110563.98999999999,
        74898.53,
        74897.18,
        39240.149999999994,
        74869.67,
        76521.31,
        76522.06,
        74815.11,
        3166.7200000000003,
        3166.63,
        3166.63,
        38822.369999999995,
        38822.369999999995,
        38822.369999999995,
        38822.619999999995,
        38822.95,
        38822.7,
        38823.92999999999,
        38823.39,
        38823.35,
        38823.35,
        38821.32,
        38821.399999999994,
        38821.439999999995,
        38821.439999999995,
        38821.439999999995,
        38821.439999999995,
        38821.439999999995,
        38821.439999999995,
        38821.399999999994,
        38821.399999999994,
        38821.399999999994,
        38821.399999999994,
        38821.399999999994,
        38821.399999999994,
        38821.399999999994,
        38821.399999999994,
        38821.399999999994,
        38821.399999999994,
        38821.399999999994,
        38821.399999999994,
        38821.399999999994,
        38821.10999999999,
        38822.869999999995,
        38825.14,
        38825.14,
        38825.009999999995,
        38825.5,
        38856.689999999995,
        38874.549999999996,
        38884.28999999999,
        38884.28999999999,
        38857.03,
        111128.61,
        111100.03,
        38857.27,
        38857.27
    ]
}