{
    "virtual_best": 7473.9,
    "single_best": 8338.82,
    "passive_learning": 44420.36,
    "active_learning": [
        659727.16,
        659726.57,
        659727.16,
        659727.16,
        659683.15,
        659727.09,
        408920.02999999997,
        659727.09,
        659727.09,
        659715.0,
        261819.96999999997,
        261984.56,
        261777.28,
        261895.15999999997,
        261930.87999999998,
        261930.59999999998,
        261953.18,
        261953.18,
        261953.18,
        261953.18,
        154658.43999999997,
        261874.37,
        225996.93999999997,
        261888.65,
        11692.35,
        8496.650000000001,
        8496.650000000001,
        8510.93,
        8510.93,
        8552.03,
        8552.03,
        8552.03,
        8552.03,
        8552.03,
        8552.03,
        8552.03,
        8552.03,
        8552.03,
        8510.91,
        8513.25,
        8513.25,
        8513.25,
        8513.25,
        8513.25,
        8513.25,
        8513.25,
        8513.25,
        8513.25,
        8513.25,
        8529.980000000001,
        8535.83,
        8535.83,
        8535.83,
        8510.93,
        8510.93,
        8510.91,
        8513.27,
        44392.93,
        8513.27,
        82204.4,
        46460.91,
        155435.74,
        406361.11,
        334824.89,
        406332.8,
        155561.15999999997,
        155525.71999999997,
        155525.71999999997
    ]
}