{
    "virtual_best": 2486.51,
    "single_best": 147590.98,
    "passive_learning": 2616.79,
    "active_learning": [
        146950.37999999998,
        111843.19,
        147028.96999999997,
        146853.06999999998,
        146772.77,
        182769.65999999997,
        146479.96999999997,
        146796.96999999997,
        146771.37999999998,
        146771.19999999998,
        39178.12,
        39194.73,
        39210.62,
        39155.4,
        39155.65,
        39154.99,
        39154.99,
        39154.99,
        39154.99,
        39154.99,
        3361.4900000000002,
        39122.65,
        39160.0,
        39160.05,
        3328.01,
        3118.81,
        3118.81,
        3118.81,
        3113.8,
        3162.77,
        3162.77,
        3162.77,
        3192.2400000000002,
        3192.2400000000002,
        3192.2400000000002,
        3192.2400000000002,
        3192.2400000000002,
        3191.92,
        3180.3900000000003,
        3143.27,
        3143.27,
        3143.27,
        3143.27,
        3143.27,
        3143.27,
        3143.27,
        3143.27,
        3143.27,
        3143.27,
        3111.88,
        3118.4900000000002,
        39116.95,
        3135.4500000000003,
        2590.02,
        2595.03,
        2582.2000000000003,
        2619.52,
        2620.73,
        2620.53,
        38526.7,
        38539.78,
        74467.48,
        74718.46,
        74449.98,
        74718.44,
        74464.56,
        74459.55,
        74427.12
    ]
}