{
    "virtual_best": 7406.49,
    "single_best": 8212.73,
    "passive_learning": 477844.82,
    "active_learning": [
        11424.619999999999,
        189807.22,
        8245.64,
        8245.56,
        8245.589999999998,
        8245.57,
        8245.49,
        8245.509999999998,
        8245.49,
        8245.509999999998,
        8245.509999999998,
        8245.49,
        8245.49,
        8245.609999999999,
        8245.49,
        8245.49,
        8245.49,
        8245.49,
        8245.509999999998,
        8245.49,
        8245.199999999999,
        8245.759999999998,
        297217.13,
        227318.4,
        370625.57,
        477891.49,
        258983.66,
        441965.9,
        258981.32,
        477844.8,
        477844.82,
        477845.58,
        477891.51,
        80254.13,
        80254.13
    ]
}