{
    "virtual_best": 1312.63,
    "single_best": 255241.89,
    "passive_learning": 2106.21,
    "active_learning": [
        146084.7,
        217799.99,
        37556.079999999994,
        73551.37000000001,
        73551.34000000001,
        73575.90000000001,
        73576.28,
        37578.63,
        1498.0300000000002,
        1580.9299999999998,
        1523.48,
        1578.9699999999998,
        1542.48,
        1616.67,
        1517.48,
        37513.45,
        1513.87,
        1514.0,
        1553.9099999999999,
        1629.2199999999998,
        1454.21,
        1561.8200000000002,
        1534.1999999999998,
        1561.2600000000002,
        1534.25,
        2106.15,
        2133.2200000000003,
        2106.21,
        2109.36,
        2109.36,
        2109.37,
        2133.1600000000003,
        2106.1600000000003,
        1533.4,
        1533.3899999999999
    ]
}