{
    "virtual_best": 7870.17,
    "single_best": 8601.14,
    "passive_learning": 259500.52,
    "active_learning": [
        731751.3,
        731705.9700000001,
        297888.36,
        8772.539999999999,
        154565.59,
        549889.67,
        297982.87,
        297876.32,
        443703.26999999996,
        8736.509999999998,
        44067.94,
        8693.509999999998,
        8693.56,
        8693.46,
        8693.439999999999,
        44067.86,
        11872.539999999999,
        8736.769999999999,
        80233.85,
        119653.79000000001,
        8695.8,
        8679.179999999998,
        44587.780000000006,
        8679.199999999999,
        8596.83,
        8693.439999999999,
        8693.439999999999,
        8679.179999999998,
        259403.96,
        8679.16,
        8679.179999999998,
        8679.179999999998
    ]
}