{
    "virtual_best": 3630.68,
    "single_best": 290793.57,
    "passive_learning": 39969.170000000006,
    "active_learning": [
        254748.28,
        290203.95,
        254086.44999999998,
        145989.13999999998,
        218631.53,
        146722.27,
        110060.24,
        110149.74,
        146649.18,
        146033.9,
        110002.29000000001,
        110119.01000000001,
        146034.81999999998,
        109944.97,
        109933.95,
        145892.52,
        109703.33,
        109700.58,
        109763.24,
        39730.79,
        39581.01,
        39566.240000000005,
        39698.5,
        39652.170000000006,
        39652.29,
        39652.170000000006,
        39672.850000000006,
        39675.69,
        39829.23,
        39537.770000000004,
        39537.770000000004,
        39537.770000000004
    ]
}