{
    "virtual_best": 2780.77,
    "single_best": 259497.38,
    "passive_learning": 365806.43,
    "active_learning": [
        228437.77,
        231509.22,
        230615.22,
        302335.35,
        228626.13999999998,
        263758.6,
        264066.65,
        115649.0,
        116192.31999999999,
        222763.88,
        259254.43,
        402096.84,
        328719.24,
        329723.14,
        329296.51,
        438012.84,
        330426.37,
        401871.77999999997,
        258440.5,
        330710.75,
        330562.6
    ]
}