{
    "virtual_best": 3762.65,
    "single_best": 402583.86,
    "passive_learning": 185066.3,
    "active_learning": [
        257219.45,
        257146.0,
        149513.47,
        79056.62,
        185637.52,
        221253.76,
        185376.47,
        149140.57,
        148760.87,
        185226.91999999998,
        292371.76,
        292394.91,
        220876.03,
        256681.27,
        221114.08,
        256888.32,
        256707.69,
        185014.66,
        220788.94,
        221237.88999999998,
        221242.74
    ]
}