{
    "virtual_best": 3501.14,
    "single_best": 147496.79,
    "passive_learning": 3656.81,
    "active_learning": [
        4068.54,
        40022.77,
        4047.6800000000003,
        4071.78,
        39987.18,
        39982.28,
        4340.74,
        4029.31,
        4052.0,
        4017.4300000000003,
        4015.86,
        4029.3,
        3670.54,
        3670.5,
        3663.4300000000003,
        3635.2000000000003,
        3611.61,
        3668.07,
        3659.9500000000003,
        3667.8900000000003,
        3668.05,
        3660.94,
        3660.94,
        3660.9100000000003,
        39401.52,
        3646.12,
        3661.7400000000002,
        3668.85,
        3661.17,
        3660.94,
        3661.17
    ]
}