{
    "virtual_best": 7752.65,
    "single_best": 8551.58,
    "passive_learning": 227495.32,
    "active_learning": [
        297812.0,
        8585.369999999999,
        154744.84,
        226312.02000000002,
        262201.39,
        154744.96,
        8585.449999999999,
        8585.439999999999,
        8585.439999999999,
        45292.07,
        227448.87,
        8607.949999999999,
        8607.5,
        8585.369999999999,
        8585.369999999999,
        8585.39,
        8585.39,
        8585.39,
        8585.39,
        8587.71,
        8585.369999999999,
        8585.369999999999,
        8585.39,
        8585.39,
        334911.58,
        8539.519999999999,
        190836.49,
        227437.87,
        8574.39,
        8576.73,
        8576.73
    ]
}