{
    "virtual_best": 7130.14,
    "single_best": 7944.24,
    "passive_learning": 44040.79,
    "active_learning": [
        225461.72,
        225415.62,
        225461.78999999998,
        225461.77,
        225461.77,
        153776.50999999998,
        11157.47,
        189570.08,
        46531.92,
        7978.46,
        7978.48,
        7978.46,
        7978.41,
        7978.49,
        7978.41,
        7978.48,
        7978.49,
        7978.48,
        7978.41,
        7978.41,
        7978.41,
        7978.41,
        7978.41,
        7978.41,
        7978.41,
        7812.28,
        7969.95,
        8095.99,
        8044.5199999999995,
        152861.52,
        8095.99,
        8095.99
    ]
}