{
    "virtual_best": 2606.66,
    "single_best": 291031.16,
    "passive_learning": 112417.24,
    "active_learning": [
        146852.50999999998,
        146593.18,
        146597.8,
        110601.81000000001,
        110601.79000000001,
        74829.20000000001,
        38916.57,
        110653.56000000001,
        3005.91,
        2804.7299999999996,
        38713.869999999995,
        38714.17,
        38716.509999999995,
        38713.869999999995,
        38713.869999999995,
        38711.42,
        2778.89,
        38687.42,
        38709.92,
        38686.96,
        38686.75,
        38686.67,
        38688.67,
        38686.97,
        38686.97,
        38686.97,
        38686.97,
        38724.11,
        74604.32,
        112824.95000000001,
        38724.659999999996,
        38724.659999999996
    ]
}