{
    "virtual_best": 2857.62,
    "single_best": 258967.02,
    "passive_learning": 258809.41,
    "active_learning": [
        439696.8,
        654438.55,
        403527.14999999997,
        223773.45,
        261069.41,
        260829.73,
        546913.54,
        401643.58999999997,
        402139.16,
        365376.91,
        366285.5,
        330396.2,
        402252.82,
        437859.52999999997,
        366269.66,
        366597.81,
        294366.7,
        331468.77999999997,
        366259.3,
        330050.36,
        330255.1,
        258428.52000000002,
        258409.36000000002,
        294324.2,
        331478.66,
        331614.20999999996,
        331434.97,
        331536.18,
        258337.01,
        258337.01,
        258357.71000000002,
        258702.46000000002,
        258653.44,
        258700.17,
        223638.74000000002,
        223638.74000000002,
        294602.70999999996,
        294326.61,
        294512.08999999997,
        294628.07999999996,
        294463.07,
        294351.81,
        294376.32999999996,
        330135.47,
        294069.56,
        258213.87000000002,
        258223.38,
        366284.62,
        366218.75,
        330327.18,
        330312.08999999997,
        294360.76999999996,
        294418.51,
        366284.62,
        366339.63,
        330462.94,
        294505.88999999996,
        330351.68,
        366284.62,
        366284.62,
        366284.62,
        366286.67,
        366284.62
    ]
}