{
    "virtual_best": 2403.89,
    "single_best": 291366.14,
    "passive_learning": 184390.68000000002,
    "active_learning": [
        292211.63,
        363919.52999999997,
        256114.0,
        256476.99000000002,
        219636.81000000003,
        183929.41,
        219177.78,
        183271.71000000002,
        219337.92,
        219175.90000000002,
        254778.82,
        183391.7,
        219415.18000000002,
        219568.31000000003,
        327522.85,
        220269.94,
        148709.6,
        184671.07,
        220752.47,
        184508.23,
        148616.59000000003,
        148869.52000000002,
        148559.22,
        220465.04,
        184959.39,
        149025.44,
        148959.77000000002,
        148959.77000000002,
        184482.94,
        184557.56000000003,
        184971.48,
        184896.87000000002,
        184864.51,
        184939.12000000002,
        184925.85,
        184926.74000000002,
        184412.79,
        184487.41,
        184412.79,
        184193.88,
        184412.79,
        184412.79,
        184412.79,
        184424.64,
        220358.57,
        184424.64,
        184426.79,
        184378.73,
        184378.73,
        184378.73,
        184378.73,
        184453.35,
        220312.66,
        184378.73,
        184382.89,
        184378.73,
        220312.66,
        184378.73,
        184378.73,
        184378.73,
        184378.73,
        184378.73,
        184378.73
    ]
}