{
    "virtual_best": 10374.91,
    "single_best": 149977.94,
    "passive_learning": 329501.63,
    "active_learning": [
        222092.43,
        293603.16,
        257236.5,
        256824.55,
        292809.16,
        256803.65999999997,
        292641.26,
        292587.23,
        289624.36,
        289641.51,
        253649.21000000002,
        218337.36,
        217752.40999999997,
        217732.33000000002,
        254608.27999999997,
        257788.84000000003,
        326631.85,
        291019.06,
        290303.95,
        327018.01,
        293706.75,
        257710.97999999998,
        326684.79,
        224608.38,
        261442.43,
        326836.06,
        254902.44,
        254950.33000000002,
        221893.65000000002,
        254902.44,
        254902.44,
        221902.03999999998,
        257836.32,
        290818.45,
        254947.40000000002,
        290775.36,
        290898.51,
        290898.51,
        290898.51,
        290898.51,
        290898.51,
        290898.51,
        222060.63,
        257894.65000000002,
        290820.06,
        290867.96,
        290867.96,
        290867.96,
        290867.96,
        290912.25,
        257859.16999999998,
        257811.27000000002,
        257970.37,
        257970.37,
        258014.65999999997,
        258014.66999999998,
        258014.65999999997,
        327015.45,
        327015.45,
        327405.29,
        291195.47,
        291160.64,
        296390.85,
        293584.12,
        365182.61,
        329483.2,
        293665.64,
        329470.72
    ]
}