{
    "virtual_best": 10259.15,
    "single_best": 223452.67,
    "passive_learning": 257063.84000000003,
    "active_learning": [
        333724.85,
        372337.76999999996,
        332829.42,
        328949.88,
        331664.01999999996,
        331626.89999999997,
        331523.45,
        295153.35,
        294592.27,
        330194.56,
        330194.56,
        297252.41,
        325943.82,
        218891.09000000003,
        253946.02000000002,
        290137.27999999997,
        252919.01,
        216365.89,
        251817.44,
        287775.29,
        287775.29,
        287774.52,
        287773.02,
        287775.48,
        287773.02,
        287773.02,
        253694.06,
        253694.06,
        287773.02,
        287773.02,
        287773.02,
        253694.06,
        253694.06,
        253694.06,
        256748.95,
        254870.05,
        251815.15999999997,
        251815.15999999997,
        251815.15999999997,
        251815.15999999997,
        251815.15999999997,
        251815.15999999997,
        254870.05,
        254870.45,
        221082.21999999997,
        221082.21999999997,
        221082.21999999997,
        221082.21999999997,
        221082.21999999997,
        221082.21999999997,
        185124.37,
        185123.96000000002,
        185123.96000000002,
        185123.96000000002,
        185123.96000000002,
        185123.96000000002,
        185123.96000000002,
        221115.68,
        221115.68,
        224170.96999999997,
        221115.68,
        260128.43,
        224170.57,
        260120.39,
        221106.38,
        257063.84000000003,
        257063.3,
        257063.84000000003
    ]
}