{
    "virtual_best": 3428.79,
    "single_best": 75951.3,
    "passive_learning": 110529.52,
    "active_learning": [
        147402.6,
        181370.82,
        217572.32,
        181614.31,
        181596.45,
        182061.97000000003,
        181790.83000000002,
        182366.51,
        107721.31,
        110374.88,
        110246.78,
        107669.7,
        107639.57,
        110228.85,
        113314.87000000001,
        113304.69,
        113314.87000000001,
        110260.0,
        107700.82,
        107700.82,
        107690.64,
        110241.27,
        107689.96,
        107692.27,
        107692.27,
        107689.96,
        107689.96,
        107689.96,
        107689.96,
        107689.96,
        107689.96,
        110249.14,
        107689.96,
        107689.96,
        107689.96,
        107689.96,
        107692.27,
        107722.36,
        107722.36,
        107722.36,
        107722.36,
        107722.36,
        107692.27,
        107692.27,
        107692.27,
        107692.27,
        107692.27,
        107692.27,
        107692.27,
        107692.27,
        107692.27,
        107464.87000000001,
        107442.24,
        107442.24,
        107453.1,
        107442.24,
        107432.06,
        107442.24
    ]
}