{
    "virtual_best": 10365.78,
    "single_best": 149886.08,
    "passive_learning": 331754.68,
    "active_learning": [
        187828.21000000002,
        219726.82,
        255403.22999999998,
        259402.34999999998,
        327880.87,
        363831.35,
        295397.3,
        296379.12,
        332727.12,
        332687.06,
        332705.51,
        332307.41,
        332314.14,
        259678.91999999998,
        256965.97999999998,
        329891.92,
        295083.83,
        299099.5,
        329282.58,
        296120.61,
        263112.37,
        263107.43,
        299093.0,
        299295.67,
        299295.67,
        299295.67,
        299093.0,
        299093.0,
        299291.06,
        299290.52999999997,
        299291.06,
        332472.45,
        332472.45,
        296887.33999999997,
        296887.33999999997,
        329885.36,
        296871.95999999996,
        296871.95999999996,
        299091.45999999996,
        299092.42,
        299092.42,
        299092.42,
        299092.42,
        299092.42,
        296677.94,
        296677.94,
        299096.45999999996,
        299096.45999999996,
        299096.45999999996,
        299096.45999999996,
        299096.45999999996,
        299268.44,
        298991.2,
        298751.98,
        331763.07,
        331796.67,
        331754.68,
        331767.11
    ]
}