{
    "virtual_best": 10229.62,
    "single_best": 149986.91,
    "passive_learning": 399949.68000000005,
    "active_learning": [
        222853.65,
        295076.75,
        331090.02,
        328677.06000000006,
        220447.12,
        297194.81000000006,
        261288.13,
        332016.58999999997,
        296834.57999999996,
        365244.06000000006,
        329364.37,
        329678.03,
        365608.57999999996,
        329594.1,
        365669.12,
        365696.38,
        329677.42000000004,
        293606.9,
        256367.68,
        293389.53,
        293382.75,
        293705.57,
        295794.81,
        331790.18000000005,
        331786.53,
        331786.53,
        331786.53,
        331797.06000000006,
        332118.58999999997,
        332118.58999999997,
        332118.58999999997,
        332118.58999999997,
        332118.58999999997,
        332118.58999999997,
        332118.58999999997,
        332118.58999999997,
        332118.58999999997,
        332118.58999999997,
        332123.19999999995,
        332123.19999999995,
        332123.19999999995,
        332123.19999999995,
        332106.16000000003,
        332106.16000000003,
        332106.16000000003,
        332106.16000000003,
        331784.63,
        332118.4,
        332122.63,
        332109.70999999996,
        295764.33999999997,
        295723.70999999996,
        331901.64,
        295911.89,
        367451.56000000006,
        367425.81999999995,
        367384.56000000006,
        399939.97,
        363903.33999999997,
        399949.15,
        399942.99,
        399942.99
    ]
}