{
    "virtual_best": 4777.77,
    "single_best": 145629.69,
    "passive_learning": 145732.81,
    "active_learning": [
        254280.33,
        290515.78,
        254482.22,
        182524.45,
        182525.38,
        218085.08,
        182008.24,
        182064.56,
        182304.69,
        182273.83,
        182424.91,
        182009.89,
        182213.5,
        182213.5,
        111135.31,
        109858.46,
        110024.95,
        109859.41,
        109657.5,
        109662.19,
        109658.12,
        109698.95,
        109674.75,
        109673.91,
        109670.84,
        109670.84,
        109656.09,
        109656.09,
        109656.09,
        109656.09,
        109656.09,
        109656.09,
        109656.09,
        109656.09,
        109656.09,
        109656.09,
        109656.09,
        109656.09,
        109656.09,
        109656.09,
        109656.09,
        109656.09,
        109656.09,
        109656.09,
        109656.09,
        109656.09,
        109656.09,
        109666.91,
        109656.94,
        109656.94,
        110825.41,
        109819.72,
        109817.58,
        109814.74,
        145734.56,
        145732.72999999998,
        145732.72999999998,
        145732.62,
        145732.72999999998,
        145732.72999999998,
        145732.79,
        145732.79
    ]
}