{
    "virtual_best": 7130.14,
    "single_best": 7944.24,
    "passive_learning": 44040.79,
    "active_learning": [
        7978.46,
        7978.51,
        7978.51,
        7978.46,
        7978.46,
        7978.51,
        7978.51,
        7978.46,
        7978.48,
        7978.48,
        7978.48,
        7978.41,
        7978.41,
        7978.41,
        7978.44,
        7978.41,
        7978.41,
        7978.41,
        7978.48,
        7978.41,
        7978.41,
        7978.41,
        7978.41,
        7978.41,
        7978.41,
        7978.41,
        7978.41,
        7978.41,
        7978.41,
        7978.41,
        7978.41,
        7978.41,
        7978.41,
        7978.41,
        7978.41,
        7978.41,
        7978.41,
        7978.41,
        7978.41,
        7978.41,
        7978.41,
        7978.41,
        7993.679999999999,
        7978.48,
        7978.41,
        7978.41,
        7978.41,
        7978.41,
        7978.41,
        7978.429999999999,
        7998.92,
        8096.08,
        9206.63,
        8096.0,
        8095.99,
        152861.53999999998,
        8096.01,
        8096.01
    ]
}