{
    "virtual_best": 2606.66,
    "single_best": 291031.16,
    "passive_learning": 112417.24,
    "active_learning": [
        147866.88,
        111895.70000000001,
        147877.19999999998,
        147869.49,
        147869.5,
        147869.55,
        147869.43,
        147870.06,
        111961.56000000001,
        111895.1,
        111891.88,
        38713.85,
        2772.6499999999996,
        38680.549999999996,
        38681.1,
        38680.57,
        2741.9599999999996,
        38680.57,
        38679.979999999996,
        38679.88,
        38679.54,
        38679.509999999995,
        38679.509999999995,
        38679.54,
        38679.54,
        38679.54,
        38679.54,
        38679.54,
        38679.54,
        38679.54,
        38679.54,
        38679.54,
        38679.54,
        38679.54,
        38679.54,
        38679.54,
        38679.54,
        38679.54,
        38679.54,
        38679.54,
        38679.54,
        38679.54,
        38679.509999999995,
        38679.54,
        38678.939999999995,
        38679.35,
        38709.189999999995,
        38686.329999999994,
        38686.68,
        38686.67,
        38741.31,
        38724.079999999994,
        74603.74,
        38724.09,
        38725.79,
        112822.06000000001,
        38724.079999999994,
        38724.079999999994
    ]
}