{
    "virtual_best": 9281.83,
    "single_best": 146536.39,
    "passive_learning": 291194.17,
    "active_learning": [
        145349.18,
        145388.93,
        145312.39,
        145262.34,
        143655.37,
        143663.12,
        179573.09000000003,
        252437.53000000003,
        179939.72000000003,
        179938.39,
        143980.57,
        252379.7,
        252312.63,
        290958.44,
        255288.61,
        291280.03,
        219303.55,
        255332.61,
        291402.23,
        258355.28999999998,
        258279.72000000003,
        258239.90999999997,
        290935.78,
        291194.13,
        290917.0,
        290917.0,
        290926.53,
        290919.36,
        290919.26,
        290913.27
    ]
}