{
    "virtual_best": 9973.09,
    "single_best": 187034.24,
    "passive_learning": 217970.28000000003,
    "active_learning": [
        146865.54,
        146802.26,
        146802.26,
        146796.91999999998,
        146773.12,
        110707.40000000001,
        110708.14,
        110707.40000000001,
        110707.40000000001,
        110710.16,
        146021.41999999998,
        146612.71000000002,
        146678.28,
        182670.28000000003,
        182657.02000000002,
        182654.5,
        218644.21000000002,
        218645.0,
        182645.53000000003,
        182678.33000000002,
        218626.40000000002,
        218625.19,
        218581.14,
        218577.51,
        218585.36,
        217936.13,
        217951.21000000002,
        181965.37,
        181951.40000000002,
        181951.40000000002
    ]
}