{
    "virtual_best": 3074.8,
    "single_best": 259219.91,
    "passive_learning": 5491.79,
    "active_learning": [
        75033.49,
        38959.29,
        38954.76,
        38935.68,
        38939.42,
        38936.01,
        75031.70999999999,
        39034.7,
        39034.7,
        39037.51,
        75034.83,
        113259.22,
        111312.16,
        75034.83,
        38827.03,
        38830.36,
        3452.6200000000003,
        3452.6200000000003,
        3452.6200000000003,
        3452.6200000000003,
        3452.6200000000003,
        38827.03,
        38827.02,
        3451.1000000000004,
        3369.73,
        3451.1000000000004,
        3451.1000000000004,
        3451.1000000000004,
        3451.1000000000004,
        3451.1000000000004,
        3451.1000000000004,
        3451.1000000000004,
        3451.1000000000004,
        3451.1000000000004,
        3451.1000000000004,
        3451.1000000000004,
        3451.1000000000004,
        3451.1000000000004,
        3451.1000000000004,
        3451.1000000000004,
        3451.1000000000004,
        3451.1000000000004,
        3451.1000000000004,
        3451.1000000000004,
        3451.1000000000004,
        3451.1000000000004,
        3451.1000000000004,
        3451.1000000000004,
        3337.1600000000003,
        3463.1400000000003,
        3463.1400000000003,
        3461.9500000000003,
        3540.03,
        3464.7400000000002,
        3463.55,
        3463.4500000000003,
        5413.83,
        3463.3700000000003,
        3463.36,
        3463.36,
        3463.36,
        3463.3700000000003,
        3463.3700000000003,
        3463.3700000000003,
        3463.3700000000003
    ]
}