{
    "virtual_best": 6872.72,
    "single_best": 7613.33,
    "passive_learning": 224705.6,
    "active_learning": [
        261498.66,
        261498.61,
        407815.75,
        261437.52,
        261437.59,
        261437.59,
        10771.640000000001,
        261437.59,
        261437.59,
        261437.59,
        261437.59,
        693177.38,
        512068.59,
        369003.99000000005,
        7643.11,
        43534.82,
        7643.12,
        7643.12,
        7643.12,
        7643.12,
        7643.12,
        10822.19,
        46713.9,
        7643.11,
        7693.2699999999995,
        7643.11,
        7665.639999999999,
        7643.0599999999995,
        7643.0599999999995,
        7654.7,
        7654.7,
        7677.28,
        7679.599999999999,
        7679.599999999999,
        7679.599999999999,
        7679.599999999999,
        7679.599999999999,
        7679.599999999999,
        7679.599999999999,
        7679.599999999999,
        7679.599999999999,
        7679.599999999999,
        7679.599999999999,
        7679.599999999999,
        7679.599999999999,
        7679.599999999999,
        7679.599999999999,
        7667.96,
        7809.94,
        7831.929999999999,
        7834.2699999999995,
        7811.69,
        43653.61,
        7815.19,
        7792.61,
        7792.61,
        223617.54,
        7814.74,
        7831.929999999999,
        7792.61,
        7815.19,
        7815.19,
        7790.25,
        7790.29,
        7790.29
    ]
}