{
    "virtual_best": 3226.28,
    "single_best": 402442.65,
    "passive_learning": 113759.1,
    "active_learning": [
        256765.5,
        364964.55000000005,
        256856.22999999998,
        220207.66999999998,
        149165.16,
        150082.08,
        221305.72,
        114584.48000000001,
        185435.74,
        150368.68,
        113845.90000000001,
        113536.38,
        113477.95,
        113171.73000000001,
        78143.3,
        113746.99,
        113655.42,
        113265.54000000001,
        149640.05,
        113687.32,
        113687.06,
        113687.06
    ]
}