{
    "virtual_best": 2975.27,
    "single_best": 295152.86,
    "passive_learning": 401939.04000000004,
    "active_learning": [
        366506.85000000003,
        365588.34,
        438819.19,
        548321.25,
        365948.21,
        438755.34,
        365051.13,
        222329.86,
        329895.66000000003,
        329579.92000000004,
        473218.98000000004,
        473899.27,
        365505.60000000003,
        294091.77,
        293926.24,
        401813.69,
        438004.63,
        438502.09,
        330159.32,
        365946.34,
        329892.15,
        366126.96
    ]
}