{
    "virtual_best": 9281.83,
    "single_best": 146536.39,
    "passive_learning": 291194.17,
    "active_learning": [
        145349.18,
        145388.93,
        145242.71000000002,
        145268.15000000002,
        145260.40000000002,
        217241.87,
        181253.18,
        181252.11,
        217249.87,
        215816.68,
        215782.94,
        215813.07,
        251772.27000000002,
        215774.51,
        215774.51,
        215774.51,
        215772.93,
        215751.22000000003,
        215790.57,
        215646.5,
        215710.69,
        215674.08000000002,
        215996.34999999998,
        216076.22999999998,
        215998.97000000003,
        182344.65999999997,
        216076.22999999998,
        216032.05,
        182622.0,
        215721.72999999998,
        215721.72999999998,
        215721.72999999998,
        215721.72999999998,
        215326.51,
        215603.74,
        215603.74,
        215596.82,
        215998.97000000003,
        215998.97000000003,
        215998.97000000003,
        215998.97000000003,
        215998.97000000003,
        215998.97000000003,
        215998.97000000003,
        215998.97000000003,
        215998.97000000003,
        215998.97000000003,
        215998.97000000003,
        215998.97000000003,
        215998.97000000003,
        215998.97000000003,
        215998.97000000003,
        215998.97000000003,
        215998.97000000003,
        215718.34000000003,
        288443.82,
        251411.31,
        288448.66,
        252464.19,
        290848.01,
        290952.74,
        291638.22000000003,
        326923.64999999997,
        290956.88,
        290916.94,
        290916.94,
        290916.94,
        290916.94
    ]
}