{
    "virtual_best": 9973.09,
    "single_best": 187034.24,
    "passive_learning": 217970.28000000003,
    "active_learning": [
        182777.27000000002,
        181882.74,
        181810.28999999998,
        181517.15000000002,
        181477.99,
        181477.99,
        181478.01,
        181477.47999999998,
        181153.72000000003,
        181153.72000000003,
        181430.53999999998,
        181430.53999999998,
        217096.46000000002,
        217077.39,
        182079.26,
        182042.16999999998,
        182020.47999999998,
        182020.47999999998,
        182023.09999999998,
        182070.43,
        182080.74,
        218018.26,
        218034.72000000003,
        218015.65000000002,
        218018.26,
        184927.34000000003,
        184924.72999999998,
        184924.72999999998,
        184924.72999999998,
        217961.99,
        218015.63,
        218015.63,
        218015.63,
        218015.63,
        218015.63,
        218015.63,
        218015.63,
        218015.63,
        218015.63,
        218015.63,
        218015.63,
        218015.63,
        218015.63,
        218015.63,
        218015.63,
        218015.63,
        218015.63,
        218015.63,
        218015.63,
        218015.63,
        218015.63,
        218015.63,
        218015.63,
        218015.63,
        217964.59999999998,
        217963.87,
        218017.53000000003,
        217999.40999999997,
        253984.76,
        218017.77000000002,
        217964.11,
        217997.65000000002,
        217941.83000000002,
        181995.40000000002,
        181948.88,
        181951.22000000003,
        181951.74,
        181951.74
    ]
}