{
    "virtual_best": 2063.08,
    "single_best": 256446.92,
    "passive_learning": 148217.21,
    "active_learning": [
        255915.46,
        291952.95999999996,
        148222.93,
        183921.40999999997,
        183121.81,
        148023.21999999997,
        184654.62,
        112377.19,
        183499.0,
        77023.41,
        76167.82,
        112488.82,
        112671.0,
        112451.94,
        112806.4,
        112308.93000000001,
        112576.21,
        148227.71999999997,
        148703.55,
        148382.56,
        148382.56
    ]
}