{
    "virtual_best": 2907.08,
    "single_best": 259729.59,
    "passive_learning": 366064.06,
    "active_learning": [
        365974.41,
        223108.34,
        330716.56,
        330842.14,
        295734.01999999996,
        473651.23,
        329939.38,
        365891.3,
        510332.8,
        401930.12,
        473303.98,
        366207.56,
        329931.98,
        365458.20999999996,
        401490.5,
        473860.63,
        473416.43,
        437341.26999999996,
        545525.91,
        473912.41,
        545628.76
    ]
}