{
    "virtual_best": 3957.95,
    "single_best": 186191.65,
    "passive_learning": 4368.18,
    "active_learning": [
        74542.86,
        74542.66,
        74539.88,
        74589.42,
        76008.95,
        74536.47,
        74540.79000000001,
        38353.44,
        4391.78,
        4391.349999999999,
        4386.73,
        38330.130000000005,
        4387.0199999999995,
        4369.57,
        4369.43,
        4392.22,
        4391.34,
        4372.36,
        4367.94,
        4367.79,
        4367.82,
        4368.12,
        4364.599999999999,
        4368.51,
        4368.18,
        4368.75,
        4368.18,
        4368.51,
        4368.51,
        4387.99
    ]
}