{
    "virtual_best": 9258.7,
    "single_best": 149765.94,
    "passive_learning": 293508.25,
    "active_learning": [
        223499.13,
        223409.43,
        289993.01,
        224412.0,
        224096.81,
        257143.33000000002,
        224132.98,
        253900.21,
        254328.26,
        254456.11000000002,
        254547.21,
        254486.87,
        218480.33000000002,
        218854.82,
        218832.04,
        327290.18,
        222560.18,
        260558.15,
        329578.93,
        291877.95999999996,
        329520.02,
        329425.6,
        365495.67,
        332410.49,
        329476.62,
        365420.39,
        365487.81,
        365485.39,
        365485.39
    ]
}