{
    "virtual_best": 6994.92,
    "single_best": 111623.33,
    "passive_learning": 177359.11000000002,
    "active_learning": [
        141692.82,
        141501.98,
        177389.41,
        141473.28,
        141447.13,
        177347.96,
        141304.52,
        105390.65,
        141206.91999999998,
        105367.22,
        141438.91,
        141398.2,
        141398.05,
        141323.66,
        177204.38,
        141246.53,
        141216.57,
        141305.41,
        177371.06,
        141369.23,
        177300.63,
        141307.87,
        141307.87,
        141397.5,
        141509.07,
        141512.95,
        141510.65,
        141510.65,
        141510.65
    ]
}