{
    "virtual_best": 7385.46,
    "single_best": 8111.91,
    "passive_learning": 81741.86,
    "active_learning": [
        367922.86,
        8145.47,
        8538.09,
        8147.76,
        8147.76,
        8147.76,
        8147.740000000001,
        190705.97,
        406131.37,
        191064.13,
        8145.47,
        9452.85,
        191064.13,
        8145.47,
        44429.799999999996,
        8145.42,
        8145.490000000001,
        8145.490000000001,
        8145.42,
        191064.08,
        191087.91999999998,
        191144.16999999998,
        191144.16999999998,
        191144.16999999998,
        8237.15,
        8237.15,
        8221.75,
        8221.75,
        8221.75,
        8221.75,
        8221.75,
        8221.75,
        191140.41,
        191138.07,
        8219.41,
        8219.41,
        8279.029999999999,
        8249.67,
        8279.029999999999,
        8256.18,
        8256.18,
        8249.67,
        8249.67,
        8249.67,
        8249.67,
        8249.67,
        8249.67,
        8249.67,
        8249.67,
        8249.67,
        8249.67,
        8249.67,
        8238.029999999999,
        8224.8,
        8264.769999999999,
        8078.320000000001,
        8159.150000000001,
        8126.76,
        8155.400000000001,
        8078.34,
        8084.17,
        8103.27,
        8103.27
    ]
}