{
    "virtual_best": 4391.78,
    "single_best": 219412.42,
    "passive_learning": 75901.27,
    "active_learning": [
        147092.88999999998,
        111050.83,
        111379.67,
        146788.0,
        75043.25,
        75108.06,
        110208.51,
        110515.61,
        146582.0,
        110515.88,
        74571.06,
        74586.7,
        110535.94,
        74591.16,
        74908.29,
        74584.59,
        74584.59,
        39719.729999999996,
        39719.06,
        75663.88,
        75676.7,
        110558.18,
        75692.79,
        75692.79,
        74612.7,
        74612.7,
        39759.939999999995,
        39759.939999999995,
        39759.939999999995,
        39759.939999999995,
        39759.939999999995,
        39759.939999999995,
        75721.83,
        75718.62,
        39773.799999999996,
        39773.78,
        39774.229999999996,
        39774.229999999996,
        39774.229999999996,
        39732.89,
        39732.92,
        39733.56,
        39733.56,
        39733.56,
        39733.56,
        39733.56,
        39733.56,
        39733.56,
        39733.56,
        39733.56,
        39733.56,
        39733.56,
        39732.89,
        39732.89,
        39791.84,
        39980.0,
        39980.0,
        39962.93,
        39980.0,
        75951.04,
        75992.61,
        39998.21,
        39998.21
    ]
}