{
    "virtual_best": 2791.06,
    "single_best": 294832.46,
    "passive_learning": 402655.44,
    "active_learning": [
        690134.52,
        689959.5700000001,
        725522.79,
        689650.31,
        689750.77,
        582402.4,
        80812.01,
        152505.86,
        115883.28,
        151514.62,
        153577.05,
        259742.22999999998,
        116181.29,
        259915.8,
        260065.99,
        402317.71,
        438952.33,
        438734.94,
        439024.12,
        331766.14999999997,
        331313.63,
        331277.76,
        474333.83999999997,
        475031.32,
        474535.91,
        510458.95,
        474781.51,
        474781.51,
        367123.5,
        438950.46,
        474530.08999999997,
        474774.41,
        474739.08,
        474445.55,
        402737.67,
        439145.33,
        439492.39999999997,
        439510.22,
        403549.37,
        439477.31,
        439492.39999999997,
        439492.39999999997,
        439492.39999999997,
        439510.22,
        439541.61,
        439492.39999999997,
        439492.39999999997,
        331717.85,
        403559.46,
        439492.39999999997,
        439492.39999999997,
        439492.39999999997,
        439492.39999999997,
        439492.39999999997,
        475474.62,
        439492.39999999997
    ]
}