{
    "virtual_best": 2299.09,
    "single_best": 292961.14,
    "passive_learning": 111634.59,
    "active_learning": [
        400309.52,
        472244.44,
        472108.37,
        364552.67,
        436436.69,
        291744.1,
        292078.75,
        76934.15999999999,
        111261.23,
        76357.53,
        111401.39,
        76081.56,
        147588.07,
        183475.13999999998,
        111320.64,
        111568.93999999999,
        111865.5,
        111624.81999999999,
        75974.79,
        75667.95999999999,
        111684.67,
        111917.68999999999,
        111719.70999999999,
        111626.76,
        111916.70999999999,
        111671.29999999999,
        76009.62999999999,
        76009.62999999999,
        75985.12999999999,
        76009.62999999999,
        76009.62999999999,
        76009.62999999999,
        76008.93,
        76008.93,
        76008.93,
        111574.98,
        111567.60999999999,
        111567.60999999999,
        111567.60999999999,
        111543.10999999999,
        111567.60999999999,
        111567.60999999999,
        111567.60999999999,
        111567.60999999999,
        111567.60999999999,
        111567.60999999999,
        111567.60999999999,
        111567.60999999999,
        111567.60999999999,
        111567.60999999999,
        111567.60999999999,
        111567.60999999999,
        111567.60999999999,
        111567.60999999999,
        111567.60999999999,
        111567.60999999999
    ]
}