{
    "virtual_best": 3449.81,
    "single_best": 292973.49,
    "passive_learning": 147527.38999999998,
    "active_learning": [
        292286.11000000004,
        220370.9,
        255495.9,
        255490.49,
        255491.83,
        219494.19,
        219495.88,
        219437.97,
        184161.01,
        184157.78,
        184139.65,
        183783.08,
        147518.01,
        75990.79,
        147523.46,
        76104.01999999999,
        76106.34,
        75991.75,
        147467.83,
        147524.87,
        75205.87,
        39710.31,
        111761.3,
        147543.21,
        111756.7,
        75995.39,
        75972.06,
        111814.15,
        39710.579999999994,
        75995.4,
        75995.4,
        75995.4
    ]
}