{
    "virtual_best": 7174.65,
    "single_best": 7918.37,
    "passive_learning": 370086.98000000004,
    "active_learning": [
        623746.59,
        408957.71,
        623718.5299999999,
        623654.4099999999,
        623654.4099999999,
        623654.4099999999,
        623654.1,
        623746.64,
        588342.83,
        623670.1599999999,
        623704.0,
        623686.49,
        370349.9,
        190790.28,
        370361.54000000004,
        190698.97,
        190664.75,
        190702.61,
        370130.75,
        370139.28,
        7943.88,
        81126.61,
        298061.98000000004,
        370054.99000000005,
        190598.71,
        226691.23,
        190631.16999999998,
        298199.19,
        43981.469999999994,
        190567.57,
        82760.81,
        82760.81
    ]
}