{
    "virtual_best": 7130.14,
    "single_best": 7944.24,
    "passive_learning": 44040.79,
    "active_learning": [
        225701.63,
        225461.72,
        225461.78999999998,
        189622.12,
        370257.3,
        225415.55,
        225415.55,
        225461.72,
        152744.03999999998,
        7978.42,
        7978.48,
        7978.46,
        7978.41,
        7978.49,
        7978.41,
        7978.389999999999,
        7978.389999999999,
        7978.389999999999,
        7978.389999999999,
        7978.41,
        7978.41,
        7978.41,
        7978.41,
        7978.41,
        7978.41,
        7978.41,
        7978.41,
        7978.41,
        7978.41,
        7978.41,
        7978.41,
        7978.41,
        7978.41,
        7978.41,
        7978.41,
        7978.41,
        7978.41,
        7978.41,
        7978.41,
        7978.41,
        7978.41,
        7978.41,
        7978.41,
        7978.41,
        7978.41,
        7978.41,
        7978.41,
        7978.41,
        7978.41,
        7978.429999999999,
        7978.41,
        7978.41,
        7978.41,
        7978.41,
        7819.99,
        44040.81,
        152861.94999999998,
        8095.99,
        260495.59,
        8095.969999999999,
        8095.969999999999,
        152861.5,
        8130.21,
        8096.42
    ]
}