{
    "virtual_best": 2606.66,
    "single_best": 291031.16,
    "passive_learning": 112417.24,
    "active_learning": [
        182593.63,
        146718.81,
        146641.65,
        74830.6,
        184770.06999999998,
        110672.12000000001,
        110674.46,
        110568.38,
        112780.15000000001,
        38682.189999999995,
        38681.61,
        38681.61,
        38681.61,
        38681.61,
        38681.61,
        38681.63,
        38711.1,
        38710.799999999996,
        38712.89,
        38713.46,
        38713.46,
        38713.46,
        38713.439999999995,
        38713.46,
        38713.46,
        38713.47,
        38713.47,
        38713.47,
        38713.47,
        2805.0,
        2805.0,
        2805.0,
        2805.0,
        2805.0,
        2805.0,
        2805.0,
        2805.0,
        2805.0,
        2805.0,
        2805.0,
        2805.0,
        2805.0,
        2805.0,
        2805.0,
        2805.0,
        2805.0,
        38714.67,
        38711.4,
        38688.579999999994,
        38687.46,
        38687.46,
        38687.46,
        38709.25,
        38686.4,
        38690.24,
        112418.1,
        76942.40000000001,
        38726.42,
        148613.69999999998,
        38724.659999999996,
        38724.659999999996,
        112822.03,
        38723.77,
        38724.079999999994
    ]
}