{
    "virtual_best": 2852.5,
    "single_best": 327047.33,
    "passive_learning": 148168.36,
    "active_learning": [
        401171.73000000004,
        257644.33,
        256273.1,
        256654.18,
        184401.05,
        184073.65,
        219681.76,
        184287.43,
        184641.69,
        184694.18,
        76935.92,
        112811.73,
        184089.79,
        219551.77,
        183809.98,
        184011.83,
        183885.73,
        183925.86,
        184031.63999999998,
        184232.55,
        148244.38999999998,
        148183.68,
        148146.03,
        184756.28,
        148218.68,
        148256.44,
        148171.78,
        148275.41,
        148530.31,
        148530.81,
        148520.63,
        148530.81,
        148046.91,
        148000.13,
        148361.29,
        148209.18,
        112493.54,
        112491.14,
        148159.98,
        112613.34999999999,
        112592.89,
        112592.89,
        112592.89,
        112592.89,
        112592.89,
        112592.89,
        112592.89,
        112592.89,
        112592.89,
        112592.89,
        112592.89,
        112592.89,
        112592.89,
        112592.89,
        112592.89,
        112592.89,
        220080.01,
        184401.26,
        184611.03,
        148357.32,
        183984.96,
        184300.01
    ]
}