{
    "virtual_best": 3287.98,
    "single_best": 198068.24,
    "passive_learning": 260805.32,
    "active_learning": [
        950756.52,
        944708.5,
        477042.10000000003,
        516278.87000000005,
        226313.76,
        81464.03,
        117683.18,
        117436.87,
        81321.19,
        81263.18,
        118043.69,
        81236.58,
        117020.55,
        188247.26,
        188386.05,
        368688.36000000004,
        403040.25,
        475397.38,
        439717.52,
        295818.67000000004,
        475128.39,
        369178.0,
        332852.48000000004,
        259870.63,
        296449.49000000005,
        368873.77,
        296899.19,
        404422.77,
        368039.5,
        368597.12000000005,
        368769.46,
        404605.74000000005,
        332975.73000000004,
        368185.12000000005,
        296013.25,
        331790.67000000004,
        331619.34,
        331971.81,
        368323.92000000004,
        296718.26,
        331864.11000000004,
        331864.11000000004,
        331864.11000000004,
        331864.11000000004,
        331864.11000000004,
        331864.11000000004,
        331864.11000000004,
        331864.11000000004,
        331864.11000000004,
        331864.11000000004,
        331864.11000000004,
        331864.11000000004,
        331864.11000000004,
        331864.11000000004,
        331864.11000000004,
        331864.11000000004,
        332461.57,
        369186.10000000003,
        332572.05000000005,
        294918.98000000004,
        402609.74000000005,
        402459.89
    ]
}