{
    "virtual_best": 9547.98,
    "single_best": 113816.0,
    "passive_learning": 293956.42,
    "active_learning": [
        220828.71999999997,
        219196.40000000002,
        220437.88,
        218851.49,
        256398.82,
        186908.78999999998,
        186697.25,
        258556.02999999997,
        187759.27000000002,
        186043.69,
        186045.53999999998,
        185974.40999999997,
        186055.18,
        257875.28999999998,
        221915.40000000002,
        221883.39,
        257944.27999999997,
        292236.67,
        186337.76,
        258331.37,
        258231.58000000002,
        294204.45,
        258394.87,
        258249.03999999998,
        258188.83000000002,
        258177.03999999998,
        293946.71,
        293960.48,
        293960.48,
        293960.99
    ]
}