{
    "virtual_best": 5275.56,
    "single_best": 43478.18,
    "passive_learning": 105763.29,
    "active_learning": [
        106084.84,
        142081.36,
        106058.19,
        106324.23,
        106665.4,
        105991.08,
        106588.56,
        106360.2,
        106309.45999999999,
        106309.45999999999,
        106360.17,
        106428.84999999999,
        106428.84999999999,
        106723.39,
        106723.59999999999,
        106910.23999999999,
        106124.37999999999,
        105760.09,
        105752.04,
        105758.79,
        107187.52,
        105745.64,
        105760.06999999999,
        105731.73,
        105763.5,
        105964.7,
        105763.37,
        105745.41,
        105745.28,
        105745.47
    ]
}