{
    "virtual_best": 4041.62,
    "single_best": 332411.08,
    "passive_learning": 148039.97,
    "active_learning": [
        508523.04,
        329090.83,
        256042.15,
        256209.26,
        220249.44999999998,
        184604.54,
        148381.5,
        148308.63999999998,
        183603.25,
        148120.33,
        112211.98999999999,
        148116.31,
        148069.66999999998,
        148129.46,
        147874.38,
        147932.51,
        147774.72,
        148193.83,
        183871.53,
        148103.5,
        148093.43
    ]
}