{
    "virtual_best": 7551.85,
    "single_best": 112651.64,
    "passive_learning": 106389.65,
    "active_learning": [
        142130.4,
        142080.13,
        142026.18,
        178032.13,
        214032.93,
        141956.18,
        141897.79,
        142285.06,
        178209.84,
        142209.97,
        107183.93000000001,
        106803.72,
        106956.18000000001,
        106647.52,
        106653.04000000001,
        106637.14,
        106632.17,
        106632.17,
        106632.17,
        106632.17,
        106633.3,
        106632.17,
        106632.17,
        106613.56,
        106613.56,
        106611.33,
        106613.56,
        106613.56,
        106565.05,
        106565.05,
        106565.05,
        106569.63,
        106569.63,
        106569.63,
        106569.63,
        106569.63,
        106569.63,
        106569.63,
        106569.63,
        106569.63,
        106572.21,
        106572.21,
        106572.21,
        106569.63,
        106569.63,
        141582.22999999998,
        106565.03,
        106565.03,
        141577.41999999998,
        106560.22,
        106560.22,
        106562.45,
        106562.45,
        106562.45,
        106562.45,
        106562.45,
        106562.45,
        106562.45,
        106485.1,
        106408.69,
        106389.65,
        106389.65,
        106389.65,
        106389.65,
        106389.65
    ]
}