{
    "virtual_best": 10122.21,
    "single_best": 149780.78,
    "passive_learning": 329647.38,
    "active_learning": [
        256480.84,
        223274.36000000002,
        223321.64,
        291230.6,
        290816.26,
        292394.45,
        219547.52,
        219541.52,
        219296.88,
        219444.12,
        219450.08,
        327437.56999999995,
        291487.61,
        219497.79,
        291548.79000000004,
        255385.85,
        291833.85,
        291571.15,
        291889.45999999996,
        291544.07999999996,
        291615.69,
        291551.92000000004,
        292328.13,
        291620.41000000003,
        255559.72,
        219629.86000000002,
        291615.6,
        255570.49,
        255570.56,
        255570.38,
        255570.38,
        255915.74,
        255915.74,
        291914.19,
        291914.19,
        291914.19,
        291907.29000000004,
        291907.29000000004,
        291574.54000000004,
        291574.54000000004,
        291558.07,
        291558.07,
        291562.11,
        291551.33999999997,
        291551.33999999997,
        291566.85,
        291563.77,
        291563.77,
        293982.29000000004,
        293982.29000000004,
        293982.29000000004,
        294259.52,
        294259.52,
        294259.52,
        294259.52,
        294259.52,
        294259.52,
        294259.52,
        330300.63,
        224354.11000000002,
        329654.97,
        329637.14,
        329643.87,
        329976.08999999997,
        329976.08999999997
    ]
}