{
    "virtual_best": 2836.39,
    "single_best": 223471.02,
    "passive_learning": 366913.68,
    "active_learning": [
        330188.41,
        437177.89,
        400922.67,
        293938.86,
        294901.07,
        402513.8,
        330121.06,
        401912.13,
        223361.59999999998,
        222882.31999999998,
        438450.82,
        366526.25,
        330157.86,
        402800.76,
        366806.20999999996,
        295205.45,
        296277.73,
        331130.75,
        295096.41,
        438495.52
    ]
}