{
    "virtual_best": 2128.61,
    "single_best": 255779.84,
    "passive_learning": 219542.13999999998,
    "active_learning": [
        398772.31,
        290492.99,
        254583.33,
        290670.11,
        255199.34999999998,
        254866.31999999998,
        290170.20999999996,
        182998.5,
        290267.08,
        326496.76,
        254892.68,
        183264.74,
        147345.63,
        147969.36,
        219239.13999999998,
        255052.61,
        219122.99,
        255440.55,
        255060.27,
        219375.46
    ]
}