{
    "virtual_best": 3011.66,
    "single_best": 161090.3,
    "passive_learning": 367137.34,
    "active_learning": [
        699303.4,
        660177.21,
        299996.91000000003,
        475779.18,
        258732.2,
        225611.33000000002,
        151874.95,
        224783.66,
        152126.26,
        80086.61,
        116500.62,
        366501.24,
        223228.57,
        294159.54000000004,
        259093.77000000002,
        330826.57,
        295124.53,
        331314.17000000004,
        295911.12,
        331004.39,
        331154.67000000004,
        259579.62000000002,
        330450.44,
        402747.7,
        438928.93,
        402562.76,
        402565.54000000004,
        402572.46,
        402847.64,
        438703.84,
        402669.94,
        402695.27,
        367406.5,
        367148.03,
        331252.60000000003,
        330634.66000000003,
        367154.24,
        367102.34,
        367102.34,
        367102.34,
        367103.31,
        367102.34,
        367099.88,
        367102.34,
        367102.34,
        367120.93,
        367116.28,
        367168.17000000004,
        367176.96,
        367099.88,
        367102.34,
        331159.31,
        367240.21,
        367102.34,
        367102.78,
        367102.34,
        367105.12,
        367102.34,
        367102.34,
        367102.34,
        367102.34,
        367102.34,
        367102.99,
        367102.34
    ]
}