{
    "virtual_best": 2641.95,
    "single_best": 292655.22,
    "passive_learning": 147553.97,
    "active_learning": [
        544392.31,
        222596.7,
        328651.28,
        256822.01,
        184032.51,
        148321.21000000002,
        148554.15000000002,
        219297.03000000003,
        219418.62000000002,
        147496.55000000002,
        183089.96000000002,
        218658.84000000003,
        254912.51,
        219013.65000000002,
        218966.84000000003,
        219029.30000000002,
        183772.66,
        183349.6,
        183686.09000000003,
        255096.42,
        183574.40000000002,
        219477.73,
        183225.17,
        183154.95,
        219457.91,
        219051.18000000002,
        219091.71000000002,
        183660.74000000002,
        183666.91,
        183748.16,
        183707.78000000003,
        183680.18000000002,
        183296.95,
        183296.95,
        219216.56000000003,
        183606.15000000002,
        220021.02000000002,
        220021.02000000002,
        220021.02000000002,
        220021.02000000002,
        220021.02000000002,
        220021.02000000002,
        220021.02000000002,
        220026.53000000003,
        220026.53000000003,
        220026.53000000003,
        220026.53000000003,
        220026.53000000003,
        220026.53000000003,
        220026.53000000003,
        220026.53000000003,
        220026.53000000003,
        220026.53000000003,
        220026.53000000003,
        220026.53000000003,
        220026.53000000003,
        220026.53000000003,
        220026.53000000003,
        220026.53000000003,
        220026.53000000003,
        220026.53000000003,
        220026.53000000003,
        220026.53000000003,
        220026.53000000003
    ]
}