{
    "virtual_best": 6866.3,
    "single_best": 117405.19,
    "passive_learning": 258276.13999999998,
    "active_learning": [
        288626.73,
        184352.88999999998,
        255572.37,
        361228.97,
        396127.3,
        468383.17,
        468784.66,
        396033.54,
        327858.72,
        291813.94,
        291952.03,
        325556.74,
        219044.34,
        252051.29,
        361545.27999999997,
        327596.27,
        363452.1,
        360456.02,
        360463.97,
        287798.53,
        323847.47,
        326775.47,
        359784.26,
        327232.89,
        359789.63,
        323837.14,
        323874.82,
        327231.89,
        359816.52999999997
    ]
}