{
    "virtual_best": 7765.21,
    "single_best": 111297.47,
    "passive_learning": 145293.07,
    "active_learning": [
        215252.96,
        251121.46,
        250754.7,
        143570.72999999998,
        143297.56,
        143264.39,
        143272.22,
        179018.77,
        143034.19,
        143015.88,
        143037.56,
        145461.49,
        145282.14,
        145275.08000000002,
        145274.57,
        142816.47999999998,
        142856.94,
        145220.41,
        145218.5,
        145218.5,
        145229.01,
        145216.9,
        142746.7,
        145165.22,
        109712.91,
        109710.27,
        147419.41999999998,
        145236.5,
        145558.72
    ]
}