{
    "virtual_best": 3428.79,
    "single_best": 75951.3,
    "passive_learning": 110529.52,
    "active_learning": [
        148803.85,
        113060.02,
        113064.37000000001,
        113079.95,
        74013.72,
        112876.06,
        113063.69,
        112902.66,
        74957.54000000001,
        74923.20000000001,
        74223.38,
        77797.4,
        75253.87,
        75246.76000000001,
        77805.68,
        75187.23000000001,
        74740.91,
        74751.08,
        72169.44,
        75236.41,
        72181.5,
        72181.52,
        72181.52,
        72181.52,
        108180.35,
        108180.35,
        107465.8,
        107508.14,
        107508.14,
        107508.17,
        107508.17,
        107508.17,
        107508.17,
        107508.17,
        107508.17,
        107508.17,
        107508.17,
        107508.17,
        107508.17,
        107508.17,
        107508.17,
        107508.17,
        107508.17,
        107508.17,
        107508.17,
        107508.17,
        107508.14,
        107508.14,
        107508.14,
        107508.17,
        107508.17,
        107508.17,
        107428.39,
        107444.54000000001,
        107432.06,
        107432.06,
        107432.06,
        107432.06,
        107474.64,
        107432.06,
        107464.46,
        107464.46,
        107464.46
    ]
}