{
    "virtual_best": 10365.78,
    "single_best": 149886.08,
    "passive_learning": 331754.68,
    "active_learning": [
        219329.0,
        219341.27000000002,
        216982.96000000002,
        219679.09999999998,
        291397.01,
        219338.96000000002,
        219305.52000000002,
        255501.09999999998,
        292367.65,
        294858.28,
        361497.67,
        292497.84,
        325655.74,
        259881.26,
        256572.05,
        260244.19,
        227070.77000000002,
        227073.38,
        295474.54,
        257055.32,
        257051.88,
        257051.88,
        257064.31,
        257064.31,
        329612.18,
        329612.52999999997,
        297232.14999999997,
        329939.45,
        329917.16,
        329917.16,
        329917.16,
        329961.45,
        329961.45,
        329961.45,
        329961.45,
        329918.18,
        329918.18,
        329918.18,
        329918.18,
        329918.18,
        329918.18,
        293934.19,
        293934.19,
        293934.19,
        293934.19,
        329942.42,
        330219.64999999997,
        297210.86,
        296933.63,
        329941.83999999997,
        329941.83999999997,
        329941.83999999997,
        329625.26,
        329810.79,
        331952.55,
        331951.97,
        331951.97,
        298943.18,
        331748.82,
        331753.76999999996,
        331754.19,
        298754.27999999997,
        298754.27999999997
    ]
}