{
    "virtual_best": 10034.04,
    "single_best": 113648.85,
    "passive_learning": 221344.62,
    "active_learning": [
        111168.56999999999,
        111169.37999999999,
        113703.25,
        111381.06,
        183736.05,
        148831.36000000002,
        148833.34,
        111651.2,
        147203.74,
        219624.5,
        219625.4,
        219621.82,
        219621.05,
        183622.3,
        183622.12,
        183623.58,
        183619.91,
        147322.25,
        147322.25,
        147395.58000000002,
        147392.97,
        147115.73,
        111061.48999999999,
        147395.58000000002,
        183387.3,
        183387.3,
        183339.68,
        183339.68,
        183313.97,
        183313.97,
        183615.44999999998,
        183615.44999999998,
        183615.44999999998,
        183615.44999999998,
        183615.44999999998,
        183615.44999999998,
        183615.44999999998,
        183615.44999999998,
        183615.44999999998,
        183615.44999999998,
        183615.44999999998,
        183615.44999999998,
        183615.44999999998,
        183615.44999999998,
        183665.44,
        183620.43,
        183620.43,
        183619.91,
        183619.91,
        183555.82,
        183278.58,
        183615.44999999998,
        183337.07,
        183337.07,
        183337.07,
        183337.07,
        186019.49,
        186092.05,
        221866.21,
        221342.41999999998,
        221342.41999999998,
        221011.87,
        221005.13999999998
    ]
}