{
    "virtual_best": 6918.58,
    "single_best": 42813.39,
    "passive_learning": 182748.87,
    "active_learning": [
        183673.13,
        253869.8,
        220022.99,
        220015.33,
        219862.63,
        184007.48,
        182839.57,
        218670.46,
        253453.03,
        253665.13,
        253660.72,
        253660.73,
        217712.53,
        253551.32,
        217505.72,
        253504.65,
        218444.88999999998,
        183610.27,
        183905.03,
        183905.03,
        182740.23,
        182740.23,
        182740.23,
        183905.54,
        182740.69999999998,
        182740.71,
        182740.71,
        182740.71,
        182740.71,
        182740.71,
        182740.71,
        182740.71,
        182740.71,
        182740.71,
        182740.71,
        182740.71,
        182740.71,
        182740.71,
        182740.71,
        182740.71,
        182740.71,
        182740.71,
        182740.71,
        182740.71,
        182747.71,
        182747.71,
        182747.71,
        182747.71,
        182747.71,
        182747.71,
        182747.71,
        182747.71,
        218663.65,
        218663.65,
        218663.65,
        218663.65,
        182747.71,
        182747.71,
        182747.54,
        182748.87,
        182748.87,
        182748.87,
        182748.87
    ]
}