{
    "virtual_best": 2898.52,
    "single_best": 259410.18,
    "passive_learning": 618235.35,
    "active_learning": [
        302123.8,
        227066.15999999997,
        475693.16,
        476149.05,
        368207.56,
        296697.1,
        475529.87,
        222977.27,
        294247.85,
        257452.43,
        187928.03999999998,
        366012.14,
        402213.6,
        545431.29,
        509357.95999999996,
        510521.97,
        437528.83999999997,
        509143.64,
        437564.14999999997,
        437399.57,
        437429.57999999996,
        618300.0599999999,
        475097.88,
        545887.0,
        545889.65,
        546270.11,
        581492.16,
        510823.92,
        546530.52,
        509117.57999999996,
        545587.25,
        472700.77999999997,
        509144.82,
        472648.35,
        472655.3,
        472755.54,
        473045.36,
        472755.54,
        509046.08999999997,
        472784.32,
        472824.85,
        473225.87,
        509653.39,
        473294.48,
        473236.89,
        473689.72,
        508835.69,
        544710.28,
        508824.54,
        545102.94,
        508775.20999999996,
        545037.07,
        508865.82999999996,
        545046.95,
        508775.20999999996,
        544852.25,
        508865.82999999996,
        508775.20999999996,
        544931.65,
        472969.37,
        509308.32999999996,
        472836.41,
        508810.11,
        472969.37
    ]
}