{
    "virtual_best": 1958.14,
    "single_best": 255466.45,
    "passive_learning": 111045.37,
    "active_learning": [
        5369.599999999999,
        40937.96,
        112190.1,
        185128.96999999997,
        75526.34,
        40407.94,
        75844.68000000001,
        75498.18000000001,
        147388.86,
        111794.28,
        40103.9,
        147763.13999999998,
        147919.96,
        148071.27,
        147916.84999999998,
        147965.28,
        111578.39,
        183099.68,
        183641.68999999997,
        147732.65999999997,
        183647.83,
        183670.28,
        183745.25999999998,
        111570.5,
        183986.52,
        183987.77,
        183969.78,
        183971.86,
        183967.18,
        183412.55,
        183418.13999999998,
        147710.8,
        147735.81999999998,
        147708.94999999998,
        147708.94999999998,
        147975.53,
        147973.06,
        147975.53,
        147973.06999999998,
        148021.56999999998,
        148021.56999999998,
        183951.78999999998,
        183973.13999999998,
        183951.68,
        183951.68,
        183975.61,
        148052.55,
        148050.08,
        148055.72999999998,
        148053.13999999998,
        148055.72999999998,
        148053.25999999998,
        148055.72999999998,
        148053.25999999998,
        148055.72999999998,
        148053.25999999998,
        148055.72999999998,
        148055.72999999998,
        148055.72999999998,
        219955.93,
        219961.40999999997,
        219955.93,
        219961.52,
        219955.93
    ]
}