{
    "virtual_best": 1896.5,
    "single_best": 185042.53,
    "passive_learning": 148932.41,
    "active_learning": [
        293799.72000000003,
        220787.91999999998,
        256236.22,
        220205.57,
        185039.44999999998,
        219927.44999999998,
        220435.41,
        256468.05,
        184694.1,
        292398.85000000003,
        220412.07,
        220769.75,
        184540.81,
        185035.29,
        148584.66,
        184595.13,
        184995.13999999998,
        184656.5,
        148316.96,
        220500.49
    ]
}