{
    "virtual_best": 2974.4,
    "single_best": 223818.31,
    "passive_learning": 402447.56,
    "active_learning": [
        727933.6599999999,
        80282.48999999999,
        294356.41000000003,
        79181.20999999999,
        115759.37999999999,
        79637.48999999999,
        222694.69999999998,
        259387.28,
        366945.01,
        295362.11000000004,
        509890.01,
        259034.96,
        438235.89,
        294431.95,
        367226.76,
        438077.54000000004,
        547516.77,
        511076.43000000005,
        402173.06,
        402475.22000000003
    ]
}