{
    "virtual_best": 9914.64,
    "single_best": 149951.76,
    "passive_learning": 330209.58999999997,
    "active_learning": [
        328789.56999999995,
        364780.86,
        365160.48,
        326137.93000000005,
        365162.25,
        329403.48,
        401948.31000000006,
        332916.31999999995,
        332636.01,
        401782.93000000005,
        402066.99,
        402073.81999999995,
        402777.75,
        438945.9,
        362845.75,
        402429.98,
        399587.14,
        398930.38,
        330374.58999999997,
        330425.30000000005,
        330416.76,
        363582.77,
        330479.08999999997,
        330479.08999999997,
        366478.44999999995,
        366478.44999999995,
        366478.44999999995,
        330479.08999999997,
        330479.08999999997,
        330479.08999999997,
        330479.08999999997,
        330479.08999999997,
        330479.08999999997,
        330479.62,
        330479.62,
        330479.62,
        330479.62,
        330479.62,
        330479.62,
        330479.08999999997,
        330479.08999999997,
        330479.08999999997,
        330484.95999999996,
        330484.95999999996,
        330484.95999999996,
        330484.95999999996,
        330484.95999999996,
        330484.95999999996,
        330484.95999999996,
        297471.64,
        330484.47,
        330480.95999999996,
        330484.47,
        330480.95999999996,
        330207.76,
        330145.52
    ]
}