{
    "virtual_best": 7168.18,
    "single_best": 110336.32,
    "passive_learning": 143246.85,
    "active_learning": [
        178478.59,
        143029.96000000002,
        213893.28,
        178700.13,
        178821.26,
        214602.54,
        178669.67,
        179010.14,
        178723.95,
        178845.02,
        177815.5,
        178001.71,
        177821.13,
        177780.08,
        142213.37,
        106040.0,
        142067.61,
        106348.67,
        177725.01,
        106080.51,
        106059.32,
        106064.33,
        106665.7,
        141601.19,
        141603.7,
        141603.7,
        141603.7,
        141603.7,
        141603.7,
        141437.15,
        141437.15,
        105762.13,
        105762.13,
        141424.96000000002,
        141424.96000000002,
        105762.13,
        105762.13,
        105762.13,
        105762.13,
        105762.13,
        105763.97,
        105774.31,
        107435.18000000001,
        141771.59,
        177434.18,
        177434.18,
        177434.18,
        177434.18,
        177434.18,
        141771.35,
        141771.35,
        143098.26,
        141769.64,
        107421.29000000001,
        143936.22,
        143936.22
    ]
}