{
    "virtual_best": 3605.23,
    "single_best": 400156.97,
    "passive_learning": 148929.13,
    "active_learning": [
        328922.64999999997,
        400170.08999999997,
        257635.09,
        364272.23,
        327804.42,
        256992.22,
        256794.11000000002,
        184568.8,
        219742.79,
        256075.7,
        255972.11000000002,
        220413.61000000002,
        220469.59,
        184575.25,
        148916.09,
        113071.05,
        148784.94,
        184572.2,
        184161.09,
        256334.91,
        148750.5,
        184265.27,
        148301.91,
        219796.11000000002,
        148114.83,
        148114.83,
        148130.34,
        148063.49,
        184227.73,
        184020.84,
        184020.84,
        184020.84,
        184020.84,
        184020.84,
        184020.84,
        184034.78,
        184034.78,
        184020.84,
        184020.84,
        184020.84,
        184020.84,
        184020.84,
        184020.84,
        184020.84,
        184020.84,
        184020.84,
        184020.84,
        184020.84,
        184020.84,
        184034.78,
        184034.78,
        184020.84,
        184020.84,
        184020.84,
        184020.84,
        184020.84,
        184020.84,
        184020.84,
        184020.84,
        184020.84,
        184020.84,
        184020.84,
        184034.78,
        184020.84,
        184020.84
    ]
}