{
    "virtual_best": 3116.02,
    "single_best": 295826.87,
    "passive_learning": 330890.29,
    "active_learning": [
        437711.58999999997,
        472618.3,
        366043.93,
        187208.79,
        258230.89,
        294404.56,
        436935.41,
        400980.18999999994,
        437828.51999999996,
        473125.74,
        437952.14999999997,
        473961.81999999995,
        473188.5,
        473795.3,
        545587.33,
        474348.48,
        509558.05,
        509730.44999999995,
        509408.47,
        509099.63999999996,
        509960.6,
        473561.79,
        437653.56,
        473965.91,
        473374.12999999995,
        473374.12999999995,
        472992.32999999996,
        437346.14999999997,
        474058.56999999995,
        438321.56,
        438321.56,
        438331.50999999995,
        438331.50999999995,
        438321.56,
        438289.39999999997,
        438279.44999999995,
        438279.44999999995,
        438321.56,
        438331.50999999995,
        438321.56,
        438321.56,
        402429.04,
        438331.50999999995,
        438321.56,
        438321.56,
        438331.50999999995,
        438331.50999999995,
        438321.56,
        438279.44999999995,
        402413.12999999995,
        438329.51999999996,
        438321.56,
        438331.50999999995,
        438321.56,
        438331.50999999995,
        438331.50999999995,
        438321.56,
        438321.56,
        438331.50999999995,
        438321.56,
        438321.56,
        402388.61,
        402447.25999999995,
        438279.44999999995,
        438321.56
    ]
}