{
    "virtual_best": 8271.09,
    "single_best": 117583.31,
    "passive_learning": 178052.9,
    "active_learning": [
        213192.47,
        249052.08,
        321128.13,
        285062.37,
        285062.37,
        285134.8,
        285134.88,
        249054.44,
        249235.46,
        212994.55,
        212998.93,
        284984.15,
        142627.1,
        176966.09,
        141036.07,
        141069.16,
        177074.1,
        177074.1,
        177074.1,
        178380.73,
        177073.39,
        177074.1,
        177074.1,
        176975.93,
        176975.93,
        177071.13,
        177078.25,
        177078.25,
        177081.22,
        177081.22,
        177081.22,
        177081.22,
        177081.22,
        177081.22,
        213078.16,
        142566.96000000002,
        142603.97,
        178530.91,
        178530.91,
        178530.91,
        178530.91,
        178530.91,
        178530.91,
        178530.91,
        178530.91,
        178523.79,
        178523.79,
        178523.79,
        178523.79,
        178523.79,
        178523.79,
        178523.79,
        178523.79,
        143498.22999999998,
        179410.94,
        179434.19,
        143445.15,
        143726.03999999998,
        143724.82,
        143724.82,
        143798.74,
        143690.01,
        107651.98,
        143635.97
    ]
}