{
    "virtual_best": 7431.93,
    "single_best": 8200.22,
    "passive_learning": 43918.12,
    "active_learning": [
        8247.85,
        8301.55,
        8248.97,
        8239.6,
        8240.85,
        8240.8,
        8239.93,
        8234.15,
        8234.4,
        8183.04,
        8236.49,
        8234.15,
        8236.49,
        8234.15,
        8234.15,
        8236.49,
        8236.49,
        8236.49,
        8236.49,
        8236.49,
        8236.49,
        8234.15,
        8234.15,
        8236.49,
        223193.7,
        8186.669999999999,
        151237.57,
        151237.57,
        223275.40000000002,
        298282.05,
        8109.24,
        8183.139999999999,
        8264.859999999999
    ]
}