{
    "virtual_best": 2814.32,
    "single_best": 254261.24,
    "passive_learning": 3239.73,
    "active_learning": [
        113217.94,
        74294.04,
        74424.11,
        74459.31,
        74334.31999999999,
        74467.53,
        75143.34,
        39165.65,
        3074.16,
        3074.21,
        3065.51,
        3181.95,
        3146.16,
        3226.32,
        3236.21,
        3136.73,
        3138.35,
        3135.31,
        3128.61,
        3135.54,
        3144.94,
        3138.34,
        3145.19,
        3144.94,
        39202.310000000005,
        3145.2,
        3138.57,
        3429.89,
        39186.05,
        3436.5,
        3145.18,
        3145.19,
        3138.58
    ]
}