{
    "virtual_best": 3181.54,
    "single_best": 270071.03,
    "passive_learning": 438495.97,
    "active_learning": [
        1023599.1,
        337839.08999999997,
        334717.2,
        47885.41,
        157238.41999999998,
        46793.75,
        153834.93999999997,
        81769.84,
        259874.96,
        367126.43,
        367045.79,
        402865.85,
        403531.51,
        295313.18,
        367408.93,
        294138.64999999997,
        296155.57,
        366911.57999999996,
        366673.69,
        365813.0,
        402111.7,
        366973.95,
        402898.89999999997,
        402089.69,
        401895.93,
        366883.17,
        402592.6,
        402282.57,
        401692.98,
        401897.86,
        401907.26999999996,
        366264.49,
        330284.18,
        366437.13,
        330820.20999999996,
        330858.17,
        331011.76999999996,
        331011.76999999996,
        331011.76999999996,
        331011.76999999996,
        331011.76999999996,
        331011.76999999996,
        331011.76999999996,
        331011.76999999996,
        331011.76999999996,
        331011.76999999996,
        331011.76999999996,
        331011.76999999996,
        331011.76999999996,
        331011.76999999996,
        331011.76999999996,
        331011.76999999996,
        331011.76999999996,
        331011.76999999996,
        331011.76999999996,
        331011.76999999996,
        402738.72,
        331029.52999999997,
        366930.82,
        366327.37,
        438905.18
    ]
}