{
    "virtual_best": 2207.27,
    "single_best": 398218.82,
    "passive_learning": 148113.63999999998,
    "active_learning": [
        616104.85,
        579959.73,
        363818.72,
        327386.57,
        291811.07,
        291556.39,
        327516.41,
        183794.81999999998,
        255638.43,
        219881.75999999998,
        148346.09999999998,
        147883.58,
        112253.49,
        184107.75999999998,
        112037.97,
        148397.37999999998,
        183980.84,
        111768.9,
        147849.61,
        148013.27,
        183829.09,
        183756.65999999997,
        219722.27,
        183812.12,
        147661.66999999998,
        147690.09999999998,
        112272.39,
        183708.43999999997,
        183740.53999999998,
        147765.15,
        112305.01,
        111848.29,
        148045.49,
        147897.21,
        111931.7,
        111932.55,
        111932.55,
        111932.55,
        111932.55,
        111932.55,
        111932.55,
        111932.55,
        111932.55,
        111932.55,
        111932.55,
        111932.55,
        111932.55,
        111932.55,
        111932.55,
        111932.55,
        111932.55,
        111932.55,
        111932.55,
        111932.55,
        111932.55,
        111932.55,
        184031.43,
        147856.40999999997,
        111918.31,
        148094.03999999998,
        147946.78
    ]
}