{
    "virtual_best": 7752.65,
    "single_best": 8551.58,
    "passive_learning": 227495.32,
    "active_learning": [
        297788.54,
        8585.39,
        8585.42,
        8585.42,
        8587.71,
        227448.85,
        11766.789999999999,
        8587.71,
        8585.369999999999,
        8585.369999999999,
        8585.369999999999,
        8585.39,
        8585.39,
        8585.39,
        227483.09,
        8610.31,
        8610.31,
        8610.31,
        8610.31,
        8585.369999999999,
        8585.369999999999,
        8585.369999999999,
        8585.82,
        8585.82,
        8585.82,
        8585.82,
        8585.82,
        8585.82,
        8585.82,
        8585.82,
        8585.82,
        8585.82,
        8585.82,
        8585.82,
        8585.82,
        8585.82,
        8585.82,
        8585.82,
        8585.82,
        8585.82,
        8585.82,
        8585.82,
        8585.82,
        8587.73,
        8587.73,
        8587.73,
        8587.73,
        8579.269999999999,
        227520.24,
        8634.179999999998,
        8634.179999999998,
        8634.16,
        8634.179999999998,
        8582.71,
        8634.179999999998,
        189128.08000000002,
        119425.76000000001,
        8533.679999999998,
        44511.5,
        8631.839999999998,
        8631.839999999998,
        8631.839999999998,
        8631.839999999998
    ]
}