{
    "virtual_best": 3501.14,
    "single_best": 147496.79,
    "passive_learning": 3656.81,
    "active_learning": [
        74780.85,
        74844.07,
        75066.95000000001,
        74773.95000000001,
        74768.71,
        74768.90000000001,
        74773.72,
        74776.22,
        38828.61,
        4015.82,
        38843.21,
        4029.19,
        4014.81,
        4014.81,
        38462.03,
        38426.53,
        38426.53,
        38426.53,
        38426.57,
        38440.75,
        3633.9700000000003,
        3633.9700000000003,
        38456.74,
        3612.4,
        38426.35,
        3612.4,
        3612.4,
        3612.4100000000003,
        3612.4100000000003,
        3612.4100000000003,
        3612.4100000000003,
        3612.4100000000003,
        3612.4100000000003,
        3612.4100000000003,
        3612.4100000000003,
        3612.4100000000003,
        3612.4100000000003,
        3612.4100000000003,
        3612.4100000000003,
        3612.4100000000003,
        3612.4100000000003,
        3612.4100000000003,
        3612.4100000000003,
        38447.25,
        38440.149999999994,
        38440.14,
        39482.2,
        38440.149999999994,
        3634.3,
        3692.58,
        3692.54,
        3646.4100000000003,
        3660.8,
        3667.92,
        3660.81,
        39455.0,
        3707.12,
        3661.61,
        3656.2400000000002,
        3656.2400000000002,
        3685.15,
        3661.04,
        3661.04
    ]
}