{
    "virtual_best": 7824.53,
    "single_best": 8509.72,
    "passive_learning": 299545.89,
    "active_learning": [
        696301.6900000001,
        193646.88,
        8817.74,
        191721.18,
        8739.82,
        8739.89,
        8846.359999999999,
        8793.05,
        8807.39,
        8907.31,
        8752.07,
        8741.17,
        8763.88,
        8841.199999999999,
        8837.93,
        8807.64,
        8883.859999999999,
        8792.64,
        8863.369999999999,
        8792.64,
        8800.41,
        8835.35,
        191827.6,
        191735.99,
        8797.26,
        8790.189999999999,
        8787.1,
        8784.4,
        8761.82,
        191416.83,
        8762.269999999999,
        8762.269999999999
    ]
}