{
    "virtual_best": 2814.31,
    "single_best": 255134.72,
    "passive_learning": 110572.06999999999,
    "active_learning": [
        111587.95999999999,
        111069.63,
        75206.84,
        147099.21,
        75146.84999999999,
        75212.18,
        146810.72,
        110872.09999999999,
        110891.72,
        74886.16,
        74885.89,
        74863.45999999999,
        74880.34999999999,
        74880.06999999999,
        74879.97,
        74878.61,
        3386.5499999999997,
        74678.73,
        38698.939999999995,
        38681.34,
        38682.009999999995,
        38698.21,
        74604.25,
        110572.08,
        38668.72,
        38701.439999999995,
        38699.829999999994,
        38668.72,
        38669.38,
        74575.42,
        74666.02,
        38671.04
    ]
}