{
    "virtual_best": 2977.31,
    "single_best": 219741.02,
    "passive_learning": 3486.2400000000002,
    "active_learning": [
        110907.8,
        74918.51,
        110875.88,
        74887.20999999999,
        74919.49,
        74824.4,
        38887.24,
        38877.97,
        38887.119999999995,
        38888.33,
        38887.0,
        38887.0,
        38887.0,
        38887.0,
        38892.33,
        38886.909999999996,
        38887.0,
        38887.0,
        38877.97,
        38877.76,
        38887.049999999996,
        38876.72,
        38868.24,
        38868.119999999995,
        38868.119999999995,
        38868.21,
        38869.39,
        38869.39,
        38869.39,
        38869.39,
        38859.74,
        38877.4,
        38876.22,
        38876.22,
        38877.4,
        38860.27,
        38869.42,
        38869.42,
        38869.42,
        38869.42,
        38869.42,
        38869.42,
        38869.42,
        38869.42,
        38869.42,
        38869.42,
        38871.45,
        38871.45,
        39383.979999999996,
        3499.6000000000004,
        3490.0600000000004,
        39413.65,
        39388.28,
        39408.5,
        39477.24,
        3430.21,
        3550.7900000000004,
        75383.93,
        39384.76,
        3576.4900000000002,
        3580.3900000000003,
        39377.409999999996,
        3481.28,
        3481.28
    ]
}