{
    "virtual_best": 6708.77,
    "single_best": 7452.06,
    "passive_learning": 7558.349999999999,
    "active_learning": [
        261297.13,
        261297.13,
        261360.7,
        261360.7,
        261297.13,
        444177.69,
        261281.5,
        261331.34,
        261283.82,
        261355.82,
        261281.48,
        261281.48,
        261306.4,
        261283.82,
        261283.82,
        261281.48,
        261281.48,
        261281.48,
        225392.11,
        225389.77,
        225389.77,
        225389.77,
        225389.77,
        225389.77,
        225389.77,
        118272.05,
        118272.05,
        118272.05,
        118272.05,
        118272.05,
        118272.05,
        118272.05,
        118272.05,
        118272.05,
        118272.05,
        118272.05,
        118272.05,
        118272.05,
        118272.05,
        118272.05,
        118272.05,
        118272.05,
        118272.05,
        118272.05,
        118272.05,
        118272.05,
        261306.4,
        261281.5,
        190444.58,
        7523.54,
        7543.28,
        190396.94,
        7539.759999999999,
        190653.79,
        154723.9,
        8305.060000000001,
        7552.509999999999,
        151035.63999999998,
        151503.65,
        7577.46,
        7611.24,
        190512.31,
        7554.849999999999,
        7554.849999999999
    ]
}