{
    "virtual_best": 3362.53,
    "single_best": 269397.46,
    "passive_learning": 366958.18,
    "active_learning": [
        298112.99,
        116522.05,
        372673.88,
        368654.67,
        479196.34,
        656273.48,
        402499.31,
        547496.82,
        689287.8099999999,
        547566.69,
        511704.12,
        475244.58,
        439505.39,
        367391.59,
        367360.41000000003,
        475463.63,
        475170.03,
        403189.42,
        331494.64,
        403068.32
    ]
}