{
    "virtual_best": 3484.78,
    "single_best": 221380.9,
    "passive_learning": 5470.57,
    "active_learning": [
        148436.83000000002,
        148067.89,
        220269.85,
        184162.12,
        256344.25,
        220831.74000000002,
        112865.58,
        113083.89000000001,
        77722.03000000001,
        41457.48,
        41715.72,
        41775.31,
        41740.11,
        41715.95,
        41791.81,
        5275.68,
        41163.76,
        41249.74,
        5027.97,
        5285.460000000001
    ]
}