{
    "virtual_best": 7397.29,
    "single_best": 8170.07,
    "passive_learning": 227032.83,
    "active_learning": [
        480881.66000000003,
        262734.45,
        262734.45,
        767203.4199999999,
        480817.62000000005,
        8219.0,
        8256.5,
        8256.5,
        8219.02,
        8219.02,
        8237.35,
        8204.59,
        8216.68,
        8219.02,
        8205.039999999999,
        8204.59,
        8216.68,
        8214.5,
        8205.039999999999,
        8206.93,
        8206.93,
        8685.41,
        8324.49,
        8324.94,
        8324.94,
        8324.960000000001,
        8322.6,
        8324.49,
        8319.09,
        8277.8,
        8324.49
    ]
}