{
    "virtual_best": 1760.32,
    "single_best": 362476.34,
    "passive_learning": 2133.73,
    "active_learning": [
        145987.83,
        109974.58,
        73597.09999999999,
        73566.62999999999,
        74027.03,
        38379.75,
        37960.07,
        1890.26,
        1882.9499999999998,
        1990.1399999999999,
        1996.82,
        1990.36,
        1990.36,
        1991.54,
        1991.54,
        1967.9499999999998,
        1990.08,
        1995.26,
        1967.9499999999998,
        1969.1299999999999,
        1969.1299999999999,
        2112.8500000000004,
        2112.96,
        2134.9100000000003,
        2133.73,
        2134.9100000000003,
        2134.9100000000003,
        2112.78,
        2135.05,
        2135.05,
        2134.9100000000003
    ]
}