{
    "virtual_best": 2683.05,
    "single_best": 295640.02,
    "passive_learning": 38187.270000000004,
    "active_learning": [
        74276.47,
        109757.72,
        73834.26,
        73739.64,
        73759.61,
        73755.89,
        37979.520000000004,
        73737.87,
        73737.48999999999,
        73736.84999999999,
        73755.18999999999,
        73736.84999999999,
        73736.84999999999,
        73737.15,
        73736.84999999999,
        73737.20999999999,
        73737.51,
        73755.84999999999,
        73755.87999999999,
        73755.23999999999,
        73755.87999999999,
        73756.18,
        73756.18,
        73756.2,
        73756.2,
        73755.23999999999,
        73755.64,
        73755.64,
        73737.29999999999,
        73737.51999999999,
        73737.22,
        73737.22,
        73737.22,
        73737.22,
        73737.22,
        73737.22,
        73737.22,
        73737.54999999999,
        73736.90999999999,
        73737.23,
        73737.09999999999,
        73737.09999999999,
        73737.09999999999,
        73737.09999999999,
        73737.09999999999,
        73736.9,
        73736.76,
        73736.76999999999,
        73737.84,
        73737.73999999999,
        73737.42,
        73737.84999999999,
        109646.47,
        110202.23999999999,
        73936.26999999999,
        73887.86,
        73928.40999999999,
        73935.95,
        73936.26999999999,
        38178.630000000005
    ]
}