{
    "virtual_best": 7727.45,
    "single_best": 8443.46,
    "passive_learning": 8572.24,
    "active_learning": [
        8476.68,
        8478.97,
        8476.68,
        8476.630000000001,
        8478.97,
        8478.99,
        8476.65,
        8476.65,
        8476.65,
        8476.72,
        8476.65,
        8478.99,
        8478.99,
        8476.65,
        8478.99,
        8476.630000000001,
        8476.630000000001,
        8478.99,
        8478.99,
        8478.99,
        8478.99,
        8476.65,
        8476.65,
        8476.65,
        8478.99,
        8478.99,
        8478.99,
        8478.99,
        8478.99,
        8478.99,
        8478.99,
        8478.99,
        8478.99,
        8478.99,
        8478.99,
        8476.65,
        8476.65,
        8478.99,
        8478.99,
        8478.99,
        8478.99,
        8478.99,
        8478.99,
        8478.99,
        8478.99,
        8477.65,
        8479.44,
        8476.65,
        8476.65,
        8476.65,
        8476.630000000001,
        8476.65,
        191004.52000000002,
        442267.3,
        8568.73,
        8596.710000000001,
        8597.16,
        8561.72,
        8539.59,
        8539.59
    ]
}