{
    "virtual_best": 1767.52,
    "single_best": 255045.38,
    "passive_learning": 39208.62,
    "active_learning": [
        76068.34,
        75610.09,
        76338.79,
        75677.79999999999,
        75650.53,
        112264.56999999999,
        75881.39,
        75403.62999999999,
        147631.86,
        148116.59,
        111349.15,
        147475.22,
        75559.26999999999,
        111713.89,
        75303.11,
        39645.740000000005,
        75457.12999999999,
        111087.79999999999,
        111322.83,
        111396.54,
        111396.54
    ]
}