{
    "virtual_best": 2978.81,
    "single_best": 269546.37,
    "passive_learning": 438730.15,
    "active_learning": [
        189713.97,
        188519.69999999998,
        79919.5,
        259867.97999999998,
        331963.83999999997,
        259380.21,
        259097.69,
        259929.47,
        367321.58,
        296104.0,
        294772.48,
        366571.16,
        259426.28,
        331144.4,
        330522.22,
        294481.41,
        294927.77999999997,
        259296.9,
        331477.05,
        259353.38999999998,
        259476.13999999998
    ]
}