{
    "virtual_best": 5451.48,
    "single_best": 114157.87,
    "passive_learning": 145768.29,
    "active_learning": [
        179185.81,
        216212.48,
        216360.63,
        252051.42,
        251793.99,
        143774.07,
        143864.52000000002,
        179846.36000000002,
        144346.54,
        179770.54,
        215777.7,
        216238.14,
        251710.9,
        215758.49,
        215758.06,
        179781.76,
        146445.22999999998,
        179863.85,
        180262.2,
        180385.97,
        180021.52,
        145766.57,
        179837.72,
        145764.3,
        215295.51,
        180319.93,
        180083.19,
        180029.43,
        180166.43
    ]
}