{
    "virtual_best": 10352.97,
    "single_best": 113983.53,
    "passive_learning": 256681.54,
    "active_learning": [
        329065.56999999995,
        219890.87,
        362842.88,
        399874.51,
        256818.42,
        255965.13,
        220672.96,
        183515.4,
        291388.31,
        290365.74,
        182918.82,
        251897.87,
        324534.73,
        289885.03,
        254315.33,
        256584.25,
        256127.82,
        291789.01,
        223362.09,
        190743.49,
        191184.06,
        223672.21,
        256685.05,
        292497.45999999996,
        292503.44,
        222964.08,
        223417.46,
        223405.37,
        259492.18
    ]
}