{
    "virtual_best": 2814.32,
    "single_best": 254261.24,
    "passive_learning": 3239.73,
    "active_learning": [
        75277.31999999999,
        110365.26999999999,
        110470.64,
        181932.18000000002,
        181830.67,
        74046.44,
        110004.04,
        74006.26,
        110004.15,
        74818.19,
        110004.15,
        110004.15,
        74006.23999999999,
        145933.43000000002,
        74049.62,
        38874.560000000005,
        38874.560000000005,
        38856.170000000006,
        38820.5,
        38820.5,
        38838.89000000001,
        38874.560000000005,
        38874.560000000005,
        38964.3,
        38838.82,
        38838.82,
        38838.82,
        38840.0,
        38882.280000000006,
        38846.61,
        38846.61,
        38846.61,
        38846.61,
        38846.61,
        38846.61,
        38846.61,
        38846.61,
        38846.61,
        38846.61,
        38846.61,
        38846.61,
        38846.61,
        38846.61,
        38850.16,
        38934.590000000004,
        38918.030000000006,
        38827.04,
        3223.82,
        3225.0,
        3260.69,
        3135.57,
        3145.2,
        3236.4900000000002,
        3153.05,
        3188.94,
        39202.33,
        39211.590000000004,
        39211.590000000004,
        39211.350000000006,
        39210.170000000006,
        39211.62,
        39211.62,
        39211.62
    ]
}