{
    "virtual_best": 7431.93,
    "single_best": 8200.22,
    "passive_learning": 43918.12,
    "active_learning": [
        8234.25,
        8234.18,
        8234.26,
        82682.51,
        82720.59,
        8234.15,
        8234.13,
        8234.13,
        8234.13,
        8234.13,
        8234.13,
        8236.47,
        8236.47,
        82684.8,
        8223.44,
        8271.05,
        8271.05,
        8236.47,
        8236.47,
        8236.47,
        8271.05,
        8271.05,
        8271.05,
        8271.05,
        8271.05,
        8271.05,
        8271.05,
        8268.71,
        8268.71,
        8271.05,
        8271.05,
        8271.05,
        8271.05,
        8271.05,
        8271.05,
        8271.05,
        8271.05,
        8271.05,
        8271.05,
        8271.05,
        8271.05,
        8271.05,
        8271.05,
        8236.16,
        8271.65,
        8270.689999999999,
        8234.13,
        8256.71,
        8256.71,
        8268.35,
        8234.58,
        8256.71,
        8268.369999999999,
        8268.369999999999,
        8256.73,
        477453.57,
        334030.89999999997,
        332392.29,
        477453.69,
        224373.61000000002,
        442057.18,
        442057.18,
        442057.18
    ]
}