{
    "virtual_best": 7168.18,
    "single_best": 110336.32,
    "passive_learning": 143246.85,
    "active_learning": [
        179307.01,
        214936.55,
        143375.1,
        178921.62,
        214662.2,
        178094.99,
        178252.8,
        214130.67,
        213667.56,
        177682.96,
        177979.47,
        177948.61000000002,
        177879.28,
        213842.58,
        179550.56,
        143035.88,
        105647.99,
        107246.72,
        143288.51,
        105831.2,
        141881.0,
        105776.16,
        141934.74,
        107590.51,
        71425.02,
        107598.33,
        107587.5,
        107583.04000000001,
        107423.87,
        107583.04000000001
    ]
}