{
    "virtual_best": 9914.64,
    "single_best": 149951.76,
    "passive_learning": 330209.58999999997,
    "active_learning": [
        258361.66,
        294758.94,
        258528.71,
        256877.2,
        402056.48,
        332780.06999999995,
        402171.18000000005,
        402490.76,
        438591.68000000005,
        402588.86,
        366535.75,
        366305.04000000004,
        366039.45999999996,
        366098.28,
        257577.47,
        257699.19,
        258458.68,
        330442.4,
        330442.29000000004,
        330442.29000000004,
        330214.82999999996,
        330154.43999999994,
        330141.43000000005,
        330552.88,
        330485.48,
        330548.83999999997,
        330208.61,
        330496.04000000004,
        330497.37,
        330490.64
    ]
}