{
    "virtual_best": 6589.28,
    "single_best": 182699.94,
    "passive_learning": 106879.41,
    "active_learning": [
        107563.53,
        107529.72,
        107751.35,
        107469.65,
        178928.47,
        178894.62,
        178824.38,
        178857.63999999998,
        142873.0,
        142899.79,
        107187.57999999999,
        107187.57999999999,
        143145.44,
        178963.78,
        179149.66,
        179165.41,
        178919.22999999998,
        178920.03,
        214911.82,
        214911.82,
        214911.82,
        214911.77,
        178920.29,
        178920.8,
        178875.99,
        178876.46,
        214911.56,
        214912.07,
        142962.17,
        142641.16,
        142640.64,
        142640.64,
        142648.98,
        142648.98,
        142648.98,
        142917.88,
        142962.17,
        178909.41,
        178909.41,
        178909.41,
        178909.41,
        178909.41,
        178909.41,
        178909.41,
        178909.41,
        178632.16999999998,
        178632.16999999998,
        143184.66,
        143184.66,
        143184.66,
        143184.66,
        214867.27,
        142800.08,
        142798.87,
        142844.21,
        142864.66,
        142864.66
    ]
}