{
    "virtual_best": 8711.23,
    "single_best": 149064.64,
    "passive_learning": 329887.32,
    "active_learning": [
        182393.8,
        182181.53,
        214759.72,
        184505.49,
        217052.16,
        215368.04,
        215368.00999999998,
        179399.74,
        179380.38,
        179384.03,
        179357.29,
        179428.38999999998,
        179491.94,
        215382.3,
        251376.62,
        218873.94,
        290138.24,
        327438.49000000005,
        327496.19,
        327426.05000000005,
        327496.23000000004,
        327496.24000000005,
        327425.53,
        363495.69,
        327508.10000000003,
        327508.10000000003,
        327516.4,
        327516.36000000004,
        360063.51,
        360734.08,
        324791.42000000004,
        327464.12,
        360032.97000000003,
        324048.51,
        324048.51,
        360747.04000000004,
        360747.04000000004,
        360747.04000000004,
        360747.04000000004,
        360747.04000000004,
        360747.04000000004,
        360747.04000000004,
        360747.04000000004,
        360747.04000000004,
        360747.04000000004,
        360747.04000000004,
        360747.04000000004,
        360747.04000000004,
        360747.04000000004,
        360747.04000000004,
        360747.04000000004,
        359997.94,
        329887.85000000003,
        296879.54000000004,
        329888.33,
        398265.33,
        329434.47000000003
    ]
}