{
    "virtual_best": 2679.77,
    "single_best": 293651.86,
    "passive_learning": 112773.94,
    "active_learning": [
        399596.71,
        328600.21,
        256812.51,
        364794.06,
        221260.0,
        149272.5,
        149308.66999999998,
        183885.24,
        77268.2,
        113263.81999999999,
        77186.9,
        6523.69,
        150167.55,
        42389.14,
        78015.37,
        41686.170000000006,
        77318.58,
        41495.240000000005,
        78001.36,
        41627.23
    ]
}