{
    "virtual_best": 2836.51,
    "single_best": 259379.75,
    "passive_learning": 329232.16,
    "active_learning": [
        692494.12,
        690840.16,
        691485.69,
        619239.18,
        151954.9,
        79712.89,
        115355.31999999999,
        79132.08,
        79439.56999999999,
        79588.64,
        150700.75,
        293462.18,
        329517.93,
        401264.94,
        294266.67,
        401343.12,
        257282.13999999998,
        293332.9,
        400883.45,
        293507.3
    ]
}