{
    "virtual_best": 4671.37,
    "single_best": 365187.1,
    "passive_learning": 5484.32,
    "active_learning": [
        471409.06,
        292062.15,
        256351.58000000002,
        149416.59,
        185331.45,
        185152.99,
        184702.99,
        148840.51,
        149018.49,
        184906.56,
        148995.26,
        149018.47,
        148995.26,
        149020.83000000002,
        149054.06,
        77157.7,
        77108.34,
        5462.049999999999,
        5461.08,
        41368.100000000006,
        41330.130000000005,
        41331.100000000006,
        5425.08,
        5507.419999999999,
        5409.66,
        5400.589999999999,
        5399.62,
        5408.669999999999,
        5326.32,
        41327.78,
        41313.37,
        5385.2,
        41306.64,
        41306.64
    ]
}