{
    "virtual_best": 6963.0,
    "single_best": 7649.32,
    "passive_learning": 7689.37,
    "active_learning": [
        659934.49,
        659934.44,
        659823.1399999999,
        406118.97000000003,
        406175.36,
        406133.43,
        406120.92,
        370626.2,
        223160.59,
        406024.11,
        187284.09,
        223055.71,
        223036.59,
        223091.32,
        187212.46,
        154662.44,
        405914.54,
        7584.639999999999,
        43452.66,
        190542.08000000002,
        190593.55,
        81022.95,
        7689.82,
        7689.82,
        7701.46,
        7689.82,
        7689.37,
        7689.82,
        7689.839999999999,
        262155.17,
        190658.92,
        117686.22,
        190646.81,
        190646.81
    ]
}