{
    "virtual_best": 6963.0,
    "single_best": 7649.32,
    "passive_learning": 7689.37,
    "active_learning": [
        659934.49,
        480610.69,
        405945.92,
        406423.85,
        406028.66,
        478765.1,
        406080.91,
        223082.44,
        222994.99,
        223024.3,
        187168.21,
        79387.71,
        7588.049999999999,
        222981.64,
        222969.21,
        223034.56,
        79458.86,
        223395.01,
        7634.44,
        7634.44,
        223028.07,
        223028.07,
        7634.46,
        7634.46,
        223028.52,
        79445.76000000001,
        223028.07,
        7588.65,
        7588.65,
        190539.85,
        190592.35,
        152709.72,
        152709.72,
        190603.99,
        190603.99,
        190555.88,
        190555.88,
        7582.0199999999995,
        7582.0199999999995,
        190561.67,
        190561.67,
        190561.67,
        190561.67,
        190561.67,
        190561.67,
        190561.67,
        190561.67,
        190561.67,
        190561.67,
        190561.67,
        190561.67,
        190561.67,
        190561.67,
        190561.67,
        190561.67,
        190603.99,
        190658.9,
        190658.9,
        8061.91,
        7701.44,
        190658.92,
        190646.81,
        7701.46,
        190646.81,
        190646.83000000002,
        190646.83000000002
    ]
}