{
    "virtual_best": 4671.37,
    "single_best": 365187.1,
    "passive_learning": 5484.32,
    "active_learning": [
        435692.45,
        220274.48,
        185112.99,
        149322.04,
        185340.16,
        221123.61000000002,
        185124.21,
        112921.92,
        113103.82,
        113081.71,
        113102.05,
        77352.24,
        6562.7,
        78081.07,
        42214.450000000004,
        77785.64,
        6482.07,
        42162.37,
        6375.24,
        6375.24,
        77178.84,
        76409.08,
        5328.259999999999,
        5328.24,
        41002.96,
        5251.5,
        40999.91,
        5298.19,
        5297.2,
        41367.740000000005,
        41314.64,
        41271.090000000004,
        41271.090000000004,
        41315.62,
        41315.62,
        41336.29,
        41336.29,
        5408.599999999999,
        5408.599999999999,
        41238.54,
        41238.54,
        41238.54,
        41238.54,
        41238.54,
        41238.54,
        41238.54,
        41238.54,
        41238.54,
        41238.54,
        41238.54,
        41238.54,
        41238.54,
        41238.54,
        41238.54,
        41238.54,
        41315.630000000005,
        41314.73,
        41311.04,
        5405.0,
        5323.99,
        41230.03,
        41388.0,
        5323.99,
        41290.25,
        41290.25,
        41290.240000000005
    ]
}