{
    "virtual_best": 10259.15,
    "single_best": 223452.67,
    "passive_learning": 257063.84000000003,
    "active_learning": [
        255727.09999999998,
        217060.99,
        256213.65000000002,
        219904.63,
        217061.07,
        253057.26,
        220115.96000000002,
        220115.96000000002,
        219898.01,
        220244.26,
        219965.71000000002,
        220176.56,
        220235.66999999998,
        220023.63,
        220125.96999999997,
        216687.76,
        216687.90999999997,
        324234.66,
        293213.0,
        252620.44,
        288576.74,
        290854.89,
        217728.91999999998,
        253694.24,
        257064.71999999997,
        221105.03999999998,
        221117.69,
        221105.19,
        221188.41999999998,
        221105.19,
        221105.19
    ]
}