{
    "virtual_best": 10374.91,
    "single_best": 149977.94,
    "passive_learning": 329503.47,
    "active_learning": [
        151166.16999999998,
        223975.94,
        224004.47999999998,
        223621.38,
        223700.18,
        223700.18,
        223392.71999999997,
        259375.94,
        184982.65000000002,
        185139.75,
        185146.89,
        185140.61,
        221277.49,
        222334.76,
        221338.65000000002,
        294235.54,
        294243.29,
        259004.69,
        291557.72,
        327271.73,
        327270.85,
        291306.98,
        291335.59,
        293683.14,
        293741.37,
        293771.29,
        293431.63,
        293432.59,
        293603.46,
        329404.13999999996,
        293583.09
    ]
}