{
    "virtual_best": 6739.61,
    "single_best": 111934.57,
    "passive_learning": 110359.71,
    "active_learning": [
        107790.7,
        107847.43,
        107843.19,
        107843.19,
        107845.62,
        107783.4,
        107820.12,
        107829.64,
        107877.21,
        107885.37,
        216408.09,
        180461.4,
        180468.13,
        217468.67,
        181364.95,
        181273.64,
        181281.29,
        146468.94,
        110508.5,
        146435.03999999998,
        146491.3,
        110496.5,
        146414.59,
        110411.07,
        146426.58000000002,
        146356.5,
        110359.71,
        110359.71,
        146356.5
    ]
}