{
    "virtual_best": 10336.34,
    "single_best": 113896.09,
    "passive_learning": 293117.2,
    "active_learning": [
        287393.82,
        251487.43,
        287379.72,
        251236.0,
        251246.9,
        251019.8,
        251163.46,
        251327.43,
        251759.37,
        251730.76,
        293290.7,
        186339.45,
        150614.1,
        220677.44,
        292655.7,
        256662.74,
        220692.21,
        293217.43,
        292895.9,
        292878.19,
        364881.04,
        292868.06,
        292859.82999999996,
        260108.86,
        293046.45,
        292794.82999999996,
        292761.45999999996,
        259753.11,
        259750.3
    ]
}