{
    "virtual_best": 2679.77,
    "single_best": 293651.86,
    "passive_learning": 112773.94,
    "active_learning": [
        363898.33999999997,
        364259.04,
        364127.58,
        291700.32,
        257303.21,
        220197.5,
        184859.58,
        42097.270000000004,
        4982.57,
        76970.19,
        112973.45,
        149364.78,
        113237.73,
        149782.02,
        113975.48,
        114108.26,
        149664.38,
        113769.43,
        149472.74,
        149933.0,
        113749.48,
        77804.61,
        113665.89,
        77565.47,
        78071.75,
        113553.0,
        113417.47,
        113585.67,
        113604.42,
        113708.2,
        113921.90999999999,
        113623.39,
        78136.56,
        78136.56,
        78136.56,
        78136.56,
        78136.56,
        78136.56,
        78136.56,
        78136.56,
        78136.56,
        78136.56,
        78136.56,
        78136.56,
        78136.56,
        78136.56,
        78136.56,
        78136.56,
        78136.56,
        78136.56,
        78136.56,
        78136.56,
        77833.25,
        77320.06999999999,
        77743.98,
        113726.65999999999,
        77300.37
    ]
}