{
    "virtual_best": 10326.0,
    "single_best": 149838.5,
    "passive_learning": 365690.32999999996,
    "active_learning": [
        255075.75,
        255168.02,
        366328.81000000006,
        331256.43999999994,
        366878.75,
        400002.05000000005,
        399967.89,
        363974.78,
        396508.52,
        327966.07999999996,
        323585.93999999994,
        287591.51,
        252267.29,
        251526.08,
        255617.81,
        324095.56000000006,
        254323.53,
        222530.2,
        290430.33999999997,
        291177.16000000003,
        290394.98,
        292791.87,
        294099.91000000003,
        294099.91000000003,
        366107.53,
        366107.53,
        330088.20999999996,
        330044.6,
        366469.03,
        225143.08,
        258147.83,
        294094.54000000004,
        258151.29,
        330041.30000000005,
        365752.68000000005,
        365752.68000000005,
        365752.68000000005,
        365652.9,
        365652.9,
        330028.89,
        330028.89,
        365928.81000000006,
        365928.81000000006,
        365936.55000000005,
        365936.55000000005,
        365936.55000000005,
        365936.55000000005,
        365936.55000000005,
        365936.55000000005,
        365936.55000000005,
        365936.55000000005,
        365936.55000000005,
        365936.55000000005,
        365936.55000000005,
        365979.52,
        366014.97,
        366306.32999999996,
        398891.93000000005,
        398924.64,
        398924.99
    ]
}