{
    "virtual_best": 1722.71,
    "single_best": 77119.55,
    "passive_learning": 75511.02,
    "active_learning": [
        149295.48,
        148880.65,
        219768.66,
        184239.93,
        183219.61000000002,
        183026.58000000002,
        147306.9,
        147680.91,
        111478.12000000001,
        111424.68000000001,
        111101.79000000001,
        75409.41,
        39430.759999999995,
        75360.22,
        75787.15000000001,
        75623.11,
        75910.67,
        75310.07,
        111248.78,
        75278.54000000001,
        111364.43000000001,
        111201.25,
        75432.49,
        75293.20000000001,
        39332.509999999995,
        75413.45000000001,
        39260.21,
        39594.93,
        75393.25,
        75393.14,
        75302.29000000001,
        75031.31,
        75031.31,
        75031.31,
        75031.31,
        75031.31,
        75031.31,
        75031.31,
        75031.31,
        75031.31,
        75031.31,
        75031.31,
        75031.31,
        75031.31,
        75031.31,
        75031.31,
        75031.31,
        75031.31,
        75031.31,
        75031.31,
        75093.15000000001,
        75031.31,
        75031.31,
        75031.31,
        75031.31,
        75031.31,
        75031.31
    ]
}