{
    "virtual_best": 3054.04,
    "single_best": 295169.23,
    "passive_learning": 295484.87,
    "active_learning": [
        658285.3,
        942599.59,
        437519.22000000003,
        509586.11,
        473500.61,
        437344.99,
        437520.57,
        438020.47000000003,
        689000.05,
        583106.37,
        474339.7,
        582682.48,
        367322.44,
        583064.87,
        438780.94,
        439947.46,
        258198.14,
        295547.32,
        330010.51,
        402194.59,
        295470.92,
        473999.71,
        439317.88,
        510493.81,
        475559.93,
        475320.42,
        367582.25,
        475614.78,
        402806.5,
        366878.0,
        402648.66000000003,
        402407.93,
        402407.93,
        402225.86,
        402407.93,
        402407.93,
        402407.93,
        366474.99,
        402407.93,
        402407.93,
        402407.93,
        402407.93,
        402407.93,
        402407.93,
        402407.93,
        402407.93,
        402407.93,
        402407.93,
        402407.93,
        402407.93,
        402416.41000000003,
        402407.93,
        402407.93,
        366448.63,
        402407.93,
        402407.93,
        402407.93
    ]
}