{
    "virtual_best": 3210.23,
    "single_best": 259500.08,
    "passive_learning": 473688.58999999997,
    "active_learning": [
        767031.79,
        509925.88,
        474409.33999999997,
        402836.64,
        438636.76999999996,
        259999.49,
        438437.7,
        402509.86,
        438026.58999999997,
        437788.02999999997,
        438369.72,
        402769.94,
        403311.98,
        116419.04000000001,
        330626.58,
        367189.81,
        402034.67,
        366296.02999999997,
        438148.17,
        402179.76999999996,
        474378.54,
        402735.01,
        330992.57,
        366528.5,
        401898.61,
        438283.3,
        331030.26999999996,
        331127.11,
        366469.01,
        330703.49,
        366270.38,
        366268.51999999996,
        366268.51999999996,
        366268.51999999996,
        366268.51999999996,
        366268.51999999996,
        366268.51999999996,
        366268.51999999996,
        366268.51999999996,
        366268.51999999996,
        366268.51999999996,
        366268.51999999996,
        366268.51999999996,
        366268.51999999996,
        366268.51999999996,
        366268.51999999996,
        366268.51999999996,
        366268.51999999996,
        366268.51999999996,
        366268.51999999996,
        366268.51999999996,
        366268.51999999996,
        330806.26999999996,
        402227.57,
        403908.54,
        366841.32,
        438911.2
    ]
}