{
    "virtual_best": 2061.4,
    "single_best": 219461.21,
    "passive_learning": 75335.29000000001,
    "active_learning": [
        327332.45,
        326704.5,
        362241.95,
        291165.76999999996,
        290423.26999999996,
        291273.2,
        218686.83,
        218784.69,
        147174.90999999997,
        147156.84999999998,
        147103.59999999998,
        147123.78,
        182669.81,
        76128.83,
        111634.36,
        111402.73,
        111950.28,
        111687.47,
        75710.41,
        75594.56,
        111143.5,
        75512.71,
        75441.67,
        75179.36,
        111430.93000000001,
        75384.93000000001,
        75490.5,
        75901.62000000001,
        75955.08,
        75438.65000000001,
        75576.99,
        39697.9,
        39697.9,
        39697.9,
        39697.9,
        39697.9,
        39697.9,
        39697.9,
        39697.9,
        39697.9,
        39697.9,
        39697.9,
        39697.9,
        39697.9,
        39697.9,
        39697.9,
        39697.9,
        39697.9,
        39697.9,
        39697.9,
        39697.9,
        39697.9,
        111601.26000000001,
        39544.670000000006,
        4072.55,
        111492.22,
        111471.51000000001
    ]
}