{
    "virtual_best": 3117.08,
    "single_best": 259733.49,
    "passive_learning": 474246.26999999996,
    "active_learning": [
        366620.62,
        295077.33999999997,
        474395.94,
        330711.04,
        223453.72,
        116127.56,
        295883.5,
        223628.3,
        404304.55,
        405781.81,
        582393.01,
        367189.48,
        403182.43,
        438543.22,
        473758.38,
        475202.95,
        438053.87,
        438680.99,
        403543.31,
        403604.20999999996
    ]
}