{
    "virtual_best": 1872.66,
    "single_best": 328507.43,
    "passive_learning": 183570.9,
    "active_learning": [
        292845.68,
        256974.03,
        292002.63,
        291603.58,
        256131.65,
        148541.83,
        291704.73,
        291274.66,
        255934.15999999997,
        220291.15999999997,
        326539.01999999996,
        219376.75999999998,
        326638.5,
        290889.8,
        219444.81999999998,
        219320.75,
        255286.03,
        291234.7,
        255448.19,
        291463.89999999997
    ]
}