{
    "virtual_best": 2061.4,
    "single_best": 219461.21,
    "passive_learning": 75335.29000000001,
    "active_learning": [
        292888.14,
        220135.25,
        219434.69999999998,
        111665.46,
        147520.44999999998,
        147634.25,
        183150.37999999998,
        147213.25,
        112024.87000000001,
        75633.38,
        147133.24,
        111235.45,
        39716.0,
        39618.96000000001,
        75594.31,
        75707.18000000001,
        75838.53,
        39617.33,
        111581.87000000001,
        75439.90000000001,
        75460.55,
        75466.54000000001
    ]
}