{
    "virtual_best": 3210.23,
    "single_best": 259500.08,
    "passive_learning": 401901.93,
    "active_learning": [
        1126255.36,
        839939.66,
        694435.79,
        331336.81,
        331354.6,
        330811.12,
        258551.72999999998,
        329561.35,
        330712.41,
        330435.26,
        438005.20999999996,
        438769.04,
        401837.48,
        403185.8,
        295436.12,
        367119.25,
        402861.35,
        402835.54,
        367101.07,
        331137.44,
        330776.01999999996,
        402964.11
    ]
}