{
    "virtual_best": 4144.72,
    "single_best": 508239.47,
    "passive_learning": 328776.8,
    "active_learning": [
        581696.78,
        509511.03,
        471633.73000000004,
        508390.38,
        543325.43,
        365832.44,
        364811.60000000003,
        292810.14,
        328612.88,
        328873.19,
        364550.4,
        328623.37,
        328429.43,
        328937.98000000004,
        328679.96,
        257072.17,
        328682.17000000004,
        400231.18,
        328678.14,
        364188.84,
        328321.04000000004,
        328643.51,
        399691.89,
        328620.66000000003,
        364221.21,
        364159.59,
        328440.02,
        328656.58,
        328622.69,
        328826.84,
        328544.9,
        257067.08000000002,
        292517.05,
        364235.4,
        364152.81,
        363943.15,
        363943.15,
        363943.15,
        363943.15,
        363943.15,
        363943.15,
        363943.15,
        363943.15,
        363943.15,
        363943.15,
        363943.15,
        363943.15,
        363943.15,
        363943.15,
        363943.15,
        363943.15,
        363943.15,
        363943.15,
        363943.15,
        364166.2,
        364689.31,
        364555.34,
        328786.36,
        292729.08
    ]
}