{
    "virtual_best": 3294.32,
    "single_best": 305095.08,
    "passive_learning": 403451.74,
    "active_learning": [
        730008.43,
        264471.35000000003,
        475242.28,
        509796.56,
        510522.65,
        694163.87,
        691107.47,
        690665.62,
        618504.01,
        547067.62,
        187873.09000000003,
        367738.17000000004,
        546236.87,
        403424.10000000003,
        438842.5,
        475411.38,
        438764.77,
        474958.79000000004,
        582975.9,
        331345.51,
        367206.8,
        367019.45,
        404176.5,
        511547.99,
        403188.04000000004,
        367505.91000000003,
        331402.8,
        295902.65,
        402834.02,
        402841.95,
        403058.12,
        402831.61,
        475171.89,
        439150.36,
        402646.66000000003,
        403207.13,
        403207.13,
        403207.13,
        403207.13,
        403207.13,
        403207.13,
        403207.13,
        403207.13,
        403207.13,
        403207.13,
        403207.13,
        403207.13,
        403207.13,
        403207.13,
        403207.13,
        403207.13,
        403207.13,
        403207.13,
        403207.13,
        438134.8,
        367562.23000000004,
        582685.37,
        439747.2,
        439898.7
    ]
}