{
    "virtual_best": 5007.99,
    "single_best": 437313.02,
    "passive_learning": 293958.51,
    "active_learning": [
        473045.66,
        472730.07,
        330435.38,
        365894.57,
        330683.1,
        329335.08999999997,
        364539.45,
        400811.19,
        328836.57,
        364993.98,
        293630.35,
        293563.88,
        256937.6,
        293206.33,
        329116.73,
        293411.2,
        257295.57,
        257779.5,
        293458.76,
        329371.02999999997,
        293469.83999999997,
        257133.62,
        293096.12,
        329111.29,
        329331.56,
        257972.87,
        293402.55,
        293402.55,
        293391.39,
        293392.05,
        293396.58999999997,
        293405.43,
        329406.62,
        329406.62,
        329406.62,
        329406.62,
        329406.62,
        329406.62,
        329406.62,
        329406.62,
        329406.62,
        329406.62,
        329406.62,
        329406.62,
        329406.62,
        329406.62,
        329406.62,
        329406.62,
        329406.62,
        329406.62,
        329406.62,
        329406.62,
        329406.62,
        329406.62,
        329406.62,
        329406.62,
        293096.55,
        221605.29,
        257541.53,
        258056.04,
        257630.81
    ]
}