{
    "virtual_best": 3016.7,
    "single_best": 232159.22,
    "passive_learning": 259205.88999999998,
    "active_learning": [
        762005.93,
        583540.49,
        156615.53,
        190075.33,
        372211.92,
        187614.41,
        115511.58,
        404080.73,
        402253.33,
        330134.37,
        402299.21,
        366034.0,
        330268.69,
        401625.54,
        438166.86,
        402409.48,
        329965.98,
        367209.41,
        331084.58,
        402116.4,
        366936.55,
        366905.91,
        222117.27,
        403048.02,
        331310.33999999997,
        331050.42,
        331110.21,
        331106.22,
        367141.36,
        367141.36,
        331032.97,
        403120.43,
        331330.89,
        331330.89,
        331330.89,
        331330.89,
        331330.89,
        331330.89,
        331330.89,
        331330.89,
        331330.89,
        331330.89,
        331330.89,
        331330.89,
        331330.89,
        331330.89,
        331330.89,
        331330.89,
        331330.89,
        331330.89,
        331330.89,
        331330.89,
        331330.89,
        331330.89,
        331330.89,
        331330.89,
        258598.24,
        259521.55,
        330677.1,
        330666.52999999997,
        330680.4
    ]
}