{
    "virtual_best": 2741.42,
    "single_best": 222900.42,
    "passive_learning": 330268.15,
    "active_learning": [
        258583.05000000002,
        151107.36000000002,
        7426.18,
        44353.16,
        222703.43000000002,
        223770.92,
        115505.51,
        259801.07,
        330694.51,
        259479.42,
        330481.99,
        367037.95,
        437759.02,
        403114.22000000003,
        402127.38,
        365913.28,
        365259.68,
        438532.36,
        401803.82,
        402545.61,
        438497.36
    ]
}