{
    "virtual_best": 2595.73,
    "single_best": 294572.73,
    "passive_learning": 111860.75,
    "active_learning": [
        256281.40000000002,
        220433.36000000002,
        184873.74000000002,
        76799.06999999999,
        112412.26,
        76445.87999999999,
        112853.31,
        148274.16,
        147863.6,
        148227.11000000002,
        111983.09,
        112101.81,
        76275.45999999999,
        111936.08,
        76238.18999999999,
        111865.20999999999,
        111878.56,
        111915.23999999999,
        111882.79999999999,
        112060.72,
        112060.72
    ]
}