{
    "virtual_best": 1113.32,
    "single_best": 184839.82,
    "passive_learning": 39654.61,
    "active_learning": [
        185451.61,
        184584.77,
        148446.72999999998,
        147803.69999999998,
        111416.68999999999,
        111751.12999999999,
        111171.37999999999,
        76161.95,
        111952.73,
        111224.68999999999,
        75598.18,
        75519.23,
        75318.85999999999,
        75201.67,
        75714.2,
        75314.43,
        39221.75,
        39890.72,
        38958.52,
        38952.23,
        39585.22
    ]
}