{
    "virtual_best": 2992.3,
    "single_best": 295244.35,
    "passive_learning": 294463.87,
    "active_learning": [
        510526.37,
        436693.1,
        438208.35,
        437583.36,
        401419.57,
        401623.79,
        474246.64999999997,
        366310.27999999997,
        366113.66,
        367434.74,
        223156.91999999998,
        295035.1,
        331873.77999999997,
        295101.57,
        295009.26,
        331621.47,
        367345.89999999997,
        402881.07,
        330824.21,
        295200.77,
        259437.84
    ]
}