{
    "virtual_best": 7899.44,
    "single_best": 115833.75,
    "passive_learning": 215784.84,
    "active_learning": [
        320707.26,
        320788.02,
        323343.62,
        323271.33,
        321786.25,
        291336.64999999997,
        254926.16,
        255475.12,
        250770.83000000002,
        254957.31,
        252161.12,
        287857.01,
        248843.11000000002,
        285506.22,
        254566.74000000002,
        254624.12,
        254588.74000000002,
        254534.59,
        254484.0,
        254489.56,
        254449.56,
        254447.99000000002,
        254450.49000000002,
        254679.12,
        254456.99000000002,
        254468.57,
        254690.7,
        254782.16,
        254782.79,
        254555.99000000002,
        254555.99000000002,
        254556.63,
        254556.63,
        254555.99000000002,
        254555.99000000002,
        254555.99000000002,
        254555.99000000002,
        254555.99000000002,
        254555.99000000002,
        254555.99000000002,
        254555.99000000002,
        254555.99000000002,
        254555.99000000002,
        254555.99000000002,
        254555.99000000002,
        254555.99000000002,
        254555.99000000002,
        254555.99000000002,
        254555.99000000002,
        254555.99000000002,
        254555.99000000002,
        254555.99000000002,
        254555.99000000002,
        255116.77000000002,
        183302.46000000002,
        183303.1,
        183302.46000000002,
        183279.12,
        183279.12,
        215925.99000000002,
        183278.98,
        215833.26,
        215838.4,
        215838.4
    ]
}