{
    "virtual_best": 5790.93,
    "single_best": 149046.82,
    "passive_learning": 109479.23000000001,
    "active_learning": [
        185006.41,
        256184.11000000002,
        224840.83000000002,
        187340.13,
        187415.51,
        222215.47,
        150605.06,
        185149.21000000002,
        189382.88,
        187965.30000000002,
        189333.12,
        221354.66,
        185491.81,
        221660.46000000002,
        220868.22,
        221022.67,
        256596.12,
        221620.46000000002,
        185187.35,
        220919.46000000002,
        185003.52000000002,
        148799.34,
        148798.8,
        181603.37,
        181987.49000000002,
        146167.85,
        109513.07,
        145761.22,
        109533.70999999999,
        145327.45,
        145348.09
    ]
}