{
    "virtual_best": 10329.46,
    "single_best": 149943.04,
    "passive_learning": 223247.83000000002,
    "active_learning": [
        216864.11000000002,
        216940.38,
        216939.89,
        219005.69,
        183972.79,
        183971.65000000002,
        183828.81,
        183745.91,
        184060.76,
        219919.42,
        256008.49000000002,
        183994.64,
        291884.24,
        256196.66,
        256929.43000000002,
        292854.05,
        292869.49,
        220889.81,
        259292.31,
        226230.71000000002,
        226226.67,
        226269.90000000002,
        259237.31,
        226229.75,
        259167.23,
        259546.37,
        259264.63,
        259548.68000000002,
        259223.43000000002,
        291793.61,
        291884.83999999997
    ]
}