{
    "virtual_best": 10326.0,
    "single_best": 149838.5,
    "passive_learning": 365690.32999999996,
    "active_learning": [
        323550.93000000005,
        359537.01,
        326980.82999999996,
        359436.45999999996,
        323624.85,
        219180.49,
        396380.16000000003,
        287648.07,
        222813.07,
        360442.85,
        324445.31999999995,
        252183.85,
        360905.1,
        360907.80000000005,
        361019.56999999995,
        328027.06999999995,
        327690.6,
        363629.01,
        327639.1,
        363584.73,
        291684.92000000004,
        327617.24,
        329689.86,
        330426.56000000006,
        329727.80000000005,
        329993.0,
        362220.81999999995,
        329715.77,
        362269.68999999994
    ]
}