{
    "virtual_best": 3300.92,
    "single_best": 328709.16,
    "passive_learning": 3709.53,
    "active_learning": [
        221202.30000000002,
        183733.65000000002,
        113043.74,
        147857.43000000002,
        146560.95,
        74559.2,
        74563.5,
        74711.0,
        74532.06999999999,
        74532.27,
        74560.9,
        74498.54,
        74532.05,
        74532.18,
        74530.14,
        74558.47,
        3745.7400000000002,
        3717.13,
        3733.56,
        3717.79,
        3720.51,
        3685.16,
        3719.5,
        3565.9700000000003,
        3684.15,
        3684.17,
        3684.15,
        3684.15,
        3683.92,
        3719.4900000000002,
        3719.4900000000002,
        3719.4900000000002
    ]
}