{
    "virtual_best": 3567.06,
    "single_best": 295316.47,
    "passive_learning": 42093.22,
    "active_learning": [
        472399.29000000004,
        364919.77,
        257765.02,
        256819.52,
        292688.95,
        292777.01,
        222042.99,
        256926.8,
        78319.65000000001,
        149458.81,
        114087.12000000001,
        77304.89,
        77425.77,
        113242.11,
        113295.40000000001,
        113293.14,
        77504.5,
        77532.65000000001,
        185119.66999999998,
        41962.88,
        113374.92000000001,
        42148.86,
        6422.22,
        42445.61,
        149714.8,
        149780.55,
        113811.93000000001,
        42227.31,
        77927.81000000001,
        77862.34000000001,
        77651.94,
        77942.22,
        42201.46,
        42201.46,
        42201.46,
        42201.46,
        42201.46,
        42201.46,
        42201.46,
        42201.46,
        42201.46,
        42201.46,
        42201.46,
        42201.46,
        42201.46,
        42201.46,
        42201.46,
        42201.46,
        42201.46,
        42201.46,
        42201.46,
        42201.46,
        42201.46,
        42201.46,
        42201.46,
        42201.46,
        77755.83,
        6582.24,
        42215.58,
        42204.229999999996,
        41855.92
    ]
}