{
    "virtual_best": 2823.67,
    "single_best": 259329.19,
    "passive_learning": 295285.61000000004,
    "active_learning": [
        628543.87,
        624869.09,
        627675.3999999999,
        621892.25,
        728535.1,
        692514.7999999999,
        658099.07,
        584996.38,
        368190.18,
        259892.62,
        366689.63,
        366199.16000000003,
        330641.69,
        294263.2,
        152040.11,
        224100.86,
        151502.56999999998,
        259420.78999999998,
        295847.04000000004,
        294668.36000000004,
        365913.91000000003,
        295181.73000000004,
        259328.19999999998,
        402378.46,
        366340.19,
        401310.83,
        330432.68,
        294853.04000000004,
        294720.77,
        294734.67000000004,
        294992.45,
        295036.74000000005,
        330871.80000000005,
        330871.80000000005,
        330871.80000000005,
        330871.80000000005,
        330871.80000000005,
        330871.80000000005,
        330871.80000000005,
        330871.80000000005,
        330871.80000000005,
        330871.80000000005,
        330871.80000000005,
        330871.80000000005,
        330871.80000000005,
        330871.80000000005,
        330871.80000000005,
        330871.80000000005,
        330871.80000000005,
        330871.80000000005,
        330871.80000000005,
        330871.80000000005,
        330871.80000000005,
        330871.80000000005,
        330871.80000000005,
        330871.80000000005,
        366299.71,
        404110.74000000005,
        296370.65,
        367355.22000000003,
        403554.37
    ]
}