{
    "virtual_best": 1096.49,
    "single_best": 150698.58,
    "passive_learning": 1472.76,
    "active_learning": [
        40173.75,
        76246.72,
        42223.020000000004,
        76316.87999999999,
        42007.53,
        40135.83,
        4140.339999999999,
        1515.6000000000001,
        1497.1100000000001,
        1519.43,
        1516.88,
        1508.52,
        1508.48,
        1538.0300000000002,
        1527.2,
        1345.48,
        1261.7900000000002,
        1270.2800000000002,
        1263.2800000000002,
        1262.96,
        1398.43,
        1478.98,
        1341.2,
        1479.27,
        1479.8400000000001,
        1341.2900000000002,
        1472.3100000000002,
        1471.96,
        1470.8000000000002,
        1471.15,
        1471.1200000000001,
        1383.2900000000002,
        1383.2900000000002
    ]
}