{
    "virtual_best": 7685.13,
    "single_best": 8485.23,
    "passive_learning": 8689.27,
    "active_learning": [
        154877.91,
        8520.039999999999,
        8520.109999999999,
        8520.109999999999,
        45201.82,
        8520.039999999999,
        8520.06,
        8520.039999999999,
        8520.039999999999,
        8520.039999999999,
        8522.38,
        8522.38,
        8522.38,
        8520.039999999999,
        8520.039999999999,
        8520.039999999999,
        8522.38,
        8520.039999999999,
        8520.039999999999,
        8520.039999999999,
        8618.14,
        8686.93,
        8686.93,
        8686.93,
        8686.949999999999,
        8686.93,
        8686.93,
        8689.27,
        8722.369999999999,
        8686.93,
        8722.369999999999,
        82497.31999999999,
        82497.31999999999
    ]
}