{
    "virtual_best": 4898.83,
    "single_best": 108898.05,
    "passive_learning": 142935.91999999998,
    "active_learning": [
        108436.79,
        108436.75,
        143256.64,
        144446.86,
        107233.14,
        143175.25,
        143145.59,
        179123.15999999997,
        179139.38,
        179139.34999999998,
        179200.34999999998,
        179139.39,
        179082.02999999997,
        179133.55,
        143135.12,
        143144.97999999998,
        143116.07,
        143104.76,
        143117.51,
        143109.93,
        143121.93,
        143096.43,
        143104.16,
        143103.7,
        142924.2,
        142926.32,
        142924.96,
        142924.21,
        142923.7,
        142923.7
    ]
}