{
    "virtual_best": 8618.76,
    "single_best": 113815.8,
    "passive_learning": 295433.87,
    "active_learning": [
        111126.76,
        76832.54999999999,
        79859.01999999999,
        184763.40000000002,
        148728.5,
        220618.08000000002,
        184643.83000000002,
        220529.81,
        220575.86,
        220626.5,
        220587.28999999998,
        220567.99,
        217971.65999999997,
        256625.0,
        220552.55,
        220599.82,
        220572.18,
        184586.96000000002,
        220527.46000000002,
        293228.56,
        293397.77999999997,
        293269.95,
        293226.29,
        293230.22,
        295760.86,
        295796.39,
        295682.18,
        295767.2,
        295444.65,
        295444.65
    ]
}