{
    "virtual_best": 2814.32,
    "single_best": 254261.24,
    "passive_learning": 3239.73,
    "active_learning": [
        111347.17,
        148435.53,
        111219.62,
        38754.15,
        74572.17,
        74748.69,
        74853.23999999999,
        38882.41,
        39625.05,
        38862.71000000001,
        38876.82,
        38872.380000000005,
        3277.25,
        3179.35,
        3164.39,
        3164.61,
        3263.85,
        3181.81,
        3182.04,
        3138.57,
        3128.69,
        3128.93,
        3144.91,
        3154.22,
        3150.36,
        3137.7400000000002,
        3136.48,
        3150.57,
        3146.13,
        3146.15,
        3146.15,
        3146.15
    ]
}