{
    "virtual_best": 7431.93,
    "single_best": 8200.22,
    "passive_learning": 43918.12,
    "active_learning": [
        8234.18,
        296095.77999999997,
        8234.13,
        8234.18,
        8234.13,
        8234.13,
        8266.23,
        227131.85,
        8236.49,
        8234.13,
        8270.689999999999,
        8234.13,
        8236.47,
        8259.05,
        8256.71,
        8270.689999999999,
        8270.689999999999,
        8270.71,
        8256.279999999999,
        8270.71,
        8236.47,
        8236.47,
        8236.47,
        8234.15,
        8242.199999999999,
        8253.23,
        8155.24,
        8136.16,
        8177.37,
        8175.03,
        8175.03,
        8175.03
    ]
}