{
    "virtual_best": 3337.43,
    "single_best": 403074.24,
    "passive_learning": 113470.84000000001,
    "active_learning": [
        435390.76,
        434916.81,
        363063.26,
        221172.63,
        184834.63,
        149175.28,
        113611.13,
        114071.59000000001,
        113928.43000000001,
        113361.73000000001,
        77394.82,
        113322.64,
        77986.20000000001,
        113973.16,
        113100.48000000001,
        113195.24,
        114118.29000000001,
        112886.95000000001,
        113266.0,
        113128.81,
        113795.19,
        113733.34000000001,
        149707.92,
        149552.01,
        149227.15,
        149543.37,
        149811.5,
        185797.2,
        185579.72,
        114265.20000000001,
        114268.09000000001,
        114320.07,
        113780.17,
        113669.12000000001,
        113668.31,
        113668.31,
        113668.31,
        113668.31,
        113668.31,
        113668.31,
        113668.31,
        113668.31,
        113668.31,
        113668.31,
        113668.31,
        113668.31,
        113668.31,
        113668.31,
        113668.31,
        113668.31,
        113668.31,
        113668.31,
        149335.14,
        113866.67,
        77892.20000000001,
        149774.19,
        113296.36
    ]
}