{
    "virtual_best": 2812.77,
    "single_best": 259152.87,
    "passive_learning": 365828.26,
    "active_learning": [
        656206.71,
        115957.89,
        151783.25,
        259246.17,
        114885.44,
        258462.81,
        150762.27000000002,
        187343.97,
        330627.6,
        329669.69,
        401445.95,
        365199.22000000003,
        366255.47000000003,
        401970.45,
        365565.98,
        329663.26,
        329371.17,
        365513.72000000003,
        364868.0,
        364666.86,
        436873.71,
        365317.94,
        400985.82,
        328544.4,
        401169.64,
        401377.18,
        437008.37,
        329513.76,
        329244.79,
        400532.17,
        400872.09,
        365260.45,
        401475.98,
        437366.42,
        437457.86,
        437457.86,
        437457.86,
        437457.86,
        437457.86,
        437457.86,
        437457.86,
        437457.86,
        437457.86,
        437457.86,
        437457.86,
        437457.86,
        437457.86,
        437457.86,
        437457.86,
        437457.86,
        437457.86,
        437457.86,
        364800.71,
        401798.98,
        437115.81,
        366267.54,
        329671.14
    ]
}