{
    "virtual_best": 2780.77,
    "single_best": 259497.38,
    "passive_learning": 365807.31,
    "active_learning": [
        619636.3600000001,
        509712.62,
        761993.5700000001,
        294724.73,
        115546.83,
        115637.53,
        79392.34,
        79980.81999999999,
        79555.13,
        79497.04,
        79453.55,
        187483.99,
        258129.13999999998,
        401294.51,
        329345.17,
        401958.14,
        365769.26,
        402359.6,
        437113.1,
        437718.01
    ]
}