{
    "virtual_best": 3762.65,
    "single_best": 402583.86,
    "passive_learning": 185064.35,
    "active_learning": [
        544222.1200000001,
        472682.44,
        580089.04,
        292040.65,
        149270.45,
        183949.2,
        255714.33,
        184493.18,
        183983.18,
        184597.04,
        148272.46,
        148625.78,
        220377.24,
        256122.71,
        256694.93,
        221094.91999999998,
        221242.81,
        185097.29,
        185289.29,
        221121.62
    ]
}