{
    "virtual_best": 6344.47,
    "single_best": 116501.88,
    "passive_learning": 144021.59,
    "active_learning": [
        109784.65,
        109852.94,
        109858.12,
        109564.85999999999,
        109345.29999999999,
        109337.04000000001,
        109337.32,
        144626.32,
        145141.97,
        180069.42,
        145333.52,
        180953.47,
        145913.4,
        181485.39,
        145174.13,
        148142.58,
        145556.43,
        145139.22,
        145070.63999999998,
        145274.11,
        180027.18,
        180039.66,
        145171.59,
        145182.63,
        145109.49,
        109053.22,
        144044.21,
        143971.93,
        143971.93
    ]
}