{
    "virtual_best": 9016.51,
    "single_best": 149343.91,
    "passive_learning": 294933.39,
    "active_learning": [
        218163.82,
        254246.38,
        218151.22,
        218864.30000000002,
        220085.29,
        220452.36000000002,
        219274.54,
        218979.55000000002,
        218798.04,
        218888.59,
        290148.5,
        254906.11000000002,
        258231.65,
        257938.15,
        258379.1,
        225443.11000000002,
        189426.73,
        222253.08000000002,
        258236.55000000002,
        225179.61000000002,
        330925.63,
        331028.78,
        330997.55,
        294940.48,
        294919.01,
        294945.35,
        294923.75,
        294945.77999999997,
        294946.31
    ]
}