{
    "virtual_best": 3468.64,
    "single_best": 327951.04,
    "passive_learning": 113262.97,
    "active_learning": [
        291264.09,
        327351.24,
        148260.67,
        77372.81,
        149471.32,
        184973.78,
        148814.8,
        148806.63,
        148790.48,
        112980.85,
        113008.94,
        184366.2,
        77025.43000000001,
        76850.73,
        112755.06,
        148839.97,
        112752.48,
        112973.55,
        113721.23,
        113154.96,
        113092.67,
        112699.29000000001,
        113064.7,
        113435.16,
        148711.37,
        148711.05,
        148697.77,
        148697.72,
        148697.77,
        148697.77,
        148697.72,
        148697.77,
        148705.88,
        148705.88,
        148885.18,
        148885.18,
        148845.85,
        148845.85,
        148845.85,
        148845.85,
        148845.85,
        148845.85,
        148845.85,
        148845.85,
        148845.85,
        148845.85,
        148845.85,
        148920.46,
        148845.85,
        113234.0,
        112819.16
    ]
}