{
    "virtual_best": 2989.81,
    "single_best": 223817.13,
    "passive_learning": 331172.09,
    "active_learning": [
        188905.6,
        81408.64,
        188063.33000000002,
        116083.0,
        43746.200000000004,
        223111.71,
        116125.38,
        116195.27,
        330753.92,
        330833.23,
        366288.38,
        401910.61,
        330476.39,
        400849.22000000003,
        437693.4,
        402243.97000000003,
        437226.01,
        473891.52,
        365937.8,
        438513.36,
        473923.88,
        473300.11,
        401770.66,
        402016.68,
        473660.95,
        473660.95,
        509226.71,
        509226.71,
        509236.66,
        509236.66,
        509234.27,
        509234.27,
        473252.99,
        473252.99,
        401617.08,
        401617.08,
        436705.1,
        436705.1,
        436705.1,
        436705.1,
        436705.1,
        436705.1,
        436705.1,
        436705.1,
        436705.1,
        436705.1,
        436705.1,
        436705.1,
        436705.1,
        401474.86,
        401800.32
    ]
}