{
    "virtual_best": 3008.77,
    "single_best": 295418.23,
    "passive_learning": 295685.61,
    "active_learning": [
        726961.87,
        906905.0599999999,
        116072.89,
        188292.44,
        260033.01,
        224916.64,
        258596.17,
        331146.93999999994,
        402413.13999999996,
        223668.07,
        331756.37999999995,
        403980.56999999995,
        294721.49,
        330927.41,
        331676.05,
        259899.09,
        403977.81,
        367629.43999999994,
        403357.33999999997,
        331218.64999999997
    ]
}