{
    "virtual_best": 2334.95,
    "single_best": 327562.6,
    "passive_learning": 112109.59,
    "active_learning": [
        363940.16,
        364867.63999999996,
        185337.5,
        256474.09,
        220222.11000000002,
        184128.56,
        112488.45,
        184503.99,
        148142.85,
        148515.55,
        148556.81,
        76632.67,
        112352.57,
        148149.84,
        112433.96,
        147610.41,
        148156.06,
        111991.28,
        112169.05,
        112153.68000000001
    ]
}