{
    "virtual_best": 1113.32,
    "single_best": 184839.82,
    "passive_learning": 39654.61,
    "active_learning": [
        255670.86,
        148292.00999999998,
        148471.16,
        75472.87999999999,
        75174.17,
        39247.82,
        39458.14,
        39364.12,
        39238.590000000004,
        39531.72,
        39322.76,
        39010.33,
        39842.02,
        39675.55,
        39596.01,
        39579.8,
        75098.62999999999,
        39104.29,
        39248.18,
        75155.15999999999
    ]
}