{
    "virtual_best": 2992.3,
    "single_best": 295244.35,
    "passive_learning": 294601.01,
    "active_learning": [
        726251.15,
        510955.2,
        547269.5,
        223558.36,
        188254.82,
        509735.27999999997,
        187430.38,
        222550.96,
        258593.94,
        222476.12,
        294347.92,
        258663.96,
        402538.21,
        366142.64,
        258313.83,
        366857.14,
        295388.24,
        439561.52999999997,
        402578.73,
        439339.18
    ]
}