{
    "virtual_best": 7765.21,
    "single_best": 111297.47,
    "passive_learning": 145293.07,
    "active_learning": [
        74295.75,
        74572.18,
        74529.87,
        71785.85,
        71810.48,
        71793.73,
        71948.79999999999,
        74250.87,
        74250.85,
        73977.69,
        37979.95,
        73621.06,
        37974.88,
        38000.88,
        37971.97,
        37971.47,
        73667.48999999999,
        75658.54999999999,
        75644.93,
        75914.47,
        75636.54999999999,
        73658.32999999999,
        73173.09,
        71238.95999999999,
        147218.09999999998,
        109591.17,
        73879.65,
        73923.26,
        73923.94,
        73923.94,
        73974.1,
        73974.1,
        73973.42,
        73980.01999999999,
        73980.01999999999,
        73980.01999999999,
        73980.01999999999,
        73923.94,
        73923.94,
        73923.94,
        73928.53,
        73928.53,
        73927.64,
        73927.64,
        73927.64,
        73927.64,
        73927.64,
        73927.64,
        73927.64,
        73884.23,
        73879.65,
        73879.65,
        73879.65,
        73879.65,
        73879.65,
        71508.93,
        71509.29000000001,
        110033.81,
        143096.34999999998,
        71454.14,
        107373.95999999999,
        143095.27000000002,
        107292.25,
        145236.5,
        145236.5
    ]
}