{
    "virtual_best": 6866.3,
    "single_best": 117405.19,
    "passive_learning": 258276.13999999998,
    "active_learning": [
        220994.47,
        220904.1,
        221027.86,
        258913.68,
        258921.43,
        186196.7,
        185819.3,
        185795.32,
        257438.66,
        148621.56,
        148621.22,
        184607.85,
        362659.79,
        254738.77,
        254933.74,
        255796.91,
        255171.83,
        255360.77,
        291336.6,
        291262.85,
        291353.73,
        255147.97,
        255141.02,
        255128.44,
        327883.99,
        294172.37,
        327168.0,
        327181.69,
        294207.8,
        294207.27,
        294207.27,
        294207.85,
        294172.95,
        294207.85,
        294207.85,
        294207.85,
        294207.85,
        294207.27,
        294207.27,
        294207.27,
        327264.52999999997,
        327264.52999999997,
        327216.06,
        327216.06,
        327216.06,
        327216.06,
        327216.06,
        327216.06,
        327216.06,
        327216.06,
        327269.72,
        327269.72,
        327269.72,
        327269.72,
        327269.72,
        258219.27,
        359760.42,
        326710.72,
        362662.29,
        326663.48,
        326664.81,
        326678.43,
        290829.1,
        290778.95,
        290829.1
    ]
}