{
    "virtual_best": 6872.72,
    "single_best": 7613.33,
    "passive_learning": 224705.6,
    "active_learning": [
        7643.09,
        7643.09,
        7643.09,
        7643.139999999999,
        7643.12,
        7643.11,
        7643.0599999999995,
        7643.0599999999995,
        7643.0599999999995,
        7677.28,
        7679.599999999999,
        7677.259999999999,
        7673.75,
        7643.04,
        7667.96,
        7667.96,
        7643.04,
        7667.96,
        7643.04,
        7643.04,
        7643.04,
        7643.04,
        7643.04,
        7643.04,
        7735.34,
        7790.7,
        7790.2699999999995,
        7790.25,
        7790.2699999999995,
        7790.2699999999995,
        7792.59,
        7809.34,
        7809.34
    ]
}