{
    "virtual_best": 3074.8,
    "single_best": 259219.91,
    "passive_learning": 5491.79,
    "active_learning": [
        75330.97,
        39400.46,
        111066.68,
        75373.91,
        75390.24,
        75373.70999999999,
        39388.68,
        39388.61,
        75371.99,
        75371.69,
        39388.299999999996,
        39486.729999999996,
        39486.72,
        3488.1200000000003,
        3488.1800000000003,
        3488.1200000000003,
        3488.19,
        3488.1600000000003,
        3488.1200000000003,
        3355.1200000000003,
        3355.05,
        3453.71,
        3453.63,
        3452.46,
        3353.88,
        3364.75,
        3464.48,
        3464.4900000000002,
        3464.4900000000002,
        3464.48,
        3463.3100000000004,
        3463.3100000000004,
        3463.3100000000004
    ]
}