{
    "virtual_best": 4342.88,
    "single_best": 615142.82,
    "passive_learning": 292687.3,
    "active_learning": [
        294763.33,
        294240.83,
        257445.37,
        186775.18999999997,
        221387.06,
        185563.34999999998,
        150079.77,
        186259.22999999998,
        221239.58,
        185575.93999999997,
        220903.94999999998,
        292664.09,
        184725.22999999998,
        257274.37999999998,
        185123.25,
        256659.38999999998,
        221293.97,
        257069.00999999998,
        221197.12999999998,
        257174.49,
        257174.49
    ]
}