{
    "virtual_best": 2733.98,
    "single_best": 222690.49,
    "passive_learning": 437385.94,
    "active_learning": [
        293835.52,
        186259.28,
        224274.16999999998,
        116186.58,
        115781.93000000001,
        186983.84,
        151070.52,
        222304.34,
        259169.19999999998,
        257702.09,
        294009.3,
        294448.35000000003,
        257757.15,
        365562.63,
        401002.51,
        401398.05,
        329859.13,
        294498.95,
        329540.18,
        256896.77,
        256896.77
    ]
}