{
    "virtual_best": 7868.13,
    "single_best": 8634.38,
    "passive_learning": 8554.7,
    "active_learning": [
        227584.78,
        8700.970000000001,
        8910.51,
        8689.550000000001,
        8674.52,
        80432.35,
        8679.83,
        8590.01,
        152388.77,
        8574.94,
        8613.320000000002,
        8577.28,
        47130.76,
        118772.45,
        8567.560000000001,
        8567.560000000001,
        8532.12,
        8513.04,
        8529.78,
        8533.28,
        8533.28,
        8533.28,
        8533.28,
        8533.28,
        80577.74,
        8544.92,
        259692.33,
        478491.64,
        259628.16,
        8532.12,
        151846.53,
        369283.82,
        369283.82,
        369283.82,
        369283.82,
        369283.82,
        369283.82,
        369283.82,
        369283.82,
        369283.82,
        369283.82,
        369283.82,
        369283.82,
        369283.82,
        369283.82,
        369283.82,
        369283.82,
        369283.82,
        369283.82,
        369283.82,
        223633.24,
        8542.130000000001,
        8535.62,
        8505.12,
        332977.04000000004,
        259650.19,
        259611.42,
        368772.01,
        368938.94,
        152093.09,
        8513.04,
        8554.7,
        8535.62
    ]
}