{
    "virtual_best": 2633.53,
    "single_best": 182306.27,
    "passive_learning": 3063.57,
    "active_learning": [
        145929.23,
        145798.93,
        145306.33,
        145781.7,
        145767.16,
        145728.12,
        145715.16,
        145697.94,
        145852.44,
        145541.33,
        145820.11,
        145541.2,
        145423.83,
        145555.77,
        109557.19,
        109557.19,
        109602.41,
        75166.37,
        75166.6,
        75176.25,
        75176.13,
        75176.13,
        74774.05,
        39025.24,
        39025.25,
        39025.25,
        74689.95,
        74680.22,
        74680.22,
        3064.7400000000002,
        3074.57,
        3051.71,
        3051.59,
        3051.71,
        3051.71,
        3051.71,
        3050.9500000000003,
        3051.46,
        3051.46,
        3051.46,
        3051.46,
        3051.46,
        3051.46,
        3051.46,
        3051.46,
        3051.46,
        3051.46,
        3051.46,
        3051.46,
        3051.46,
        3068.7400000000002,
        38817.22,
        38822.159999999996,
        38812.38,
        38821.58,
        38812.229999999996,
        3063.67,
        38821.39,
        3081.3100000000004,
        3081.42,
        3081.75,
        3081.46,
        3081.51
    ]
}