{
    "virtual_best": 2137.33,
    "single_best": 295340.47,
    "passive_learning": 2382.77,
    "active_learning": [
        110589.75,
        110495.7,
        75587.95999999999,
        74644.9,
        111307.82999999999,
        74307.4,
        74284.09,
        74276.59,
        74295.59,
        74273.29999999999,
        74274.0,
        38288.33,
        38293.1,
        38292.77,
        74272.43,
        3618.83,
        2398.6299999999997,
        2380.33,
        2456.71,
        2379.21,
        2379.21,
        2380.16,
        2379.21,
        2379.5499999999997,
        2379.45,
        2397.62,
        2397.62,
        2397.62,
        2397.3799999999997,
        2394.8399999999997,
        2394.8399999999997,
        2394.1699999999996,
        2398.12,
        2398.79,
        2379.2799999999997,
        2379.2799999999997,
        2397.3799999999997,
        2397.3799999999997,
        2397.3799999999997,
        2394.1699999999996,
        2394.1699999999996,
        2394.1699999999996,
        2394.1699999999996,
        2394.1699999999996,
        2394.1699999999996,
        2394.1699999999996,
        2394.1699999999996,
        2394.1699999999996,
        2394.1699999999996,
        2394.1699999999996,
        2394.1699999999996,
        2394.1699999999996,
        2394.1699999999996,
        2394.1699999999996,
        2394.1699999999996,
        2379.49,
        2402.46,
        2402.39,
        2398.44,
        2402.3799999999997,
        2383.5499999999997,
        2399.1699999999996,
        2399.1699999999996,
        2399.18,
        2428.91,
        2410.5699999999997,
        2410.5699999999997
    ]
}