{
    "virtual_best": 7613.0,
    "single_best": 8357.68,
    "passive_learning": 8398.44,
    "active_learning": [
        8389.84,
        47074.39,
        8396.66,
        8392.11,
        439692.01,
        9086.460000000001,
        8389.84,
        8418.16,
        8392.11,
        8389.84,
        8389.77,
        8414.69,
        8408.84,
        8389.77,
        191534.61,
        9620.35,
        8509.69,
        8507.37,
        119158.15999999999,
        8346.44,
        8346.44,
        8397.91,
        151396.13999999998,
        8397.960000000001,
        115982.10999999999,
        8398.49,
        8398.49,
        8348.74,
        8348.74,
        8346.42,
        8346.42,
        8438.58,
        8400.23,
        8400.23,
        151759.44999999998,
        151759.44999999998,
        151759.44999999998,
        151759.44999999998,
        151759.44999999998,
        151759.44999999998,
        151759.44999999998,
        151759.44999999998,
        151759.44999999998,
        151759.44999999998,
        151759.44999999998,
        151759.44999999998,
        151759.44999999998,
        151759.44999999998,
        151759.44999999998,
        151759.44999999998,
        151759.44999999998,
        151759.44999999998,
        151759.44999999998,
        151759.44999999998,
        151759.44999999998,
        8381.15,
        8400.23,
        8461.16,
        8420.6,
        8397.87,
        8435.03,
        8449.94,
        8449.94,
        8449.92,
        8398.45,
        8398.45,
        8398.45
    ]
}