{
    "virtual_best": 2684.66,
    "single_best": 257269.01,
    "passive_learning": 184516.9,
    "active_learning": [
        364269.25,
        436256.15,
        400001.09,
        364269.83,
        328230.68,
        327844.27,
        257061.86000000002,
        256734.67,
        256615.48,
        220621.75,
        220383.71000000002,
        184762.32,
        184568.47,
        184559.61000000002,
        220405.53,
        184705.5,
        112658.55,
        184897.22,
        184442.14,
        184403.12,
        184681.17
    ]
}