{
    "virtual_best": 2939.35,
    "single_best": 269252.07,
    "passive_learning": 474263.89,
    "active_learning": [
        473706.39,
        437727.22000000003,
        401429.05,
        365998.04,
        366195.88,
        402336.72000000003,
        365797.58,
        401781.73,
        365800.91000000003,
        366058.73,
        401651.2,
        401853.14,
        402132.02,
        365741.35000000003,
        401961.02,
        510322.2,
        402903.27,
        439261.64,
        402607.97000000003,
        366305.49,
        438448.05
    ]
}