{
    "virtual_best": 8987.47,
    "single_best": 149862.48,
    "passive_learning": 225216.95,
    "active_learning": [
        220411.94,
        219344.03,
        255336.85,
        258604.7,
        186066.98,
        186299.49,
        185529.99,
        149116.28999999998,
        185242.66999999998,
        185783.63,
        221756.86,
        221754.38,
        221756.68,
        221693.96,
        221234.19,
        221101.28,
        152220.96,
        185196.48,
        185209.1,
        185240.16,
        185232.46,
        185153.79,
        257928.85,
        257895.04,
        149177.7,
        257819.53,
        257890.13999999998,
        257889.72,
        257896.44,
        257881.37,
        257972.63999999998,
        258202.91,
        258204.75,
        257881.37,
        224870.34,
        257881.33,
        257881.37,
        257888.1,
        257881.37,
        257881.37,
        257889.72,
        257889.72,
        257889.72,
        257889.72,
        257889.72,
        257889.72,
        224872.58,
        224872.58,
        224874.43,
        224874.43,
        225196.63999999998,
        225196.63999999998,
        225196.63999999998,
        225196.63999999998,
        225196.63999999998,
        225196.63999999998,
        224729.68,
        221702.04,
        188674.55,
        294206.91000000003,
        294153.25,
        258224.24,
        258222.93
    ]
}