{
    "virtual_best": 6491.01,
    "single_best": 40365.96,
    "passive_learning": 71610.04999999999,
    "active_learning": [
        72966.91,
        73172.64,
        109074.09999999999,
        109369.05,
        108289.05,
        108279.89,
        108416.89,
        108401.20999999999,
        72447.20999999999,
        108321.68,
        72320.51999999999,
        108311.69,
        108328.59,
        108328.9,
        71521.22,
        71224.41,
        71223.62,
        35105.74,
        70935.78,
        35026.009999999995,
        35494.399999999994,
        35020.77,
        35021.299999999996,
        35302.72,
        35017.1,
        34832.63,
        70741.97,
        70926.91,
        70926.91,
        34832.63,
        34832.63,
        70459.51999999999,
        35014.54,
        35014.54,
        35013.06,
        35301.7,
        34826.02,
        34832.2,
        34832.2,
        34832.2,
        70832.19,
        70832.19,
        70832.19,
        70832.19,
        70832.19,
        70832.19,
        70831.12,
        70831.12,
        70831.12,
        70831.12,
        34862.04,
        34864.5,
        34864.5,
        34864.5,
        34864.5,
        34864.5,
        71012.07,
        70864.97,
        71605.44,
        108081.19,
        72086.32,
        107614.20999999999,
        72086.32
    ]
}