{
    "virtual_best": 3484.78,
    "single_best": 221380.9,
    "passive_learning": 5470.57,
    "active_learning": [
        291771.04,
        220379.87,
        184235.66,
        219832.59,
        77148.57,
        77523.20000000001,
        5824.889999999999,
        113179.46,
        113092.36,
        77598.47,
        41290.24,
        5361.200000000001,
        5648.83,
        5422.719999999999,
        5557.83,
        5277.969999999999,
        5277.880000000001,
        5382.26,
        5403.58,
        5426.35,
        41394.97,
        5454.4400000000005,
        5653.110000000001,
        5718.969999999999,
        5719.26,
        5720.360000000001,
        5720.360000000001,
        5720.360000000001,
        5720.360000000001,
        5720.360000000001,
        5720.360000000001,
        5720.360000000001,
        5720.360000000001,
        5720.360000000001,
        5720.360000000001,
        5720.360000000001,
        5720.360000000001,
        5720.360000000001,
        5720.360000000001,
        5720.360000000001,
        5720.360000000001,
        5720.360000000001,
        5720.360000000001,
        5720.360000000001,
        5720.360000000001,
        5720.360000000001,
        5720.360000000001,
        5188.02,
        5091.76,
        41103.44,
        5592.82,
        5568.33
    ]
}