{
    "virtual_best": 3362.53,
    "single_best": 269397.46,
    "passive_learning": 366958.18,
    "active_learning": [
        621563.38,
        801629.0,
        477907.65,
        656881.2699999999,
        153080.17,
        153687.25,
        152804.77000000002,
        188540.1,
        366908.86,
        332098.0,
        295517.67,
        405042.46,
        403558.85000000003,
        439451.62,
        261087.97,
        261320.48,
        296559.27,
        368513.46,
        332043.86,
        332607.32,
        332950.01,
        403248.0,
        474913.14,
        475854.10000000003,
        403565.23,
        439175.24,
        331843.53,
        474948.60000000003,
        474948.60000000003,
        474948.60000000003,
        474948.60000000003,
        474948.60000000003,
        474948.60000000003,
        474948.60000000003,
        474948.60000000003,
        474948.60000000003,
        474948.60000000003,
        474948.60000000003,
        474948.60000000003,
        474948.60000000003,
        474948.60000000003,
        474948.60000000003,
        474948.60000000003,
        474948.60000000003,
        474948.60000000003,
        474948.60000000003,
        474948.60000000003,
        366973.92,
        367745.47000000003,
        367244.57,
        403651.42,
        475309.73
    ]
}