{
    "virtual_best": 10368.06,
    "single_best": 113983.08,
    "passive_learning": 256615.22000000003,
    "active_learning": [
        217052.91999999998,
        183347.15000000002,
        218874.66000000003,
        183132.59999999998,
        180552.47999999998,
        182906.3,
        182902.05,
        218853.53999999998,
        186314.40000000002,
        150135.07,
        117794.1,
        117788.24,
        117765.55,
        150782.32,
        117744.32,
        223485.59000000003,
        186760.18,
        222186.63,
        222280.53999999998,
        258977.26,
        258977.31,
        186287.11,
        258907.89,
        223243.57,
        292012.53,
        255525.78999999998,
        292120.05,
        220381.14,
        255907.37,
        292411.28,
        328390.85000000003,
        328402.5,
        328302.72000000003,
        328348.86000000004,
        328025.49,
        328035.49,
        328013.83,
        328013.83,
        292104.87,
        292104.87,
        328047.53,
        328047.53,
        328047.53,
        328047.53,
        328047.53,
        328047.53,
        328047.53,
        328047.53,
        328047.53,
        328047.53,
        328047.53,
        328047.92000000004,
        328047.92000000004,
        328047.92000000004,
        328047.92000000004,
        328047.92000000004,
        328043.29000000004,
        328086.61000000004,
        328040.17000000004,
        328087.41000000003,
        328093.87,
        328096.17000000004,
        328088.42000000004,
        328088.42000000004
    ]
}