{
    "virtual_best": 6682.86,
    "single_best": 150252.9,
    "passive_learning": 215054.03000000003,
    "active_learning": [
        179411.89,
        179405.37,
        179401.58000000002,
        179348.49,
        179382.12,
        179401.99,
        179368.28999999998,
        143375.76,
        143430.75,
        144282.77000000002,
        180345.46000000002,
        180311.88,
        180144.93,
        144225.21000000002,
        107497.37000000001,
        107144.69,
        107145.13,
        107145.13,
        143064.96000000002,
        143129.16999999998,
        143129.16999999998,
        143126.98,
        143132.51,
        143126.98,
        143130.37,
        143126.98,
        143135.87,
        143178.87,
        179098.69,
        143178.87,
        143178.87,
        143178.87,
        143178.87,
        143178.87,
        179172.19,
        179173.40000000002,
        179171.2,
        179171.2,
        179173.40000000002,
        179173.40000000002,
        179173.40000000002,
        179173.40000000002,
        179173.40000000002,
        179173.40000000002,
        179173.40000000002,
        179173.40000000002,
        179173.40000000002,
        179173.40000000002,
        179173.40000000002,
        179173.40000000002,
        179173.40000000002,
        179173.40000000002,
        179173.40000000002,
        179173.40000000002,
        179173.40000000002,
        179173.40000000002,
        215085.53000000003,
        215086.47000000003,
        215089.86,
        215084.59999999998,
        179167.72999999998,
        215119.95,
        215087.55,
        215087.55
    ]
}