{
    "virtual_best": 5451.48,
    "single_best": 114157.87,
    "passive_learning": 145768.29,
    "active_learning": [
        179945.73,
        179931.14,
        146625.1,
        146571.45,
        145314.08000000002,
        146333.07,
        182287.24,
        146366.29,
        112308.02,
        146740.31,
        146435.96000000002,
        146525.72999999998,
        145704.91999999998,
        145714.34,
        182513.49,
        180628.11000000002,
        145793.12,
        147677.7,
        145785.72,
        145785.72,
        109832.88,
        109749.72,
        109752.93000000001,
        109850.73,
        109765.3,
        109774.39,
        109774.39,
        109773.74,
        109773.74,
        109773.74,
        109773.74,
        109773.74,
        109773.74,
        109773.74,
        109773.74,
        109773.74,
        109773.74,
        109831.77,
        109826.66,
        109849.16,
        109849.16,
        109849.16,
        109849.16,
        109849.16,
        109849.16,
        109849.61,
        109850.27,
        109850.27,
        109850.27,
        109850.27,
        109850.27,
        109850.27,
        109850.27,
        109850.27,
        109858.51,
        109858.08,
        109852.97,
        145842.77000000002,
        145842.77000000002,
        145759.54,
        179844.04,
        145842.33000000002,
        145842.33000000002,
        179921.29,
        145979.33000000002,
        180058.29,
        180058.29
    ]
}