{
    "virtual_best": 10352.97,
    "single_best": 113983.53,
    "passive_learning": 256681.54,
    "active_learning": [
        151561.13,
        186880.94,
        187181.95,
        113156.43000000001,
        257842.81,
        257930.16,
        260147.79,
        293745.57,
        257053.63,
        257230.97,
        259921.6,
        223194.26,
        223637.05,
        222963.27,
        220549.3,
        187722.12,
        187568.32,
        222718.05,
        190239.08,
        184273.46,
        184433.3,
        185038.25,
        184423.74,
        184415.74,
        184192.35,
        184261.84,
        184261.77,
        184312.48,
        184312.48,
        184312.48,
        184312.48,
        184312.48,
        184312.48,
        184312.48,
        184312.48,
        184312.48,
        184312.48,
        184312.48,
        184312.38,
        184261.67,
        184312.38,
        184312.38,
        184312.38,
        184312.38,
        184312.38,
        184265.89,
        184265.89,
        184265.89,
        184265.89,
        184263.61000000002,
        184263.61000000002,
        184767.71,
        184767.71,
        184767.71,
        186688.44,
        223279.09,
        223368.43,
        259877.92,
        259873.88,
        259928.63,
        227060.4,
        295432.76,
        292499.41000000003,
        295793.47,
        292824.01,
        328766.67000000004,
        328766.67000000004
    ]
}