{
    "virtual_best": 4391.78,
    "single_best": 219412.42,
    "passive_learning": 75901.27,
    "active_learning": [
        292266.83,
        292263.68,
        220216.05,
        183314.38,
        147205.44,
        76684.88,
        40311.29,
        76184.53,
        75932.76,
        75932.84999999999,
        75915.31999999999,
        111860.06,
        111789.84,
        75934.61,
        112046.23999999999,
        112050.01,
        39963.909999999996,
        76105.58,
        75925.48999999999,
        39940.11,
        39963.909999999996,
        75907.08,
        75909.4,
        39940.11,
        39939.13,
        39980.02,
        39980.67,
        39971.909999999996,
        39962.93,
        39962.93,
        39939.25
    ]
}