{
    "virtual_best": 7385.46,
    "single_best": 8111.91,
    "passive_learning": 81741.86,
    "active_learning": [
        695404.66,
        695404.66,
        695345.88,
        695318.4800000001,
        695262.15,
        480273.64,
        297356.42,
        297435.19,
        8266.289999999999,
        154211.1,
        8266.289999999999,
        191184.95,
        229860.38,
        191242.93,
        406216.92,
        406178.11,
        8121.43,
        259055.2,
        190996.98,
        8070.67,
        8111.7300000000005,
        189880.53,
        117654.75,
        8079.96,
        8066.68,
        8107.68,
        8084.830000000001,
        8084.85,
        8084.1900000000005,
        8084.1900000000005,
        8084.1900000000005
    ]
}