{
    "virtual_best": 5568.36,
    "single_best": 146590.48,
    "passive_learning": 145886.58000000002,
    "active_learning": [
        181031.09,
        180943.77,
        216959.56,
        216930.61000000002,
        216995.66,
        216986.61000000002,
        249523.63,
        249532.33,
        216957.86000000002,
        216815.3,
        216815.3,
        249361.69,
        216807.54,
        217033.58,
        217038.6,
        217036.79,
        217039.93,
        217009.14,
        217006.08,
        217003.85,
        217009.39,
        216794.86000000002,
        216840.36000000002,
        216925.69,
        181908.49,
        181908.49,
        181889.81,
        145889.82,
        145889.82,
        145889.82,
        145889.82,
        145886.58000000002,
        146002.08000000002,
        145887.13,
        145838.96000000002,
        145838.96000000002,
        180856.16,
        145838.96000000002,
        145838.96000000002,
        145838.96000000002,
        145838.96000000002,
        145838.96000000002,
        145838.96000000002,
        145838.96000000002,
        145838.96000000002,
        180856.16,
        145838.96000000002,
        145838.96000000002,
        145838.96000000002,
        145886.58000000002,
        145886.58000000002,
        145838.96000000002,
        145838.96000000002,
        180856.16,
        145838.96000000002,
        145838.96000000002,
        145838.96000000002,
        145885.22999999998,
        145885.22999999998,
        145886.58000000002,
        145886.58000000002,
        145886.58000000002,
        145932.85,
        145932.85
    ]
}