{
    "virtual_best": 9754.78,
    "single_best": 146559.61,
    "passive_learning": 291075.44,
    "active_learning": [
        251426.46,
        251586.94,
        215816.73,
        251992.56,
        251990.27,
        254525.07,
        290592.99,
        290021.39,
        287567.87,
        216898.26,
        252424.01,
        216189.91,
        216173.04,
        215846.01,
        254262.88,
        218449.58,
        218449.98,
        218507.57,
        218500.41,
        218500.84,
        218564.38,
        218508.49,
        218338.89,
        291349.01,
        291467.93,
        289049.87,
        291293.43,
        291365.82999999996,
        291268.45,
        291089.20999999996,
        255083.35,
        291026.57999999996,
        291290.06,
        291326.63,
        291123.95999999996,
        291179.85,
        291229.16000000003,
        291229.16000000003,
        291285.05,
        291229.16000000003,
        291229.16000000003,
        291285.05,
        291285.05,
        291229.16000000003,
        291229.16000000003,
        291375.8,
        291375.8,
        291375.8,
        291375.8,
        291375.8,
        291375.8,
        291353.18,
        291355.03,
        291158.53,
        291158.53,
        291027.3,
        291027.3,
        291094.62,
        291094.62,
        291029.65,
        291021.28,
        291019.44,
        291071.29000000004,
        291071.29000000004
    ]
}