{
    "virtual_best": 2441.09,
    "single_best": 328659.55,
    "passive_learning": 38653.24,
    "active_learning": [
        75492.28,
        110561.81999999999,
        38602.119999999995,
        38673.409999999996,
        74597.11,
        146710.28,
        74771.77,
        38531.78,
        74525.31999999999,
        75383.31,
        38650.52,
        110644.70999999999,
        110679.24,
        110644.70999999999,
        2646.1400000000003,
        38643.18,
        2645.86,
        2655.6400000000003,
        2655.48,
        2637.3700000000003,
        2655.46,
        38645.36,
        2655.46,
        2655.46,
        2655.6400000000003,
        2655.46,
        2655.7400000000002,
        38653.18,
        74642.68,
        74650.5,
        39395.17,
        75392.89
    ]
}