{
    "virtual_best": 7233.99,
    "single_best": 8038.2,
    "passive_learning": 8223.43,
    "active_learning": [
        8070.41,
        43444.86,
        8070.41,
        8070.41,
        44752.24,
        8070.46,
        8070.46,
        8070.48,
        8070.48,
        8070.48,
        8070.48,
        8070.41,
        8752.2,
        8070.41,
        8070.41,
        8070.429999999999,
        8070.429999999999,
        8070.429999999999,
        8070.429999999999,
        8125.78,
        8081.45,
        8190.349999999999,
        8188.009999999999,
        187323.38999999998,
        8188.009999999999,
        8223.45,
        8188.009999999999,
        8188.009999999999,
        225940.83,
        44428.119999999995,
        226301.26,
        369608.45
    ]
}