{
    "virtual_best": 2812.77,
    "single_best": 259152.87,
    "passive_learning": 365804.01,
    "active_learning": [
        229361.6,
        225937.84,
        117576.13,
        116439.68000000001,
        115589.62000000001,
        116743.88,
        151501.46,
        293363.84,
        258645.07,
        365138.2,
        329785.95,
        365458.99,
        365182.02,
        293296.43,
        364999.05,
        402021.11,
        364819.1,
        366681.17,
        437346.51,
        401329.69,
        401329.69
    ]
}