{
    "virtual_best": 3337.43,
    "single_best": 403074.24,
    "passive_learning": 113470.84000000001,
    "active_learning": [
        186753.97,
        113983.74,
        184803.73,
        41811.689999999995,
        77789.99,
        114457.16,
        149806.97,
        77845.56,
        113847.70000000001,
        77691.79000000001,
        113539.06,
        77412.83,
        113553.03,
        113397.62000000001,
        149437.18,
        113661.84000000001,
        113590.11,
        185837.93,
        113244.48000000001,
        185165.12,
        185633.04
    ]
}