{
    "virtual_best": 2633.53,
    "single_best": 182306.27,
    "passive_learning": 3063.57,
    "active_learning": [
        146796.13,
        182432.66,
        146372.45,
        145390.7,
        145092.28,
        73271.9,
        108993.31,
        110571.34,
        74572.73,
        38597.92,
        38598.56,
        38728.56,
        38728.549999999996,
        38728.74,
        38728.69,
        38728.58,
        2895.4300000000003,
        2910.48,
        2902.1600000000003,
        2900.52,
        2900.57,
        38650.049999999996,
        38657.93,
        2900.6600000000003,
        2900.3700000000003,
        2955.51,
        3055.2000000000003,
        3050.3100000000004,
        38825.71,
        3050.21,
        3059.2900000000004
    ]
}