{
    "virtual_best": 9016.51,
    "single_best": 149343.91,
    "passive_learning": 294933.39,
    "active_learning": [
        254029.26,
        253972.99,
        253972.99,
        253967.01,
        254025.17,
        221447.02000000002,
        223093.51,
        185764.75,
        218802.06,
        218748.39,
        185735.82,
        185682.16,
        221733.75,
        294286.92,
        294286.81,
        294239.0,
        258639.95,
        331179.89,
        295178.33999999997,
        260093.35,
        260022.63,
        260049.9,
        331148.8,
        331053.21,
        294949.33,
        294971.87,
        330970.68,
        330970.68,
        295031.23,
        294972.22,
        261940.65,
        262006.74,
        294905.92,
        294875.39999999997,
        294876.89,
        292451.64,
        292400.93,
        292400.93,
        292399.86,
        294959.97,
        294959.97,
        294959.97,
        294967.05,
        294967.05,
        294967.05,
        294960.32,
        294856.66,
        294863.49,
        294863.49,
        294847.55,
        294847.55,
        294847.55,
        294847.55,
        294847.55,
        294847.55,
        294847.55,
        294847.55,
        294847.55,
        294847.55,
        294847.55,
        294847.55,
        294847.55,
        295004.06,
        330762.23,
        294942.51,
        294940.89,
        294918.06,
        294932.87,
        294946.72,
        294907.8,
        294928.74
    ]
}