{
    "virtual_best": 6344.47,
    "single_best": 116501.88,
    "passive_learning": 144021.59,
    "active_learning": [
        144686.97,
        144686.46,
        144927.41,
        145253.51,
        146413.91,
        144979.63999999998,
        144946.31,
        144948.21,
        145530.66,
        145530.66,
        145530.66,
        145884.27,
        180029.4,
        217113.54,
        181111.89,
        217115.72,
        181123.86000000002,
        216042.46,
        216128.28,
        183072.75,
        183119.24,
        147068.6,
        145521.27,
        180117.96,
        180114.72,
        145196.49,
        180114.71,
        180114.71,
        180063.12,
        180110.01,
        179883.88,
        180111.85,
        180110.03,
        179994.2,
        179982.23,
        179994.71,
        179994.71,
        179994.71,
        179987.54,
        179987.54,
        179987.54,
        179987.54,
        179987.54,
        179987.54,
        179987.54,
        179987.54,
        179990.75,
        179987.54,
        179987.54,
        179987.54,
        179987.54,
        179987.54,
        179987.54,
        179987.54,
        179987.54,
        179987.54,
        179987.54,
        179987.54,
        179987.54,
        179987.54,
        179987.54,
        179987.54,
        179759.45,
        179758.44,
        180663.28,
        180708.69,
        179782.07,
        179759.56,
        179758.82,
        179762.03,
        179762.03
    ]
}