{
    "virtual_best": 6670.74,
    "single_best": 7414.46,
    "passive_learning": 189858.71,
    "active_learning": [
        371616.19,
        48581.149999999994,
        119107.72,
        10694.34,
        10694.34,
        46068.79,
        225273.84,
        153610.79,
        225273.84,
        189382.13,
        225273.79,
        7448.950000000001,
        7451.27,
        7451.740000000001,
        7451.72,
        7528.17,
        7451.29,
        7473.870000000001,
        7448.950000000001,
        7448.950000000001,
        7448.950000000001,
        7448.950000000001,
        7448.950000000001,
        7448.950000000001,
        7451.950000000001,
        7451.950000000001,
        7451.29,
        7451.29,
        7451.740000000001,
        7451.740000000001,
        7451.740000000001,
        7451.740000000001,
        7451.29,
        7451.29,
        7451.29,
        7451.29,
        7451.29,
        7451.29,
        7451.29,
        7451.29,
        7451.29,
        7451.29,
        7451.29,
        7451.29,
        7451.29,
        7451.29,
        7451.29,
        7473.870000000001,
        7517.1900000000005,
        225756.2,
        8198.09,
        7906.77,
        7546.320000000001,
        7594.71,
        7511.4400000000005,
        43577.689999999995,
        440403.91,
        187474.88,
        405095.98,
        331308.1,
        331308.1
    ]
}