{
    "virtual_best": 7275.83,
    "single_best": 189089.78,
    "passive_learning": 44230.21,
    "active_learning": [
        186749.78,
        148241.21,
        113913.52,
        112685.79,
        112685.67,
        112685.27,
        184031.65,
        112672.33,
        184018.69,
        185638.38999999998,
        183880.21,
        146803.86,
        146780.21,
        146810.35,
        111915.48999999999,
        77956.27,
        77957.97,
        77957.97,
        7536.700000000001,
        7536.700000000001,
        76048.77,
        76048.77,
        42090.92,
        42097.329999999994,
        42088.14,
        42088.14,
        42097.329999999994,
        42088.2,
        42096.99,
        42087.45,
        42087.45,
        42087.45,
        42087.45,
        42087.45,
        42097.009999999995,
        42097.009999999995,
        42097.009999999995,
        42087.45,
        42087.13,
        42087.45,
        42087.45,
        42087.45,
        42087.45,
        42087.45,
        42087.45,
        42087.45,
        42087.45,
        7542.97,
        7563.81,
        43457.299999999996,
        41520.0,
        8312.939999999999,
        41502.39,
        7608.51,
        7540.92,
        43411.28,
        79984.83,
        43379.49,
        80009.36,
        80006.29,
        80006.29
    ]
}