{
    "virtual_best": 2292.96,
    "single_best": 401966.04,
    "passive_learning": 112193.84999999999,
    "active_learning": [
        435712.28,
        363668.35000000003,
        363445.03,
        327558.23000000004,
        291351.16000000003,
        218994.1,
        147180.16,
        147680.22999999998,
        76248.23,
        111693.95999999999,
        147562.31,
        147819.86,
        183524.97,
        147600.15,
        147826.15,
        111944.86,
        147858.69,
        112574.84999999999,
        112111.62,
        76108.65999999999,
        111662.90999999999,
        76249.47,
        111708.14,
        111823.09,
        112221.51,
        112221.51,
        111951.72,
        111997.73999999999,
        112009.62999999999,
        112009.62999999999,
        112009.62999999999,
        112025.34999999999,
        112025.34999999999,
        112025.34999999999,
        112025.34999999999,
        112025.34999999999,
        112025.34999999999,
        112025.34999999999,
        112025.34999999999,
        112025.34999999999,
        112025.34999999999,
        112025.34999999999,
        112296.98999999999,
        112296.98999999999,
        112296.98999999999,
        112296.98999999999,
        112296.98999999999,
        112238.59999999999,
        112238.59999999999,
        112238.59999999999,
        112334.68999999999,
        112334.68999999999,
        112334.68999999999,
        112334.68999999999,
        112334.68999999999,
        112334.68999999999,
        112334.68999999999,
        112334.68999999999,
        112334.68999999999,
        112334.68999999999,
        112334.68999999999,
        112334.68999999999,
        112334.68999999999,
        112334.68999999999
    ]
}