{
    "virtual_best": 2652.88,
    "single_best": 223430.75,
    "passive_learning": 258347.03,
    "active_learning": [
        447744.59,
        520490.22000000003,
        735237.65,
        517344.44,
        405581.43000000005,
        404118.53,
        366780.65,
        402880.73000000004,
        79739.5,
        186975.58,
        152011.50999999998,
        115453.93999999999,
        116190.95,
        258526.91,
        330307.4,
        294279.95,
        329944.37,
        293847.58,
        330460.57,
        330424.2,
        366141.34,
        222619.47,
        222436.44999999998,
        293858.21,
        366346.80000000005,
        330358.12,
        258495.22999999998,
        294246.48000000004,
        365505.83,
        329495.39,
        329542.89,
        329552.23000000004,
        365609.81,
        329552.23000000004,
        365935.89,
        258304.96,
        365935.89,
        401946.32,
        365935.89,
        365935.89,
        330086.69,
        365935.89,
        401518.04000000004,
        365583.15,
        401489.69,
        365575.01,
        401518.04000000004,
        365474.42000000004,
        329557.83,
        329771.98000000004,
        401770.81,
        365854.21,
        365854.21,
        329911.17000000004,
        330251.63,
        401770.81,
        365854.21,
        365854.21,
        365854.21,
        401770.81,
        401770.81,
        365854.21,
        365854.21,
        365854.21
    ]
}