{
    "virtual_best": 3962.66,
    "single_best": 435910.28,
    "passive_learning": 75816.22,
    "active_learning": [
        291084.59,
        325369.11000000004,
        182150.47,
        217928.27,
        181933.86,
        110017.81,
        110471.01,
        110022.11,
        74339.72,
        109701.93000000001,
        73792.7,
        38136.72,
        38135.12,
        74118.78,
        110026.72,
        109698.75,
        109774.3,
        109698.24,
        75757.44,
        111721.98,
        75737.97,
        75737.95,
        75737.95,
        75737.96,
        111722.19,
        75738.18000000001,
        75738.18000000001,
        75737.97,
        75738.19,
        75737.89,
        75738.18000000001,
        111721.90000000001,
        75737.89,
        75738.18000000001,
        75738.18000000001,
        75738.48,
        75738.48,
        111722.21,
        75738.48,
        111722.49,
        75738.48,
        111722.49,
        75738.48,
        75738.18000000001,
        75738.1,
        75738.12,
        75738.1,
        75738.1,
        75738.17,
        75738.19,
        75738.27,
        75738.38,
        75816.52,
        75816.5,
        75816.26,
        75816.2,
        75816.22,
        75816.22,
        75816.22
    ]
}