{
    "virtual_best": 7598.93,
    "single_best": 149946.41,
    "passive_learning": 181463.88,
    "active_learning": [
        214915.31,
        214990.91999999998,
        250981.11,
        251057.15999999997,
        216519.93,
        216823.47999999998,
        179673.7,
        179975.18,
        179062.27999999997,
        179031.95,
        215033.06,
        178730.46999999997,
        178729.84000000003,
        214722.99,
        215024.46999999997,
        215132.93,
        214693.96999999997,
        214716.46999999997,
        214716.46999999997,
        215071.31,
        214744.13,
        214428.32,
        214390.99,
        214390.56,
        214446.64,
        178842.74,
        178842.74,
        178842.74,
        178842.74,
        178842.74,
        178843.25,
        178843.25,
        178807.41999999998,
        178844.24,
        178844.24,
        178858.57,
        178858.57,
        178858.06,
        178858.06,
        178858.06,
        178858.06,
        178898.81,
        178899.81,
        179745.37,
        179745.37,
        179745.37,
        179745.37,
        179745.37,
        179745.37,
        179745.37,
        179745.37,
        179709.53999999998,
        179709.53999999998,
        179709.53999999998,
        179709.53999999998,
        179709.53999999998,
        179709.53999999998,
        214898.84000000003,
        178892.7,
        178895.0,
        215743.96000000002,
        178895.0,
        214865.83000000002,
        215292.18,
        214441.40000000002,
        214436.84999999998,
        214438.16999999998,
        214438.16999999998
    ]
}