{
    "virtual_best": 8636.23,
    "single_best": 77948.0,
    "passive_learning": 257875.55,
    "active_learning": [
        185278.76,
        185457.63,
        224040.01,
        221449.12,
        258983.27999999997,
        219364.08000000002,
        219438.15000000002,
        219444.39,
        252569.66999999998,
        184304.58000000002,
        184304.58000000002,
        219690.28999999998,
        183978.08000000002,
        252608.06,
        252586.66999999998,
        216346.37,
        216303.21999999997,
        215982.03999999998,
        216029.40000000002,
        216084.24,
        216153.66999999998,
        216870.09999999998,
        180606.84000000003,
        180570.90000000002,
        217224.84000000003,
        253036.12,
        253439.91999999998,
        253118.39,
        253166.27999999997,
        253523.40000000002,
        253201.87,
        181505.41999999998,
        181505.41999999998,
        181135.99,
        181135.99,
        181490.97999999998,
        181095.75,
        181490.97999999998,
        181088.83000000002,
        181088.83000000002,
        181087.18,
        181537.75,
        181537.75,
        181216.21999999997,
        181216.21999999997,
        181216.21999999997,
        181216.21999999997,
        181216.21999999997,
        181216.21999999997,
        181216.21999999997,
        181215.69,
        181168.33000000002,
        181168.33000000002,
        181168.33000000002,
        181168.33000000002,
        181168.33000000002,
        181168.33000000002,
        184993.69,
        220541.84000000003,
        253114.02999999997,
        253114.02999999997,
        253118.59000000003,
        255843.11,
        255465.87,
        255434.15000000002,
        258172.7,
        258176.74,
        257895.46999999997
    ]
}