{
    "virtual_best": 2218.03,
    "single_best": 400924.3,
    "passive_learning": 148505.44999999998,
    "active_learning": [
        329023.77,
        256611.38,
        256966.94999999998,
        78975.15999999999,
        42433.130000000005,
        78555.73999999999,
        112709.67,
        41393.68,
        112989.01,
        41296.8,
        112939.69,
        148546.72,
        113067.62999999999,
        148626.38999999998,
        148077.74,
        148483.6,
        148140.46,
        148483.96,
        148570.34,
        148463.16
    ]
}