{
    "virtual_best": 2767.33,
    "single_best": 223496.11,
    "passive_learning": 222908.62,
    "active_learning": [
        729396.74,
        259671.97999999998,
        511831.95,
        259941.56,
        330303.56,
        294606.43,
        150819.97,
        115034.61,
        223400.51,
        222366.63,
        258109.29,
        223247.13,
        258205.88999999998,
        185640.97999999998,
        403366.73,
        295216.68,
        259122.63,
        330598.77999999997,
        295492.63,
        366525.49
    ]
}