{
    "virtual_best": 2975.27,
    "single_best": 295152.86,
    "passive_learning": 473511.34,
    "active_learning": [
        689814.37,
        546234.9400000001,
        366671.39,
        401733.58,
        401470.0,
        401660.29000000004,
        365062.78,
        365273.61000000004,
        401105.63,
        401256.65,
        400732.96,
        330216.05000000005,
        365559.73000000004,
        473527.17000000004,
        401329.66000000003,
        437500.95,
        473326.08,
        438122.87,
        365933.77,
        365511.94
    ]
}