{
    "virtual_best": 3226.28,
    "single_best": 402442.65,
    "passive_learning": 113356.73000000001,
    "active_learning": [
        364742.22000000003,
        329386.34,
        328594.23000000004,
        364019.82,
        257321.91,
        328157.15,
        255881.53,
        220385.55,
        184538.0,
        149153.46,
        149449.86,
        113292.94,
        77487.07,
        112955.39,
        113508.0,
        113619.94,
        149239.31,
        114058.25,
        113379.83,
        149705.19999999998
    ]
}