{
    "virtual_best": 3083.72,
    "single_best": 232469.72,
    "passive_learning": 473634.23000000004,
    "active_learning": [
        295189.11000000004,
        294997.16000000003,
        332443.48000000004,
        330894.10000000003,
        296630.98000000004,
        509652.42000000004,
        367897.61000000004,
        295360.69,
        402417.2,
        366653.08,
        474679.52,
        473553.35000000003,
        473774.18000000005,
        402185.57,
        438840.79000000004,
        401981.2,
        509551.28,
        401820.7,
        403061.08,
        437345.73000000004,
        473102.42000000004,
        508878.66000000003,
        508871.10000000003,
        473184.9,
        473397.87,
        474077.18000000005,
        474048.94,
        474078.9,
        473519.35000000003,
        473519.35000000003,
        473523.28,
        473523.28,
        473528.16000000003,
        473523.28,
        473530.85000000003,
        474503.13,
        438286.85000000003,
        474263.32,
        509679.04000000004,
        509909.96,
        509930.64,
        509930.64,
        509930.64,
        545843.89,
        509930.64,
        474179.04000000004,
        509695.05000000005,
        472839.26,
        472839.26,
        472869.23000000004,
        472839.26,
        472846.83,
        472839.26,
        472839.26,
        473371.22000000003,
        473128.57,
        473128.57,
        473485.54000000004,
        473128.57,
        508792.55000000005
    ]
}