{
    "virtual_best": 1166.97,
    "single_best": 221114.79,
    "passive_learning": 147351.41999999998,
    "active_learning": [
        112292.86,
        184357.91,
        149445.43,
        149110.03,
        111902.32999999999,
        111331.82999999999,
        147550.13999999998,
        76176.62999999999,
        76261.26999999999,
        183465.25,
        75732.48,
        75328.98,
        75761.45999999999,
        75772.56,
        75894.59999999999,
        111473.87,
        75773.32999999999,
        111350.56999999999,
        111412.12999999999,
        111782.95,
        111705.95,
        111330.87,
        111330.87,
        111204.84,
        183650.71,
        147466.74,
        147466.74,
        147466.74,
        111174.0,
        111174.0,
        111154.39,
        111154.39,
        111154.39,
        111154.39,
        111154.39,
        111091.11,
        111091.11,
        111059.26999999999,
        147046.47,
        147046.47,
        147046.47,
        147046.47,
        147046.47,
        147046.47,
        147046.47,
        147046.47,
        147355.00999999998,
        111704.37999999999,
        111704.37999999999,
        111704.37999999999,
        111704.37999999999,
        111704.37999999999,
        111704.37999999999,
        111704.37999999999,
        111755.5,
        111755.5,
        111755.5,
        111755.5,
        111755.5,
        111878.79999999999
    ]
}