{
    "virtual_best": 9758.6,
    "single_best": 149361.72,
    "passive_learning": 328327.06,
    "active_learning": [
        216248.11,
        360111.52,
        360091.53,
        216200.66999999998,
        324782.93,
        324786.84,
        291513.43,
        291232.52,
        291287.36,
        328841.69,
        364372.31,
        328171.82,
        328729.18,
        329438.2,
        328712.43,
        328782.79000000004,
        364826.32,
        364685.53,
        292704.12,
        364731.93,
        328712.60000000003,
        328630.88,
        328373.41000000003,
        328369.48000000004,
        292383.28,
        328367.27,
        292382.0,
        328367.39,
        328367.39
    ]
}