{
    "virtual_best": 4361.14,
    "single_best": 6565.1,
    "passive_learning": 109948.68000000001,
    "active_learning": [
        146063.21000000002,
        110420.95,
        146124.46000000002,
        146212.72999999998,
        110461.56,
        110442.76,
        110463.68000000001,
        110538.05,
        74529.95999999999,
        107562.63,
        110459.18000000001,
        74408.75,
        74409.38,
        74294.37,
        74229.82,
        74298.9,
        74305.22,
        74191.56,
        74215.5,
        74206.42,
        74191.38,
        74189.92,
        74183.79000000001,
        74163.82,
        109847.28,
        109944.64,
        109934.46,
        109915.42,
        109915.42
    ]
}