{
    "virtual_best": 2814.32,
    "single_best": 254261.24,
    "passive_learning": 3239.73,
    "active_learning": [
        111834.68,
        182237.84,
        110242.81,
        110247.06,
        38341.090000000004,
        38324.57,
        38344.14000000001,
        38361.64000000001,
        38343.200000000004,
        74391.95999999999,
        74393.01999999999,
        110390.95,
        3140.86,
        38336.01,
        74101.72,
        74101.81999999999,
        110099.73,
        74338.98,
        74332.73999999999,
        3181.37,
        3145.92,
        3155.63,
        3144.81,
        3175.28,
        38905.420000000006,
        3192.78,
        3192.78,
        3157.28,
        3192.54,
        3192.54,
        3192.54,
        3158.22,
        3192.54,
        3192.54,
        3192.54,
        3157.28,
        3157.04,
        3157.04,
        3157.04,
        3157.04,
        3157.04,
        3157.04,
        3157.04,
        3157.04,
        3157.04,
        3157.04,
        3157.04,
        3157.04,
        3157.04,
        3157.04,
        3157.04,
        3157.04,
        3153.3,
        3135.4900000000002,
        3153.04,
        3135.31,
        3135.55,
        3153.28,
        3153.28,
        3153.04,
        3180.62,
        3144.95,
        3144.95,
        3144.95
    ]
}