{
    "virtual_best": 7431.93,
    "single_best": 8200.22,
    "passive_learning": 43918.12,
    "active_learning": [
        8422.55,
        8303.689999999999,
        8294.14,
        8342.85,
        8342.83,
        8301.55,
        8303.689999999999,
        8294.119999999999,
        8294.449999999999,
        225292.12000000002,
        223420.47,
        223420.42,
        8239.859999999999,
        8296.74,
        80322.12,
        80322.12,
        80338.84999999999,
        8314.8,
        8313.47,
        8292.199999999999,
        8337.65,
        8349.289999999999,
        8326.439999999999,
        8296.74,
        80344.25,
        8296.74,
        8296.74,
        8296.74,
        8296.74,
        8296.74,
        8296.74,
        8296.74,
        8319.32,
        8296.74,
        8296.74,
        8334.82,
        8334.82,
        8334.82,
        8334.82,
        8334.82,
        8334.82,
        8334.82,
        8334.82,
        8334.82,
        8334.82,
        8334.82,
        8334.82,
        8334.82,
        8334.82,
        8334.82,
        8334.82,
        8334.82,
        8291.01,
        8291.01,
        8255.55,
        8234.13,
        8255.55,
        8154.7699999999995,
        153697.0,
        8154.79,
        117790.73999999999,
        117790.72,
        117790.72,
        117790.72
    ]
}