{
    "virtual_best": 2832.25,
    "single_best": 223075.33,
    "passive_learning": 293170.29,
    "active_learning": [
        366628.72,
        365856.54,
        438811.77,
        366535.94,
        329627.89,
        329177.94,
        365527.67,
        293786.27,
        293591.38,
        222077.61,
        222291.74,
        293939.02,
        150907.06,
        78932.10999999999,
        150555.03,
        150524.41,
        186602.12,
        222579.44999999998,
        150211.09,
        150598.22,
        221932.13999999998,
        150745.03999999998,
        185865.65,
        186410.74,
        186159.59,
        186081.46,
        222074.65,
        185479.22,
        186391.16999999998,
        329976.27,
        329997.63,
        329997.63,
        329997.63,
        329997.63,
        329997.63,
        329997.63,
        329997.63,
        329997.63,
        329997.63,
        329997.63,
        329997.63,
        329997.63,
        329997.63,
        329997.63,
        329997.63,
        329997.63,
        329997.63,
        329997.63,
        329997.63,
        329997.63,
        329997.63,
        329997.63,
        330354.06,
        294158.36,
        329216.35,
        329919.58999999997,
        329886.21
    ]
}