{
    "virtual_best": 3033.36,
    "single_best": 329218.19,
    "passive_learning": 76919.96999999999,
    "active_learning": [
        582653.02,
        436683.57,
        508454.31,
        400851.94,
        400397.05,
        291701.79,
        220361.63,
        149559.61,
        149716.09,
        149967.49,
        150194.37,
        185413.3,
        113271.01,
        150490.19,
        113629.65,
        113933.23,
        113166.34,
        77683.75,
        150210.09,
        112846.42,
        149027.63,
        148947.53999999998,
        112948.32999999999,
        149323.24,
        113196.70999999999,
        149742.5,
        113338.12999999999,
        113861.51,
        149552.94,
        149550.62,
        149550.62,
        149550.62,
        149550.62,
        149550.62,
        149550.62,
        149550.62,
        149550.62,
        149550.62,
        149550.62,
        149550.62,
        149550.62,
        149550.62,
        149550.62,
        149550.62,
        149550.62,
        149550.62,
        149550.62,
        149550.62,
        149550.62,
        149550.62,
        149550.62,
        149550.62,
        112740.45999999999,
        112856.60999999999,
        148824.93,
        112910.95,
        112913.64
    ]
}