{
    "virtual_best": 6753.47,
    "single_best": 7372.73,
    "passive_learning": 7361.530000000001,
    "active_learning": [
        441654.11,
        7407.49,
        7407.49,
        7407.49,
        7407.42,
        7407.4400000000005,
        7407.49,
        7407.49,
        7407.4400000000005,
        7407.49,
        7407.49,
        7407.42,
        7407.42,
        7407.42,
        7409.76,
        7409.76,
        7409.76,
        7409.76,
        7407.42,
        7409.76,
        7409.45,
        7361.55,
        115155.08,
        7382.97,
        7361.55,
        7363.89,
        78865.97,
        186945.99000000002,
        186926.91,
        114901.53,
        114901.53,
        114901.53,
        7361.55,
        114920.59,
        114920.61,
        114920.59
    ]
}