{
    "virtual_best": 4583.8,
    "single_best": 259860.46,
    "passive_learning": 40990.46,
    "active_learning": [
        147585.59,
        75717.95999999999,
        75720.2,
        111705.51,
        75708.95999999999,
        75716.62999999999,
        75020.43999999999,
        75016.7,
        38976.770000000004,
        74972.67,
        42663.9,
        6721.67,
        42663.920000000006,
        40956.86,
        40956.85,
        40978.75,
        40956.94,
        40957.54,
        4987.99,
        4988.06,
        40930.35,
        40925.58,
        40925.82,
        40925.740000000005,
        40925.990000000005,
        40947.23,
        76714.61,
        76761.45,
        76693.26999999999,
        76714.92,
        76693.34999999999,
        76693.34999999999,
        40925.73,
        76693.34999999999,
        76693.43999999999,
        76693.43999999999
    ]
}