{
    "virtual_best": 3093.47,
    "single_best": 291482.39,
    "passive_learning": 38368.19,
    "active_learning": [
        111241.78000000001,
        111059.36,
        147042.27000000002,
        146407.63,
        147081.85,
        147234.06,
        111258.70000000001,
        147060.94,
        183122.23,
        147090.18,
        183065.61000000002,
        146769.33000000002,
        146794.32,
        182573.4,
        110575.81000000001,
        110589.86,
        110589.95000000001,
        110589.87000000001,
        110589.95000000001,
        110579.5,
        110579.51000000001,
        110579.51000000001,
        110579.51000000001,
        110579.51000000001,
        110579.51000000001,
        110579.51000000001,
        110579.51000000001,
        110579.51000000001,
        110579.51000000001,
        110579.51000000001,
        110579.51000000001,
        110579.51000000001,
        110579.51000000001,
        110579.51000000001,
        110579.51000000001,
        110579.51000000001,
        110579.51000000001,
        110579.51000000001,
        110579.51000000001,
        110579.51000000001,
        110579.51000000001,
        146329.80000000002,
        146329.80000000002,
        38397.75,
        74395.58,
        74398.69,
        74394.87000000001,
        38397.15,
        74395.09000000001,
        38491.159999999996,
        38374.8,
        38374.47,
        38367.64,
        38368.19,
        74365.91,
        38374.8,
        38368.19,
        38368.19,
        74372.25,
        74372.25,
        38374.53
    ]
}