{
    "virtual_best": 7512.69,
    "single_best": 8209.02,
    "passive_learning": 8388.68,
    "active_learning": [
        297445.92,
        297411.57,
        297412.24,
        297435.44,
        297412.24,
        297471.61,
        297409.9,
        297409.9,
        297412.24,
        297412.24,
        297412.24,
        297412.24,
        297412.24,
        297412.24,
        297412.24,
        297412.24,
        297412.24,
        297412.24,
        297412.24,
        297409.9,
        297412.24,
        297412.24,
        297412.24,
        297412.24,
        297412.24,
        297412.24,
        297412.24,
        297412.24,
        297412.24,
        297412.24,
        297412.24,
        297412.24,
        297412.24,
        297412.24,
        297412.24,
        297412.24,
        297412.24,
        297412.24,
        297412.24,
        297412.24,
        297412.24,
        8241.0,
        8241.0,
        8243.34,
        8241.0,
        8241.0,
        8241.0,
        8275.24,
        8241.039999999999,
        8462.64,
        8410.81,
        8413.15,
        8413.17,
        8413.15,
        8413.15,
        8390.57,
        79967.82,
        8412.699999999999,
        8388.23,
        8422.47,
        8410.81
    ]
}