{
    "virtual_best": 2935.52,
    "single_best": 364268.64,
    "passive_learning": 148482.27,
    "active_learning": [
        364871.47,
        365083.36,
        185071.13999999998,
        219648.44999999998,
        112351.28,
        219549.78999999998,
        148253.84999999998,
        147893.18,
        184359.36,
        183817.78999999998,
        183761.21,
        184033.18999999997,
        184172.91999999998,
        184372.13999999998,
        184331.94999999998,
        184005.06999999998,
        183627.94999999998,
        219927.34999999998,
        184084.12999999998,
        148455.13999999998,
        148457.34999999998
    ]
}