{
    "virtual_best": 2909.69,
    "single_best": 233774.07,
    "passive_learning": 293824.48,
    "active_learning": [
        765682.16,
        512034.08999999997,
        154224.33,
        187892.97999999998,
        45423.270000000004,
        403487.45,
        366868.06,
        223676.34999999998,
        258739.96,
        258909.50999999998,
        223986.34,
        331029.1,
        222302.37,
        294888.04,
        258068.4,
        294908.38,
        402435.35,
        293740.8,
        294102.39999999997,
        330766.87,
        294357.76999999996
    ]
}