{
    "virtual_best": 3449.81,
    "single_best": 292973.49,
    "passive_learning": 147527.38999999998,
    "active_learning": [
        255710.37,
        148350.41999999998,
        219948.18,
        112151.33,
        147806.33,
        75807.76999999999,
        111633.8,
        112090.42,
        112084.31,
        112084.31,
        75985.81999999999,
        76077.19,
        112055.91,
        75638.08,
        75641.29,
        75641.12999999999,
        111634.67,
        111668.15,
        111666.76999999999,
        111637.87999999999,
        111639.26,
        111637.87999999999,
        111639.26,
        111634.67,
        111668.15,
        111639.26,
        76361.41,
        76363.75,
        76217.62,
        76225.92,
        76225.92,
        76225.92,
        76225.92,
        76225.92,
        76225.92,
        76225.92,
        76225.92,
        76225.92,
        76225.92,
        76225.92,
        76225.92,
        76225.92,
        76225.92,
        76225.92,
        76225.92,
        76225.92,
        76225.92,
        76225.92,
        76225.92,
        39665.10999999999,
        39660.03,
        39659.95,
        39659.95,
        39602.799999999996,
        39606.009999999995,
        182939.01,
        182917.34,
        147421.97,
        147421.01,
        111131.31999999999,
        75365.51,
        40013.35999999999,
        75367.84999999999,
        39607.409999999996,
        111650.61,
        111650.61
    ]
}