{
    "virtual_best": 7174.65,
    "single_best": 7918.37,
    "passive_learning": 370086.98000000004,
    "active_learning": [
        623740.2,
        190827.4,
        370404.23000000004,
        190543.69999999998,
        443886.06,
        46520.13,
        261309.06,
        261404.43,
        261326.5,
        261314.86,
        261326.5,
        261369.16,
        261292.28,
        261292.35,
        261292.28,
        261292.28,
        261314.41,
        261266.4,
        261254.76,
        261292.28,
        261292.28,
        261292.28,
        261292.28,
        261292.28,
        261232.18,
        261292.28,
        261292.28,
        261292.28,
        261266.4,
        261513.75,
        261478.33,
        261478.33,
        261478.33,
        261478.33,
        261478.33,
        261478.33,
        261478.33,
        261478.33,
        261478.33,
        261478.33,
        261478.33,
        261478.33,
        261478.33,
        261478.33,
        261478.33,
        261478.33,
        261478.33,
        261478.33,
        261478.33,
        8148.76,
        8171.360000000001,
        8113.34,
        8113.34,
        8147.58,
        8171.360000000001,
        370282.56,
        370272.83,
        370358.88,
        370234.36000000004,
        187665.94999999998,
        115593.87999999999,
        190620.25,
        115640.56999999999,
        8001.31,
        298208.96,
        298208.96
    ]
}