{
    "virtual_best": 6303.28,
    "single_best": 74734.52,
    "passive_learning": 179051.86000000002,
    "active_learning": [
        107519.82999999999,
        143121.31,
        142573.13,
        106891.45000000001,
        35292.79,
        107596.93,
        71592.09,
        34742.57,
        34741.56,
        34707.74,
        34482.39,
        34467.36,
        34482.36,
        34473.119999999995,
        70123.51000000001,
        34121.799999999996,
        34187.93,
        34588.99,
        71437.29999999999,
        35441.09,
        35026.68,
        34978.78,
        34978.759999999995,
        34978.759999999995,
        34978.759999999995,
        34978.759999999995,
        34126.689999999995,
        70962.56,
        34966.33,
        34967.049999999996,
        34966.35,
        34966.33,
        34966.33,
        35243.57,
        35243.57,
        35343.35,
        35343.369999999995,
        71321.95,
        71334.34,
        70925.06,
        106916.59,
        71279.51999999999,
        106917.17000000001,
        106917.17000000001,
        70954.42,
        106924.41,
        106924.41,
        106911.4,
        106911.4,
        106911.4,
        106911.4,
        70952.79999999999,
        70954.48999999999,
        70954.48999999999,
        70952.14,
        106920.95999999999,
        106920.98000000001,
        106920.98000000001,
        106920.98000000001,
        107338.79000000001,
        107338.82,
        107126.43,
        107228.73000000001,
        143125.87,
        143055.62,
        143055.62
    ]
}