{
    "virtual_best": 8926.26,
    "single_best": 149234.86,
    "passive_learning": 293699.87,
    "active_learning": [
        186182.09,
        186146.48,
        185954.44,
        184329.63,
        254632.6,
        184506.65,
        185473.89,
        184537.23,
        257263.37,
        257244.22,
        257072.05000000002,
        257048.08000000002,
        257207.56,
        257278.28,
        257242.69,
        257445.37,
        257696.97,
        257220.30000000002,
        220227.99000000002,
        184486.62,
        221266.95,
        185691.95,
        185691.95,
        257668.94,
        329901.35,
        329936.94,
        329653.32999999996,
        220944.75,
        293646.56,
        293664.14999999997,
        293676.07,
        220928.69,
        220928.69,
        329639.44,
        329639.44,
        329639.44,
        329639.44,
        329628.69999999995,
        329629.67,
        329638.56,
        329629.67,
        329648.63,
        293664.29,
        257701.78,
        329669.07999999996,
        329650.57999999996,
        329650.57999999996,
        329650.57999999996,
        329650.57999999996,
        329650.57999999996,
        329650.57999999996,
        329650.57999999996,
        293666.6,
        293666.6,
        296641.79,
        296641.79,
        296671.88,
        296671.88,
        296671.88,
        329651.91,
        256925.01,
        256956.45,
        256925.98,
        223915.25,
        296642.16,
        296642.16
    ]
}