{
    "virtual_best": 5795.08,
    "single_best": 41374.15,
    "passive_learning": 107757.19,
    "active_learning": [
        74483.13,
        74193.67,
        74287.01999999999,
        40392.55,
        40388.3,
        109252.73999999999,
        143068.44,
        108827.31,
        108410.66,
        144415.78,
        107889.28,
        143671.65,
        108179.75,
        73244.5,
        73246.95,
        72223.75,
        107764.60999999999,
        109253.73000000001,
        109250.32999999999,
        107760.79000000001,
        108230.37,
        107765.0,
        107765.18,
        107757.18,
        107757.0,
        107753.73999999999,
        107757.0,
        107752.91,
        107755.54000000001,
        107755.54000000001
    ]
}