{
    "virtual_best": 10340.85,
    "single_best": 149956.17,
    "passive_learning": 366143.48,
    "active_learning": [
        297214.14,
        222533.68,
        252279.55,
        219137.93,
        147339.58,
        256974.38999999998,
        327923.37,
        361708.77,
        292749.43,
        148048.97,
        219951.69,
        223274.97999999998,
        257343.72999999998,
        256444.28,
        256809.37,
        291771.48,
        291808.07,
        327380.74,
        363389.51,
        327408.5,
        327355.69,
        327334.12,
        327365.46,
        365772.85,
        365741.74,
        330201.93,
        366085.94,
        365742.27,
        366051.37,
        366051.37
    ]
}