{
    "virtual_best": 8622.45,
    "single_best": 113812.44,
    "passive_learning": 250011.72,
    "active_learning": [
        575604.14,
        611577.0,
        611589.62,
        611642.0399999999,
        360504.5,
        288172.88,
        359805.89999999997,
        360006.93,
        359966.17,
        256177.38,
        470650.13999999996,
        468684.99,
        399788.43,
        363742.27999999997,
        255706.92,
        291742.31,
        289331.58,
        249343.34,
        253349.17,
        180972.97,
        285952.31,
        249931.5,
        249883.87,
        249886.48,
        213168.07,
        252468.67,
        252373.59,
        252367.92,
        252349.97
    ]
}