{
    "virtual_best": 8670.58,
    "single_best": 41362.22,
    "passive_learning": 139393.72,
    "active_learning": [
        146140.81,
        179030.71,
        178908.2,
        178807.6,
        146323.12,
        110433.81,
        145708.5,
        146487.28,
        146404.93,
        145665.2,
        145569.82,
        145660.01,
        109656.63,
        109654.17000000001,
        107561.01000000001,
        107561.01000000001,
        140569.8,
        140569.8,
        107571.19,
        140577.36,
        107550.79999999999,
        140559.59,
        140564.16,
        139768.09,
        103433.29000000001,
        139382.93,
        139864.93,
        139869.01,
        139393.11
    ]
}