{
    "virtual_best": 6491.01,
    "single_best": 40365.96,
    "passive_learning": 71610.04999999999,
    "active_learning": [
        147907.45,
        218677.1,
        217117.94,
        182506.62,
        183539.56,
        145619.46,
        144442.28,
        146300.2,
        143302.24,
        107335.34999999999,
        143320.13,
        143769.36,
        144388.37,
        108096.81,
        108102.98999999999,
        108216.17,
        108510.13,
        72514.56,
        71777.76999999999,
        107781.3,
        71779.5,
        71461.26999999999,
        106714.39,
        106725.92,
        106726.94,
        106725.92,
        70722.39,
        70722.39,
        70422.48,
        70717.23,
        70716.29000000001,
        70728.76,
        70716.29000000001,
        70715.26999999999,
        106719.81999999999,
        106719.81999999999,
        106719.81999999999,
        70716.29000000001,
        70716.29000000001,
        70716.29000000001,
        70716.29000000001,
        106708.28,
        106708.28,
        106708.28,
        106708.28,
        106708.28,
        106708.28,
        106708.28,
        106708.28,
        106708.28,
        106708.28,
        106708.28,
        106708.28,
        106708.28,
        106708.28,
        106708.28,
        106708.28,
        106708.28,
        106708.28,
        106708.28,
        106708.28,
        72020.84,
        72103.01999999999,
        72016.79999999999,
        71790.62,
        71654.54999999999,
        71653.42,
        71642.54999999999,
        71610.23,
        71610.23
    ]
}