{
    "virtual_best": 8987.47,
    "single_best": 149862.48,
    "passive_learning": 225216.95,
    "active_learning": [
        287742.64,
        287728.28,
        254001.2,
        254034.76,
        362823.64,
        326876.83,
        362789.08,
        326809.19,
        324005.64,
        324020.95,
        360570.75,
        328073.12,
        360558.27,
        291780.11,
        255680.28,
        291710.77,
        291702.08999999997,
        255154.4,
        291145.7,
        291693.86,
        256124.09,
        256080.48,
        255575.63999999998,
        220140.47,
        220097.08,
        222008.69,
        222009.59,
        257991.91999999998,
        222000.48,
        222008.69,
        222000.94,
        186607.57,
        222101.36,
        222101.32,
        222628.91,
        222629.38,
        222629.38,
        222079.66999999998,
        222079.66999999998,
        222079.66999999998,
        222079.66999999998,
        258071.38999999998,
        258071.38999999998,
        258071.38999999998,
        258071.38999999998,
        258071.38999999998,
        258071.38999999998,
        258071.38999999998,
        258071.38999999998,
        258071.38999999998,
        258071.38999999998,
        222079.78,
        222079.2,
        222079.2,
        258001.88999999998,
        258000.78,
        257993.25,
        293977.23,
        293985.56,
        293985.56,
        293985.56,
        258550.66,
        258541.23,
        258545.56,
        258294.08,
        294279.63,
        261271.81,
        294602.13,
        294207.35,
        294207.35
    ]
}