{
    "virtual_best": 1958.14,
    "single_best": 255466.45,
    "passive_learning": 111045.48,
    "active_learning": [
        364755.97,
        256932.93,
        148568.9,
        76787.18000000001,
        219631.87,
        183490.06999999998,
        147673.81,
        183360.81,
        147668.37999999998,
        111276.71,
        184063.06999999998,
        111387.77,
        183405.84,
        183180.71,
        148455.75999999998,
        184157.88999999998,
        183396.84999999998,
        111742.59,
        147741.62999999998,
        183352.09,
        111731.72,
        75832.21,
        148150.16999999998,
        112213.0,
        183382.68999999997,
        147732.65,
        147732.65,
        147778.68,
        147732.75999999998,
        147729.21,
        112314.04,
        111806.03,
        111806.04,
        111806.04,
        111804.78,
        147704.28999999998,
        147701.06,
        147701.06,
        147701.06,
        147701.06,
        147701.06,
        147701.06,
        147701.06,
        147701.06,
        147701.06,
        147701.06,
        147701.06,
        147701.06,
        147701.06,
        147701.06,
        147701.06,
        147701.06,
        147701.06,
        147701.06,
        147701.06,
        147701.06,
        111457.21,
        147850.87999999998,
        111981.82,
        75340.07,
        111509.25
    ]
}