{
    "virtual_best": 2898.52,
    "single_best": 259410.18,
    "passive_learning": 653889.94,
    "active_learning": [
        1563242.78,
        628329.52,
        373799.95,
        265900.42,
        512160.31,
        329934.25,
        474215.94,
        440432.47,
        474234.32999999996,
        401835.39,
        403887.81,
        583366.87,
        437602.91,
        402680.44,
        582515.67,
        476065.01,
        545404.62,
        438146.76999999996,
        544929.1,
        474382.64,
        509744.85,
        402320.23,
        402478.14999999997,
        510267.01999999996,
        545655.2,
        509426.02999999997,
        581378.1,
        581378.1,
        581352.69,
        509747.20999999996,
        582837.9299999999,
        618640.6799999999,
        618640.6799999999,
        618638.5599999999,
        546934.6799999999,
        510260.91,
        510228.95999999996,
        510240.17,
        510240.17,
        510240.17,
        510240.17,
        510240.17,
        510240.17,
        510240.17,
        510240.17,
        510240.17,
        510240.17,
        510240.17,
        510240.17,
        510240.17,
        510240.17,
        510240.17,
        510240.17,
        510240.17,
        510240.17,
        510240.17,
        508832.89,
        616816.36,
        581727.87,
        473402.26,
        546101.52
    ]
}