{
    "virtual_best": 2063.08,
    "single_best": 256446.92,
    "passive_learning": 148217.21,
    "active_learning": [
        148471.27,
        327277.95,
        112626.76,
        220790.87,
        185263.18,
        112651.23,
        76583.07,
        76057.09,
        75772.93000000001,
        39675.55,
        147872.43,
        40157.520000000004,
        111546.58,
        111759.61,
        112257.66,
        148397.61,
        112447.02,
        148198.16999999998,
        148873.06,
        148811.50999999998
    ]
}