{
    "virtual_best": 2907.08,
    "single_best": 259729.59,
    "passive_learning": 401892.26999999996,
    "active_learning": [
        332055.48,
        151653.9,
        187646.75,
        296142.04,
        153043.87999999998,
        297755.83999999997,
        223305.15,
        221665.71999999997,
        257775.25,
        438405.97,
        402021.39999999997,
        509603.98,
        402073.37,
        437366.49,
        473405.48,
        365405.97,
        365577.91,
        473763.68,
        402182.37,
        402346.6
    ]
}