{
    "virtual_best": 2989.81,
    "single_best": 223817.13,
    "passive_learning": 331158.16,
    "active_learning": [
        586847.5499999999,
        657756.24,
        369035.47000000003,
        512390.56,
        439548.85,
        80153.11,
        81072.51000000001,
        115759.65000000001,
        402557.93,
        151310.39,
        258878.54,
        258916.38,
        294518.51,
        402602.48,
        438019.07,
        473755.66,
        473866.28,
        437350.55,
        473939.97000000003,
        473642.08,
        473187.83,
        438096.28,
        473036.36,
        473361.28,
        473178.44,
        473738.81,
        473314.25,
        437420.31,
        437376.7,
        437376.7,
        437376.7,
        437376.7,
        437376.7,
        437376.7,
        437376.7,
        437376.7,
        437376.7,
        437376.7,
        437376.7,
        437376.7,
        437376.7,
        437376.7,
        437376.7,
        437376.7,
        437376.7,
        437376.7,
        437376.7,
        437376.7,
        437376.7,
        437458.98,
        474111.31,
        438584.59,
        474964.94,
        474312.47000000003
    ]
}