{
    "virtual_best": 1464.29,
    "single_best": 149917.76,
    "passive_learning": 75514.94,
    "active_learning": [
        257059.17,
        41415.24,
        40169.4,
        112220.24,
        76736.85,
        40882.77,
        40895.81,
        76349.02,
        75386.68000000001,
        74900.14000000001,
        75110.56000000001,
        74818.74,
        75023.86,
        74640.33,
        75015.42000000001,
        74978.56000000001,
        75034.81000000001,
        75142.81000000001,
        75146.04000000001,
        75142.36
    ]
}