{
    "virtual_best": 3112.14,
    "single_best": 268313.05,
    "passive_learning": 437312.11,
    "active_learning": [
        763217.4299999999,
        259844.75,
        438344.74,
        331417.93,
        115544.52,
        152446.33000000002,
        79602.94,
        187933.02000000002,
        187511.15,
        295572.60000000003,
        367698.60000000003,
        474854.04,
        366602.65,
        367078.44,
        402460.52,
        330593.69,
        402257.23,
        475299.66000000003,
        402081.54,
        403029.85000000003
    ]
}