{
    "virtual_best": 2441.09,
    "single_best": 328659.55,
    "passive_learning": 38653.24,
    "active_learning": [
        110705.53,
        75275.28,
        74990.04,
        39693.84,
        74258.51,
        182338.24,
        76465.06999999999,
        74699.0,
        74667.29,
        74684.79,
        110657.38,
        110657.38,
        110657.31,
        110656.76,
        74660.25,
        74652.4,
        38652.799999999996,
        2655.46,
        38652.78,
        74642.86,
        38644.96,
        39395.17,
        3398.03,
        3405.67,
        3405.67,
        39395.57,
        3378.28,
        39395.869999999995,
        39395.57,
        38645.38,
        38645.38,
        74642.68,
        38645.38,
        38645.38
    ]
}