{
    "virtual_best": 7233.99,
    "single_best": 8038.2,
    "passive_learning": 8223.43,
    "active_learning": [
        8417.550000000001,
        8441.400000000001,
        8405.26,
        10355.26,
        189098.92,
        226221.03,
        8284.76,
        8277.75,
        43772.82,
        8380.59,
        8468.390000000001,
        8408.34,
        8410.66,
        8333.95,
        8324.300000000001,
        8288.79,
        8288.77,
        8288.77,
        8291.11,
        8324.230000000001,
        44197.369999999995,
        226402.04,
        154196.13,
        118287.53,
        477463.16000000003,
        369610.79000000004,
        226355.35,
        226301.31,
        226402.06,
        8188.009999999999,
        8188.009999999999,
        80497.06,
        8188.0599999999995,
        8188.0599999999995
    ]
}