{
    "virtual_best": 1485.92,
    "single_best": 290775.64,
    "passive_learning": 75737.86,
    "active_learning": [
        183760.48,
        111778.85,
        111765.38,
        111743.09,
        148025.87,
        183689.95,
        73905.32,
        1922.67,
        37882.51,
        37882.97,
        1886.69,
        37884.41,
        1887.03,
        1886.9,
        37884.520000000004,
        1907.71,
        1907.22,
        1861.3600000000001,
        75731.14,
        37908.060000000005,
        1909.77,
        37921.920000000006,
        1909.88,
        1953.17,
        37922.05,
        1924.3100000000002,
        1924.3300000000002,
        1924.44,
        1902.72,
        1924.44,
        1903.4,
        1903.27,
        1903.4,
        1903.4
    ]
}