{
    "virtual_best": 7699.53,
    "single_best": 8448.33,
    "passive_learning": 189470.02,
    "active_learning": [
        694205.88,
        694210.87,
        694172.79,
        694249.38,
        694204.7000000001,
        443107.56999999995,
        262038.82,
        8669.539999999999,
        8671.81,
        45354.98,
        8673.51,
        79939.31,
        8689.48,
        8694.39,
        8672.26,
        8738.46,
        8858.61,
        8750.97,
        440446.42,
        8547.93,
        9009.16,
        259747.09,
        8648.71,
        8547.93,
        8648.69,
        8547.93,
        8648.71,
        8648.71,
        8547.91,
        8648.71,
        8648.71,
        8648.71,
        8648.71,
        8648.71
    ]
}