{
    "virtual_best": 5275.56,
    "single_best": 43478.18,
    "passive_learning": 105763.29,
    "active_learning": [
        142385.88,
        142385.88,
        142265.02000000002,
        142142.55,
        141850.37,
        141850.37,
        141927.65,
        141819.52000000002,
        141812.78999999998,
        141812.78999999998,
        142164.51,
        142155.84999999998,
        141986.25,
        142249.75,
        142151.37,
        141868.91,
        141880.39,
        141903.81,
        141869.91999999998,
        105899.42,
        141871.06,
        141852.78999999998,
        141895.97999999998,
        105899.77,
        106263.31,
        106245.93,
        141917.46,
        106253.05,
        105899.64,
        105887.93,
        105888.03,
        105899.73999999999,
        105899.73999999999,
        105899.73999999999,
        105899.73999999999,
        105899.73999999999,
        105899.73999999999,
        105899.73999999999,
        105870.83,
        105870.83,
        105870.83,
        105870.84999999999,
        105899.73999999999,
        105917.65,
        105917.65,
        105917.67,
        105888.76,
        105917.65,
        105917.65,
        105917.65,
        105917.65,
        105917.65,
        105917.65,
        105917.65,
        105917.65,
        105917.65,
        105917.65,
        105917.65,
        105917.65,
        105870.84999999999,
        105873.93,
        105891.12,
        105872.87999999999,
        105872.67,
        105870.03,
        105765.84999999999,
        105763.70999999999,
        105763.73999999999
    ]
}