{
    "virtual_best": 9547.98,
    "single_best": 113816.0,
    "passive_learning": 293954.58,
    "active_learning": [
        185040.44,
        149006.53999999998,
        148684.5,
        221219.2,
        257227.77999999997,
        221127.94,
        221226.75,
        218564.28999999998,
        254328.40999999997,
        218336.96999999997,
        218325.14,
        218324.24,
        254207.55,
        218225.90999999997,
        326931.82,
        290919.18,
        257918.27999999997,
        290983.47,
        258363.05,
        294407.08,
        291126.69,
        257710.21000000002,
        257716.22999999998,
        260663.84999999998,
        260660.21000000002,
        224674.27000000002,
        260701.86,
        224666.45,
        188950.12,
        186158.71999999997,
        222552.87,
        219534.08000000002,
        221952.59999999998,
        221952.59999999998,
        221952.59999999998,
        221556.76,
        255124.91999999998,
        221962.99,
        221962.99,
        221962.99,
        221962.99,
        221962.99,
        221962.99,
        188956.81,
        188956.81,
        188956.81,
        188956.81,
        188956.81,
        188956.81,
        188956.81,
        188956.81,
        188956.81,
        222001.19,
        222001.19,
        222001.19,
        222001.19,
        222001.19,
        222001.19,
        222001.19,
        221998.57,
        221960.02000000002,
        293954.51,
        293946.76,
        291536.75,
        293954.45,
        293954.45,
        293947.2,
        293946.71
    ]
}