{
    "virtual_best": 1788.07,
    "single_best": 291681.4,
    "passive_learning": 2091.65,
    "active_learning": [
        253886.64,
        110023.05,
        110091.86,
        110133.70999999999,
        2617.05,
        110183.13,
        2604.39,
        2604.39,
        2615.84,
        2608.77,
        2608.77,
        2429.86,
        2430.11,
        2430.11,
        2430.11,
        38244.229999999996,
        38244.229999999996,
        38244.229999999996,
        38244.229999999996,
        2430.33,
        2430.33,
        2430.33,
        2430.1,
        2430.1,
        2430.33,
        2430.33,
        2430.11,
        2430.11,
        2430.11,
        38243.759999999995,
        2429.86,
        2429.86,
        2429.86,
        2429.86,
        2429.86,
        2429.86,
        2429.86,
        2429.86,
        2429.86,
        2429.86,
        2429.86,
        2429.86,
        2429.86,
        2429.86,
        2429.86,
        2429.86,
        2429.85,
        2419.6800000000003,
        2429.86,
        2099.4300000000003,
        2098.54,
        2099.1800000000003,
        2099.39,
        2099.37,
        2099.65,
        2091.41,
        2091.66,
        2091.39,
        2091.62,
        2091.4,
        2091.4,
        2091.67,
        2091.42,
        2091.31,
        2091.31
    ]
}