{
    "virtual_best": 7505.91,
    "single_best": 8297.97,
    "passive_learning": 8285.18,
    "active_learning": [
        226000.08000000002,
        225805.25,
        225805.28,
        225863.97,
        8376.01,
        225791.75,
        80009.09,
        151789.08000000002,
        8272.29,
        43963.67,
        8222.9,
        8222.98,
        8222.949999999999,
        8222.949999999999,
        80248.33,
        223452.47,
        223452.47,
        223452.47,
        223452.47,
        8201.74,
        8201.74,
        8201.74,
        8202.21,
        8202.21,
        8202.21,
        8222.9,
        8222.9,
        8185.55,
        8222.949999999999,
        223456.92,
        8167.97,
        8167.97,
        8167.97,
        8167.97,
        8167.97,
        8167.97,
        8167.97,
        8167.97,
        8167.97,
        8167.97,
        8167.97,
        8167.97,
        8167.97,
        8167.97,
        8167.97,
        8167.97,
        8222.949999999999,
        8222.93,
        8222.93,
        8998.61,
        8631.04,
        8339.72,
        8339.72,
        8339.7,
        8339.7,
        8304.34,
        8285.2,
        8287.52,
        8252.22,
        8227.75,
        8285.18,
        8227.77,
        8227.75,
        8227.75,
        8227.75
    ]
}