{
    "virtual_best": 2939.35,
    "single_best": 269252.07,
    "passive_learning": 474263.89,
    "active_learning": [
        437839.95,
        581379.96,
        403734.02,
        439555.79,
        439733.38,
        439098.85000000003,
        402636.08,
        366033.49,
        367020.48,
        440291.32,
        546804.49,
        546342.4299999999,
        437915.94,
        509764.52,
        437299.33,
        473779.43,
        509506.04,
        509313.27,
        472659.27,
        545800.94,
        402119.65,
        473209.43,
        438114.27,
        437412.59,
        437631.14,
        473830.42,
        401227.44,
        545805.7999999999,
        509792.38,
        473666.19,
        437931.15,
        437885.7,
        437964.4,
        437964.4,
        437964.4,
        437964.4,
        437964.4,
        437964.4,
        437964.4,
        437964.4,
        437964.4,
        437964.4,
        437964.4,
        437964.4,
        437964.4,
        437964.4,
        437964.4,
        437964.4,
        437964.4,
        437964.4,
        437964.4,
        437964.4,
        437964.4,
        437964.4,
        510429.52,
        510716.72000000003,
        511192.17,
        367465.53,
        403136.82
    ]
}