{
    "virtual_best": 2684.66,
    "single_best": 257269.01,
    "passive_learning": 184516.9,
    "active_learning": [
        400213.36,
        472174.8,
        435943.73,
        221843.82,
        292296.44,
        220265.02000000002,
        220104.9,
        184585.18,
        221349.66,
        184753.77000000002,
        256410.76,
        184911.24000000002,
        220322.02000000002,
        184071.48,
        185010.06,
        220627.63,
        149734.57,
        184804.07,
        149768.6,
        184835.75,
        113104.42000000001,
        184639.7,
        148834.24000000002,
        220568.84,
        220565.05000000002,
        220920.87,
        184576.85,
        184517.25,
        148989.75,
        184578.53,
        256185.6,
        220312.76,
        220312.79,
        220312.79,
        220312.79,
        220312.79,
        220312.79,
        220312.79,
        220312.79,
        220312.79,
        220312.79,
        220312.79,
        220312.79,
        220312.79,
        220312.79,
        220312.79,
        220312.79,
        220312.79,
        220312.79,
        220312.79,
        220312.79,
        220312.79,
        220312.79,
        220312.79,
        184272.42,
        184660.11000000002,
        148504.81,
        148326.30000000002,
        148849.76
    ]
}