{
    "virtual_best": 8271.09,
    "single_best": 117583.31,
    "passive_learning": 178052.9,
    "active_learning": [
        322974.31,
        323099.57,
        323050.44,
        251158.72,
        322818.44,
        358813.66,
        358847.22,
        322908.18,
        358924.11,
        288512.04000000004,
        288561.42000000004,
        180586.65,
        180588.45,
        180498.12,
        216579.47,
        216411.67,
        179327.57,
        179562.21,
        143643.03999999998,
        143523.6,
        143464.25,
        107454.87,
        177849.48,
        143385.87,
        143526.69,
        143429.1,
        143338.19,
        179639.19,
        178055.77,
        143642.65,
        179639.6
    ]
}