{
    "virtual_best": 3181.54,
    "single_best": 270071.03,
    "passive_learning": 438495.97,
    "active_learning": [
        591737.21,
        512337.14999999997,
        477034.26,
        437886.39999999997,
        475025.29,
        475035.43,
        437446.13,
        438299.3,
        510455.89,
        473626.04,
        330230.52999999997,
        438106.57,
        329917.86,
        402963.70999999996,
        402619.82,
        437872.52999999997,
        438660.64999999997,
        401718.32,
        365639.81,
        365763.76,
        365663.87,
        365636.52999999997,
        437543.79,
        402500.67,
        402523.07,
        402496.1,
        402507.97,
        402297.07999999996,
        402079.89,
        366570.49,
        366020.05,
        401838.0,
        366166.99,
        366166.99,
        401868.5,
        366166.99,
        366174.55,
        365898.57,
        365864.02999999997,
        401826.19,
        366166.99,
        366166.99,
        366124.89,
        366124.89,
        365892.2,
        365884.64,
        366124.89,
        366166.99,
        366166.99,
        366174.55,
        366166.99,
        402137.02999999997,
        365831.32,
        401826.39999999997,
        366166.99,
        366166.99,
        366166.99,
        366166.99,
        402137.02999999997,
        366166.99,
        366166.99,
        366166.99,
        365884.64,
        401820.13,
        365884.64,
        402137.02999999997,
        366166.99,
        402137.02999999997,
        366166.99,
        366180.92,
        366166.99
    ]
}