{
    "virtual_best": 2207.27,
    "single_best": 398218.82,
    "passive_learning": 148023.02,
    "active_learning": [
        328788.38,
        256626.62999999998,
        291696.1,
        220077.53,
        220371.8,
        148919.74,
        185029.96999999997,
        112501.95,
        76388.74,
        147421.78999999998,
        147901.34999999998,
        148008.93,
        184253.99,
        220130.34,
        219595.25,
        147999.5,
        112217.06,
        112289.24,
        112076.06,
        149051.66999999998,
        112019.95,
        112014.42,
        111987.85,
        148234.75999999998,
        148234.75999999998,
        148235.09999999998,
        148238.3,
        184180.53,
        220220.0,
        183960.94999999998,
        183755.61,
        147774.38999999998,
        147774.38999999998,
        147774.38999999998,
        147774.38999999998,
        147774.38999999998,
        147775.21999999997,
        147775.21999999997,
        147775.21999999997,
        147775.21999999997,
        147775.21999999997,
        147775.21999999997,
        147775.21999999997,
        147775.21999999997,
        147775.21999999997,
        111850.55,
        147775.21999999997,
        147775.21999999997,
        147775.21999999997,
        147775.21999999997,
        147775.21999999997,
        147775.21999999997,
        147775.21999999997,
        147775.21999999997,
        147775.21999999997,
        147775.21999999997,
        147775.21999999997,
        147775.21999999997,
        147775.21999999997,
        147775.21999999997,
        147775.21999999997,
        147775.21999999997,
        147775.21999999997,
        147775.21999999997,
        147775.21999999997,
        147775.21999999997,
        147775.21999999997,
        147775.21999999997,
        147775.21999999997,
        147775.21999999997,
        147775.21999999997
    ]
}