{
    "virtual_best": 6739.61,
    "single_best": 111934.57,
    "passive_learning": 110359.71,
    "active_learning": [
        107176.42,
        107245.31,
        77441.29000000001,
        73995.72,
        110305.83,
        74360.16,
        74465.78,
        110096.77,
        74065.54000000001,
        110179.07,
        110110.42,
        108515.54,
        108522.4,
        108508.73,
        108410.26,
        107446.84,
        107228.6,
        71156.2,
        107212.42,
        107212.42,
        107142.17,
        107862.33,
        110478.96,
        110370.15,
        107870.25,
        110429.44,
        110371.71,
        110441.96,
        107800.53,
        107800.53
    ]
}