{
    "virtual_best": 10336.34,
    "single_best": 113896.09,
    "passive_learning": 293115.35,
    "active_learning": [
        222512.63,
        222493.62,
        222493.62,
        222900.51,
        256795.05,
        220582.49,
        218929.18,
        256092.52,
        221293.31,
        221979.67,
        221863.28,
        221969.99,
        257800.3,
        221975.99,
        221269.32,
        221268.84,
        221269.32,
        218846.63,
        221212.81,
        222200.9,
        221411.44,
        222368.14,
        222011.03,
        293477.74,
        260164.86,
        293218.31,
        293118.05,
        259753.63,
        293071.91000000003,
        293071.91000000003
    ]
}